[[1;34mINFO[m] Scanning for projects...
[[1;34mINFO[m] 
[[1;34mINFO[m] [1m------------< [0;36mio.github.hiwepy:axis2-spring-boot-starter[0;1m >-------------[m
[[1;34mINFO[m] [1mBuilding io.github.hiwepy:axis2-spring-boot-starter 2.3.x.20240823.RELEASE[m
[[1;34mINFO[m] [1m--------------------------------[ jar ]---------------------------------[m
Downloading from aiban-tianyin-core: https://aiban-maven.pkg.coding.net/repository/tianyin/core/org/apache/axis2/axis2-adb-codegen/1.8.2/axis2-adb-codegen-1.8.2.pom
Progress (1): 4.1 kB
Progress (1): 6.2 kB
                    
Downloaded from aiban-tianyin-core: https://aiban-maven.pkg.coding.net/repository/tianyin/core/org/apache/axis2/axis2-adb-codegen/1.8.2/axis2-adb-codegen-1.8.2.pom (6.2 kB at 6.1 kB/s)
Downloading from aiban-tianyin-core: https://aiban-maven.pkg.coding.net/repository/tianyin/core/org/apache/axis2/axis2-codegen/1.8.2/axis2-codegen-1.8.2.pom
Progress (1): 3.9 kB
Progress (1): 8.0 kB
Progress (1): 11 kB 
Progress (1): 12 kB
                   
Downloaded from aiban-tianyin-core: https://aiban-maven.pkg.coding.net/repository/tianyin/core/org/apache/axis2/axis2-codegen/1.8.2/axis2-codegen-1.8.2.pom (12 kB at 17 kB/s)
Downloading from aiban-tianyin-core: https://aiban-maven.pkg.coding.net/repository/tianyin/core/com/google/guava/guava/27.0.1-jre/guava-27.0.1-jre.pom
Progress (1): 4.0 kB
Progress (1): 8.1 kB
Progress (1): 8.3 kB
                    
Downloaded from aiban-tianyin-core: https://aiban-maven.pkg.coding.net/repository/tianyin/core/com/google/guava/guava/27.0.1-jre/guava-27.0.1-jre.pom (8.3 kB at 28 kB/s)
Downloading from aiban-tianyin-core: https://aiban-maven.pkg.coding.net/repository/tianyin/core/com/google/guava/guava-parent/27.0.1-jre/guava-parent-27.0.1-jre.pom
Progress (1): 2.6 kB
Progress (1): 6.7 kB
Progress (1): 10 kB 
                   
Downloaded from aiban-tianyin-core: https://aiban-maven.pkg.coding.net/repository/tianyin/core/com/google/guava/guava-parent/27.0.1-jre/guava-parent-27.0.1-jre.pom (10 kB at 34 kB/s)
Downloading from aiban-tianyin-core: https://aiban-maven.pkg.coding.net/repository/tianyin/core/org/checkerframework/checker-qual/2.5.2/checker-qual-2.5.2.pom
Progress (1): 2.5 kB
                    
Downloaded from aiban-tianyin-core: https://aiban-maven.pkg.coding.net/repository/tianyin/core/org/checkerframework/checker-qual/2.5.2/checker-qual-2.5.2.pom (2.5 kB at 8.9 kB/s)
Downloading from aiban-tianyin-core: https://aiban-maven.pkg.coding.net/repository/tianyin/core/com/google/errorprone/error_prone_annotations/2.2.0/error_prone_annotations-2.2.0.pom
Downloaded from aiban-tianyin-core: https://aiban-maven.pkg.coding.net/repository/tianyin/core/com/google/errorprone/error_prone_annotations/2.2.0/error_prone_annotations-2.2.0.pom (0 B at 0 B/s)
Downloading from aiban-tianyin-core: https://aiban-maven.pkg.coding.net/repository/tianyin/core/com/google/errorprone/error_prone_parent/2.2.0/error_prone_parent-2.2.0.pom
Downloaded from aiban-tianyin-core: https://aiban-maven.pkg.coding.net/repository/tianyin/core/com/google/errorprone/error_prone_parent/2.2.0/error_prone_parent-2.2.0.pom (0 B at 0 B/s)
Downloading from aiban-tianyin-core: https://aiban-maven.pkg.coding.net/repository/tianyin/core/com/google/j2objc/j2objc-annotations/1.1/j2objc-annotations-1.1.pom
Downloaded from aiban-tianyin-core: https://aiban-maven.pkg.coding.net/repository/tianyin/core/com/google/j2objc/j2objc-annotations/1.1/j2objc-annotations-1.1.pom (0 B at 0 B/s)
Downloading from aiban-tianyin-core: https://aiban-maven.pkg.coding.net/repository/tianyin/core/org/codehaus/mojo/animal-sniffer-annotations/1.17/animal-sniffer-annotations-1.17.pom
Progress (1): 2.6 kB
                    
Downloaded from aiban-tianyin-core: https://aiban-maven.pkg.coding.net/repository/tianyin/core/org/codehaus/mojo/animal-sniffer-annotations/1.17/animal-sniffer-annotations-1.17.pom (2.6 kB at 9.3 kB/s)
Downloading from aiban-tianyin-core: https://aiban-maven.pkg.coding.net/repository/tianyin/core/org/codehaus/mojo/animal-sniffer-parent/1.17/animal-sniffer-parent-1.17.pom
Progress (1): 2.6 kB
Progress (1): 5.4 kB
Progress (1): 8.6 kB
                    
Downloaded from aiban-tianyin-core: https://aiban-maven.pkg.coding.net/repository/tianyin/core/org/codehaus/mojo/animal-sniffer-parent/1.17/animal-sniffer-parent-1.17.pom (8.6 kB at 25 kB/s)
Downloading from aiban-tianyin-core: https://aiban-maven.pkg.coding.net/repository/tianyin/core/org/codehaus/mojo/mojo-parent/40/mojo-parent-40.pom
Downloaded from aiban-tianyin-core: https://aiban-maven.pkg.coding.net/repository/tianyin/core/org/codehaus/mojo/mojo-parent/40/mojo-parent-40.pom (0 B at 0 B/s)
Downloading from aiban-tianyin-core: https://aiban-maven.pkg.coding.net/repository/tianyin/core/org/apache/axis2/axis2-corba/1.8.2/axis2-corba-1.8.2.pom
Progress (1): 4.0 kB
                    
Downloaded from aiban-tianyin-core: https://aiban-maven.pkg.coding.net/repository/tianyin/core/org/apache/axis2/axis2-corba/1.8.2/axis2-corba-1.8.2.pom (4.0 kB at 5.0 kB/s)
Downloading from aiban-tianyin-core: https://aiban-maven.pkg.coding.net/repository/tianyin/core/antlr/antlr/2.7.7/antlr-2.7.7.pom
Downloaded from aiban-tianyin-core: https://aiban-maven.pkg.coding.net/repository/tianyin/core/antlr/antlr/2.7.7/antlr-2.7.7.pom (0 B at 0 B/s)
Downloading from aiban-tianyin-core: https://aiban-maven.pkg.coding.net/repository/tianyin/core/org/apache/axis2/axis2-metadata/1.8.2/axis2-metadata-1.8.2.pom
Progress (1): 2.6 kB
Progress (1): 5.5 kB
Progress (1): 8.3 kB
Progress (1): 9.2 kB
                    
Downloaded from aiban-tianyin-core: https://aiban-maven.pkg.coding.net/repository/tianyin/core/org/apache/axis2/axis2-metadata/1.8.2/axis2-metadata-1.8.2.pom (9.2 kB at 17 kB/s)
Downloading from aiban-tianyin-core: https://aiban-maven.pkg.coding.net/repository/tianyin/core/org/apache/geronimo/specs/geronimo-jaxws_2.2_spec/1.2/geronimo-jaxws_2.2_spec-1.2.pom
Progress (1): 2.6 kB
Progress (1): 5.0 kB
                    
Downloaded from aiban-tianyin-core: https://aiban-maven.pkg.coding.net/repository/tianyin/core/org/apache/geronimo/specs/geronimo-jaxws_2.2_spec/1.2/geronimo-jaxws_2.2_spec-1.2.pom (5.0 kB at 8.7 kB/s)
Downloading from aiban-tianyin-core: https://aiban-maven.pkg.coding.net/repository/tianyin/core/org/apache/axis2/axis2-saaj/1.8.2/axis2-saaj-1.8.2.pom
Progress (1): 4.0 kB
Progress (1): 6.6 kB
Progress (1): 7.3 kB
                    
Downloaded from aiban-tianyin-core: https://aiban-maven.pkg.coding.net/repository/tianyin/core/org/apache/axis2/axis2-saaj/1.8.2/axis2-saaj-1.8.2.pom (7.3 kB at 10.0 kB/s)
Downloading from aiban-tianyin-core: https://aiban-maven.pkg.coding.net/repository/tianyin/core/org/apache/logging/log4j/log4j-jcl/2.13.2/log4j-jcl-2.13.2.pom
Progress (1): 4.1 kB
Progress (1): 6.8 kB
Progress (1): 7.1 kB
                    
Downloaded from aiban-tianyin-core: https://aiban-maven.pkg.coding.net/repository/tianyin/core/org/apache/logging/log4j/log4j-jcl/2.13.2/log4j-jcl-2.13.2.pom (7.1 kB at 12 kB/s)
Downloading from aiban-tianyin-core: https://aiban-maven.pkg.coding.net/repository/tianyin/core/xml-resolver/xml-resolver/1.2/xml-resolver-1.2.pom
Progress (1): 1.6 kB
                    
Downloaded from aiban-tianyin-core: https://aiban-maven.pkg.coding.net/repository/tianyin/core/xml-resolver/xml-resolver/1.2/xml-resolver-1.2.pom (1.6 kB at 5.0 kB/s)
Downloading from aiban-tianyin-core: https://aiban-maven.pkg.coding.net/repository/tianyin/core/org/apache/apache/3/apache-3.pom
Downloaded from aiban-tianyin-core: https://aiban-maven.pkg.coding.net/repository/tianyin/core/org/apache/apache/3/apache-3.pom (0 B at 0 B/s)
Downloading from aiban-tianyin-core: https://aiban-maven.pkg.coding.net/repository/tianyin/core/com/sun/xml/ws/jaxws-tools/4.0.3/jaxws-tools-4.0.3.pom
Progress (1): 4.1 kB
Progress (1): 8.2 kB
Progress (1): 12 kB 
                   
Downloaded from aiban-tianyin-core: https://aiban-maven.pkg.coding.net/repository/tianyin/core/com/sun/xml/ws/jaxws-tools/4.0.3/jaxws-tools-4.0.3.pom (12 kB at 26 kB/s)
Downloading from aiban-tianyin-core: https://aiban-maven.pkg.coding.net/repository/tianyin/core/com/sun/xml/ws/bundles/4.0.3/bundles-4.0.3.pom
Progress (1): 1.6 kB
                    
Downloaded from aiban-tianyin-core: https://aiban-maven.pkg.coding.net/repository/tianyin/core/com/sun/xml/ws/bundles/4.0.3/bundles-4.0.3.pom (1.6 kB at 5.3 kB/s)
Downloading from aiban-tianyin-core: https://aiban-maven.pkg.coding.net/repository/tianyin/core/com/sun/xml/ws/project/4.0.3/project-4.0.3.pom
Progress (1): 4.0 kB
Progress (1): 8.1 kB
Progress (1): 11 kB 
Progress (1): 14 kB
Progress (1): 18 kB
Progress (1): 22 kB
Progress (1): 26 kB
Progress (1): 30 kB
Progress (1): 34 kB
Progress (1): 38 kB
Progress (1): 40 kB
Progress (1): 42 kB
                   
Downloaded from aiban-tianyin-core: https://aiban-maven.pkg.coding.net/repository/tianyin/core/com/sun/xml/ws/project/4.0.3/project-4.0.3.pom (42 kB at 115 kB/s)
Downloading from aiban-tianyin-core: https://aiban-maven.pkg.coding.net/repository/tianyin/core/com/sun/xml/ws/jaxws-ri-bom-ext/4.0.3/jaxws-ri-bom-ext-4.0.3.pom
Progress (1): 4.0 kB
Progress (1): 4.2 kB
                    
Downloaded from aiban-tianyin-core: https://aiban-maven.pkg.coding.net/repository/tianyin/core/com/sun/xml/ws/jaxws-ri-bom-ext/4.0.3/jaxws-ri-bom-ext-4.0.3.pom (4.2 kB at 11 kB/s)
Downloading from aiban-tianyin-core: https://aiban-maven.pkg.coding.net/repository/tianyin/core/com/sun/xml/bind/jaxb-jxc/4.0.5/jaxb-jxc-4.0.5.pom
Downloaded from aiban-tianyin-core: https://aiban-maven.pkg.coding.net/repository/tianyin/core/com/sun/xml/bind/jaxb-jxc/4.0.5/jaxb-jxc-4.0.5.pom (0 B at 0 B/s)
Downloading from aiban-tianyin-core: https://aiban-maven.pkg.coding.net/repository/tianyin/core/org/apache/axis2/axis2-jaxbri/1.7.9/axis2-jaxbri-1.7.9.pom
Progress (1): 4.0 kB
Progress (1): 8.1 kB
Progress (1): 12 kB 
Progress (1): 15 kB
Progress (1): 17 kB
                   
Downloaded from aiban-tianyin-core: https://aiban-maven.pkg.coding.net/repository/tianyin/core/org/apache/axis2/axis2-jaxbri/1.7.9/axis2-jaxbri-1.7.9.pom (17 kB at 23 kB/s)
Downloading from aiban-tianyin-core: https://aiban-maven.pkg.coding.net/repository/tianyin/core/org/apache/axis2/axis2/1.7.9/axis2-1.7.9.pom
Progress (1): 4.1 kB
Progress (1): 8.2 kB
Progress (1): 12 kB 
Progress (1): 15 kB
Progress (1): 19 kB
Progress (1): 22 kB
Progress (1): 25 kB
Progress (1): 29 kB
Progress (1): 33 kB
Progress (1): 37 kB
Progress (1): 42 kB
Progress (1): 45 kB
Progress (1): 49 kB
Progress (1): 53 kB
Progress (1): 57 kB
Progress (1): 61 kB
Progress (1): 62 kB
                   
Downloaded from aiban-tianyin-core: https://aiban-maven.pkg.coding.net/repository/tianyin/core/org/apache/axis2/axis2/1.7.9/axis2-1.7.9.pom (62 kB at 71 kB/s)
Downloading from aiban-tianyin-core: https://aiban-maven.pkg.coding.net/repository/tianyin/core/org/apache/ws/commons/axiom/axiom-jaxb/1.2.21/axiom-jaxb-1.2.21.pom
Progress (1): 2.6 kB
Progress (1): 4.3 kB
                    
Downloaded from aiban-tianyin-core: https://aiban-maven.pkg.coding.net/repository/tianyin/core/org/apache/ws/commons/axiom/axiom-jaxb/1.2.21/axiom-jaxb-1.2.21.pom (4.3 kB at 5.7 kB/s)
Downloading from aiban-tianyin-core: https://aiban-maven.pkg.coding.net/repository/tianyin/core/org/apache/ws/commons/axiom/axiom/1.2.21/axiom-1.2.21.pom
Progress (1): 4.0 kB
Progress (1): 8.1 kB
Progress (1): 12 kB 
Progress (1): 15 kB
Progress (1): 18 kB
Progress (1): 22 kB
Progress (1): 26 kB
Progress (1): 30 kB
Progress (1): 34 kB
Progress (1): 38 kB
Progress (1): 41 kB
Progress (1): 43 kB
Progress (1): 47 kB
Progress (1): 51 kB
Progress (1): 55 kB
Progress (1): 59 kB
Progress (1): 62 kB
                   
Downloaded from aiban-tianyin-core: https://aiban-maven.pkg.coding.net/repository/tianyin/core/org/apache/ws/commons/axiom/axiom/1.2.21/axiom-1.2.21.pom (62 kB at 139 kB/s)
Downloading from aiban-tianyin-core: https://aiban-maven.pkg.coding.net/repository/tianyin/core/com/sun/xml/bind/jaxb-xjc/4.0.5/jaxb-xjc-4.0.5.pom
Downloaded from aiban-tianyin-core: https://aiban-maven.pkg.coding.net/repository/tianyin/core/com/sun/xml/bind/jaxb-xjc/4.0.5/jaxb-xjc-4.0.5.pom (0 B at 0 B/s)
Downloading from aiban-tianyin-core: https://aiban-maven.pkg.coding.net/repository/tianyin/core/org/apache/axis2/axis2-jibx/1.8.2/axis2-jibx-1.8.2.pom
Progress (1): 4.1 kB
Progress (1): 8.2 kB
Progress (1): 12 kB 
Progress (1): 13 kB
                   
Downloaded from aiban-tianyin-core: https://aiban-maven.pkg.coding.net/repository/tianyin/core/org/apache/axis2/axis2-jibx/1.8.2/axis2-jibx-1.8.2.pom (13 kB at 21 kB/s)
Downloading from aiban-tianyin-core: https://aiban-maven.pkg.coding.net/repository/tianyin/core/org/jibx/jibx-run/1.3.3/jibx-run-1.3.3.pom
Progress (1): 2.6 kB
Progress (1): 2.7 kB
                    
Downloaded from aiban-tianyin-core: https://aiban-maven.pkg.coding.net/repository/tianyin/core/org/jibx/jibx-run/1.3.3/jibx-run-1.3.3.pom (2.7 kB at 7.5 kB/s)
Downloading from aiban-tianyin-core: https://aiban-maven.pkg.coding.net/repository/tianyin/core/org/jibx/config/main-reactor/1.3.3/main-reactor-1.3.3.pom
Progress (1): 1.5 kB
                    
Downloaded from aiban-tianyin-core: https://aiban-maven.pkg.coding.net/repository/tianyin/core/org/jibx/config/main-reactor/1.3.3/main-reactor-1.3.3.pom (1.5 kB at 3.8 kB/s)
Downloading from aiban-tianyin-core: https://aiban-maven.pkg.coding.net/repository/tianyin/core/org/jibx/config/core-reactor/1.3.3/core-reactor-1.3.3.pom
Progress (1): 1.0 kB
                    
Downloaded from aiban-tianyin-core: https://aiban-maven.pkg.coding.net/repository/tianyin/core/org/jibx/config/core-reactor/1.3.3/core-reactor-1.3.3.pom (1.0 kB at 3.1 kB/s)
Downloading from aiban-tianyin-core: https://aiban-maven.pkg.coding.net/repository/tianyin/core/org/jibx/config/jibx-parent/7.1.6/jibx-parent-7.1.6.pom
Progress (1): 4.0 kB
Progress (1): 8.1 kB
Progress (1): 12 kB 
Progress (1): 15 kB
Progress (1): 19 kB
                   
Downloaded from aiban-tianyin-core: https://aiban-maven.pkg.coding.net/repository/tianyin/core/org/jibx/config/jibx-parent/7.1.6/jibx-parent-7.1.6.pom (19 kB at 45 kB/s)
Downloading from aiban-tianyin-core: https://aiban-maven.pkg.coding.net/repository/tianyin/core/joda-time/joda-time/2.10.5/joda-time-2.10.5.pom
Progress (1): 4.0 kB
Progress (1): 8.1 kB
Progress (1): 11 kB 
Progress (1): 15 kB
Progress (1): 18 kB
Progress (1): 21 kB
Progress (1): 25 kB
Progress (1): 29 kB
Progress (1): 33 kB
Progress (1): 36 kB
Progress (1): 37 kB
                   
Downloaded from aiban-tianyin-core: https://aiban-maven.pkg.coding.net/repository/tianyin/core/joda-time/joda-time/2.10.5/joda-time-2.10.5.pom (37 kB at 101 kB/s)
Downloading from aiban-tianyin-core: https://aiban-maven.pkg.coding.net/repository/tianyin/core/xpp3/xpp3/1.1.3.4.O/xpp3-1.1.3.4.O.pom
Progress (1): 634 B
                   
Downloaded from aiban-tianyin-core: https://aiban-maven.pkg.coding.net/repository/tianyin/core/xpp3/xpp3/1.1.3.4.O/xpp3-1.1.3.4.O.pom (634 B at 1.6 kB/s)
Downloading from aiban-tianyin-core: https://aiban-maven.pkg.coding.net/repository/tianyin/core/org/apache/axis2/axis2-jaxws/1.8.2/axis2-jaxws-1.8.2.pom
Progress (1): 3.9 kB
Progress (1): 8.0 kB
Progress (1): 11 kB 
Progress (1): 14 kB
Progress (1): 16 kB
                   
Downloaded from aiban-tianyin-core: https://aiban-maven.pkg.coding.net/repository/tianyin/core/org/apache/axis2/axis2-jaxws/1.8.2/axis2-jaxws-1.8.2.pom (16 kB at 24 kB/s)
Downloading from aiban-tianyin-core: https://aiban-maven.pkg.coding.net/repository/tianyin/core/org/apache/geronimo/specs/geronimo-annotation_1.0_spec/1.1.1/geronimo-annotation_1.0_spec-1.1.1.pom
Progress (1): 2.2 kB
                    
Downloaded from aiban-tianyin-core: https://aiban-maven.pkg.coding.net/repository/tianyin/core/org/apache/geronimo/specs/geronimo-annotation_1.0_spec/1.1.1/geronimo-annotation_1.0_spec-1.1.1.pom (2.2 kB at 6.3 kB/s)
Downloading from aiban-tianyin-core: https://aiban-maven.pkg.coding.net/repository/tianyin/core/org/apache/geronimo/specs/specs/1.4/specs-1.4.pom
Downloaded from aiban-tianyin-core: https://aiban-maven.pkg.coding.net/repository/tianyin/core/org/apache/geronimo/specs/specs/1.4/specs-1.4.pom (0 B at 0 B/s)
Downloading from aiban-tianyin-core: https://aiban-maven.pkg.coding.net/repository/tianyin/core/org/apache/geronimo/genesis/config/project-config/1.2/project-config-1.2.pom
Downloaded from aiban-tianyin-core: https://aiban-maven.pkg.coding.net/repository/tianyin/core/org/apache/geronimo/genesis/config/project-config/1.2/project-config-1.2.pom (0 B at 0 B/s)
Downloading from aiban-tianyin-core: https://aiban-maven.pkg.coding.net/repository/tianyin/core/org/apache/geronimo/genesis/config/config/1.2/config-1.2.pom
Downloaded from aiban-tianyin-core: https://aiban-maven.pkg.coding.net/repository/tianyin/core/org/apache/geronimo/genesis/config/config/1.2/config-1.2.pom (0 B at 0 B/s)
Downloading from aiban-tianyin-core: https://aiban-maven.pkg.coding.net/repository/tianyin/core/org/apache/geronimo/genesis/genesis/1.2/genesis-1.2.pom
Downloaded from aiban-tianyin-core: https://aiban-maven.pkg.coding.net/repository/tianyin/core/org/apache/geronimo/genesis/genesis/1.2/genesis-1.2.pom (0 B at 0 B/s)
Downloading from aiban-tianyin-core: https://aiban-maven.pkg.coding.net/repository/tianyin/core/org/glassfish/jaxb/jaxb-xjc/2.3.3/jaxb-xjc-2.3.3.pom
Progress (1): 2.6 kB
Progress (1): 6.7 kB
Progress (1): 11 kB 
                   
Downloaded from aiban-tianyin-core: https://aiban-maven.pkg.coding.net/repository/tianyin/core/org/glassfish/jaxb/jaxb-xjc/2.3.3/jaxb-xjc-2.3.3.pom (11 kB at 28 kB/s)
Downloading from aiban-tianyin-core: https://aiban-maven.pkg.coding.net/repository/tianyin/core/org/glassfish/jaxb/xsom/2.3.3/xsom-2.3.3.pom
Progress (1): 2.6 kB
Progress (1): 6.7 kB
Progress (1): 11 kB 
Progress (1): 15 kB
Progress (1): 18 kB
Progress (1): 19 kB
                   
Downloaded from aiban-tianyin-core: https://aiban-maven.pkg.coding.net/repository/tianyin/core/org/glassfish/jaxb/xsom/2.3.3/xsom-2.3.3.pom (19 kB at 45 kB/s)
Downloading from aiban-tianyin-core: https://aiban-maven.pkg.coding.net/repository/tianyin/core/com/sun/xml/bind/external/relaxng-datatype/4.0.5/relaxng-datatype-4.0.5.pom
Downloaded from aiban-tianyin-core: https://aiban-maven.pkg.coding.net/repository/tianyin/core/com/sun/xml/bind/external/relaxng-datatype/4.0.5/relaxng-datatype-4.0.5.pom (0 B at 0 B/s)
Downloading from aiban-tianyin-core: https://aiban-maven.pkg.coding.net/repository/tianyin/core/com/sun/xml/bind/mvn/jaxb-external-parent/4.0.5/jaxb-external-parent-4.0.5.pom
Downloaded from aiban-tianyin-core: https://aiban-maven.pkg.coding.net/repository/tianyin/core/com/sun/xml/bind/mvn/jaxb-external-parent/4.0.5/jaxb-external-parent-4.0.5.pom (0 B at 0 B/s)
Downloading from aiban-tianyin-core: https://aiban-maven.pkg.coding.net/repository/tianyin/core/org/glassfish/jaxb/codemodel/2.3.3/codemodel-2.3.3.pom
Progress (1): 1.6 kB
                    
Downloaded from aiban-tianyin-core: https://aiban-maven.pkg.coding.net/repository/tianyin/core/org/glassfish/jaxb/codemodel/2.3.3/codemodel-2.3.3.pom (1.6 kB at 5.1 kB/s)
Downloading from aiban-tianyin-core: https://aiban-maven.pkg.coding.net/repository/tianyin/core/com/sun/xml/bind/external/rngom/2.3.3/rngom-2.3.3.pom
Progress (1): 2.3 kB
                    
Downloaded from aiban-tianyin-core: https://aiban-maven.pkg.coding.net/repository/tianyin/core/com/sun/xml/bind/external/rngom/2.3.3/rngom-2.3.3.pom (2.3 kB at 3.4 kB/s)
Downloading from aiban-tianyin-core: https://aiban-maven.pkg.coding.net/repository/tianyin/core/com/sun/xml/bind/mvn/jaxb-external-parent/2.3.3/jaxb-external-parent-2.3.3.pom
Progress (1): 2.6 kB
Progress (1): 6.7 kB
Progress (1): 11 kB 
Progress (1): 13 kB
                   
Downloaded from aiban-tianyin-core: https://aiban-maven.pkg.coding.net/repository/tianyin/core/com/sun/xml/bind/mvn/jaxb-external-parent/2.3.3/jaxb-external-parent-2.3.3.pom (13 kB at 22 kB/s)
Downloading from aiban-tianyin-core: https://aiban-maven.pkg.coding.net/repository/tianyin/core/com/sun/xml/dtd-parser/dtd-parser/1.4.3/dtd-parser-1.4.3.pom
Progress (1): 4.1 kB
Progress (1): 8.2 kB
Progress (1): 12 kB 
Progress (1): 12 kB
                   
Downloaded from aiban-tianyin-core: https://aiban-maven.pkg.coding.net/repository/tianyin/core/com/sun/xml/dtd-parser/dtd-parser/1.4.3/dtd-parser-1.4.3.pom (12 kB at 22 kB/s)
Downloading from aiban-tianyin-core: https://aiban-maven.pkg.coding.net/repository/tianyin/core/com/sun/istack/istack-commons-tools/3.0.11/istack-commons-tools-3.0.11.pom
Progress (1): 3.1 kB
                    
Downloaded from aiban-tianyin-core: https://aiban-maven.pkg.coding.net/repository/tianyin/core/com/sun/istack/istack-commons-tools/3.0.11/istack-commons-tools-3.0.11.pom (3.1 kB at 5.4 kB/s)
Downloading from aiban-tianyin-core: https://aiban-maven.pkg.coding.net/repository/tianyin/core/org/apache/axis2/axis2-jaxws-api/1.4.1/axis2-jaxws-api-1.4.1.pom
Progress (1): 2.6 kB
Progress (1): 3.3 kB
                    
Downloaded from aiban-tianyin-core: https://aiban-maven.pkg.coding.net/repository/tianyin/core/org/apache/axis2/axis2-jaxws-api/1.4.1/axis2-jaxws-api-1.4.1.pom (3.3 kB at 8.7 kB/s)
Downloading from aiban-tianyin-core: https://aiban-maven.pkg.coding.net/repository/tianyin/core/org/apache/axis2/axis2-parent/1.4.1/axis2-parent-1.4.1.pom
Progress (1): 4.1 kB
Progress (1): 8.2 kB
Progress (1): 11 kB 
Progress (1): 14 kB
Progress (1): 18 kB
Progress (1): 22 kB
Progress (1): 25 kB
Progress (1): 28 kB
Progress (1): 31 kB
Progress (1): 34 kB
Progress (1): 36 kB
Progress (1): 39 kB
Progress (1): 43 kB
Progress (1): 47 kB
Progress (1): 49 kB
                   
Downloaded from aiban-tianyin-core: https://aiban-maven.pkg.coding.net/repository/tianyin/core/org/apache/axis2/axis2-parent/1.4.1/axis2-parent-1.4.1.pom (49 kB at 101 kB/s)
Downloading from aiban-tianyin-core: https://aiban-maven.pkg.coding.net/repository/tianyin/core/org/apache/axis2/axis2-saaj-api/1.4.1/axis2-saaj-api-1.4.1.pom
Progress (1): 2.6 kB
Progress (1): 3.0 kB
                    
Downloaded from aiban-tianyin-core: https://aiban-maven.pkg.coding.net/repository/tianyin/core/org/apache/axis2/axis2-saaj-api/1.4.1/axis2-saaj-api-1.4.1.pom (3.0 kB at 8.0 kB/s)
Downloading from aiban-tianyin-core: https://aiban-maven.pkg.coding.net/repository/tianyin/core/org/apache/geronimo/specs/geronimo-javamail_1.4_spec/1.2/geronimo-javamail_1.4_spec-1.2.pom
Progress (1): 2.6 kB
Progress (1): 2.6 kB
                    
Downloaded from aiban-tianyin-core: https://aiban-maven.pkg.coding.net/repository/tianyin/core/org/apache/geronimo/specs/geronimo-javamail_1.4_spec/1.2/geronimo-javamail_1.4_spec-1.2.pom (2.6 kB at 6.3 kB/s)
Downloading from aiban-tianyin-core: https://aiban-maven.pkg.coding.net/repository/tianyin/core/org/apache/geronimo/specs/specs/1.3/specs-1.3.pom
Progress (1): 4.0 kB
Progress (1): 7.0 kB
                    
Downloaded from aiban-tianyin-core: https://aiban-maven.pkg.coding.net/repository/tianyin/core/org/apache/geronimo/specs/specs/1.3/specs-1.3.pom (7.0 kB at 18 kB/s)
Downloading from aiban-tianyin-core: https://aiban-maven.pkg.coding.net/repository/tianyin/core/org/apache/geronimo/genesis/config/project-config/1.1/project-config-1.1.pom
Progress (1): 2.6 kB
Progress (1): 6.7 kB
Progress (1): 9.7 kB
Progress (1): 14 kB 
Progress (1): 14 kB
                   
Downloaded from aiban-tianyin-core: https://aiban-maven.pkg.coding.net/repository/tianyin/core/org/apache/geronimo/genesis/config/project-config/1.1/project-config-1.1.pom (14 kB at 37 kB/s)
Downloading from aiban-tianyin-core: https://aiban-maven.pkg.coding.net/repository/tianyin/core/org/apache/geronimo/genesis/config/config/1.1/config-1.1.pom
Progress (1): 670 B
                   
Downloaded from aiban-tianyin-core: https://aiban-maven.pkg.coding.net/repository/tianyin/core/org/apache/geronimo/genesis/config/config/1.1/config-1.1.pom (670 B at 1.1 kB/s)
Downloading from aiban-tianyin-core: https://aiban-maven.pkg.coding.net/repository/tianyin/core/org/apache/geronimo/genesis/genesis/1.1/genesis-1.1.pom
Progress (1): 4.0 kB
Progress (1): 6.8 kB
Progress (1): 6.8 kB
                    
Downloaded from aiban-tianyin-core: https://aiban-maven.pkg.coding.net/repository/tianyin/core/org/apache/geronimo/genesis/genesis/1.1/genesis-1.1.pom (6.8 kB at 15 kB/s)
Downloading from aiban-tianyin-core: https://aiban-maven.pkg.coding.net/repository/tianyin/core/org/apache/geronimo/specs/geronimo-activation_1.1_spec/1.0.1/geronimo-activation_1.1_spec-1.0.1.pom
Progress (1): 2.3 kB
                    
Downloaded from aiban-tianyin-core: https://aiban-maven.pkg.coding.net/repository/tianyin/core/org/apache/geronimo/specs/geronimo-activation_1.1_spec/1.0.1/geronimo-activation_1.1_spec-1.0.1.pom (2.3 kB at 6.4 kB/s)
Downloading from aiban-tianyin-core: https://aiban-maven.pkg.coding.net/repository/tianyin/core/org/codehaus/woodstox/wstx-asl/3.2.4/wstx-asl-3.2.4.pom
Progress (1): 1.3 kB
                    
Downloaded from aiban-tianyin-core: https://aiban-maven.pkg.coding.net/repository/tianyin/core/org/codehaus/woodstox/wstx-asl/3.2.4/wstx-asl-3.2.4.pom (1.3 kB at 4.2 kB/s)
Downloading from aiban-tianyin-core: https://aiban-maven.pkg.coding.net/repository/tianyin/core/org/apache/geronimo/specs/geronimo-stax-api_1.0_spec/1.0.1/geronimo-stax-api_1.0_spec-1.0.1.pom
Progress (1): 2.2 kB
                    
Downloaded from aiban-tianyin-core: https://aiban-maven.pkg.coding.net/repository/tianyin/core/org/apache/geronimo/specs/geronimo-stax-api_1.0_spec/1.0.1/geronimo-stax-api_1.0_spec-1.0.1.pom (2.2 kB at 6.8 kB/s)
Downloading from aiban-tianyin-core: https://aiban-maven.pkg.coding.net/repository/tianyin/core/xerces/xercesImpl/2.8.1/xercesImpl-2.8.1.pom
Downloaded from aiban-tianyin-core: https://aiban-maven.pkg.coding.net/repository/tianyin/core/xerces/xercesImpl/2.8.1/xercesImpl-2.8.1.pom (0 B at 0 B/s)
Downloading from aiban-tianyin-core: https://aiban-maven.pkg.coding.net/repository/tianyin/core/org/apache/axis2/axis2-jws-api/1.4.1/axis2-jws-api-1.4.1.pom
Progress (1): 2.6 kB
Progress (1): 2.8 kB
                    
Downloaded from aiban-tianyin-core: https://aiban-maven.pkg.coding.net/repository/tianyin/core/org/apache/axis2/axis2-jws-api/1.4.1/axis2-jws-api-1.4.1.pom (2.8 kB at 7.1 kB/s)
Downloading from aiban-tianyin-core: https://aiban-maven.pkg.coding.net/repository/tianyin/core/org/apache/ant/ant/1.7.0/ant-1.7.0.pom
Progress (1): 2.6 kB
Progress (1): 5.4 kB
Progress (1): 8.3 kB
Progress (1): 9.8 kB
                    
Downloaded from aiban-tianyin-core: https://aiban-maven.pkg.coding.net/repository/tianyin/core/org/apache/ant/ant/1.7.0/ant-1.7.0.pom (9.8 kB at 30 kB/s)
Downloading from aiban-tianyin-core: https://aiban-maven.pkg.coding.net/repository/tianyin/core/org/apache/ant/ant-parent/1.7.0/ant-parent-1.7.0.pom
Progress (1): 4.0 kB
Progress (1): 4.4 kB
                    
Downloaded from aiban-tianyin-core: https://aiban-maven.pkg.coding.net/repository/tianyin/core/org/apache/ant/ant-parent/1.7.0/ant-parent-1.7.0.pom (4.4 kB at 17 kB/s)
Downloading from aiban-tianyin-core: https://aiban-maven.pkg.coding.net/repository/tianyin/core/org/apache/ant/ant-launcher/1.7.0/ant-launcher-1.7.0.pom
Progress (1): 2.4 kB
                    
Downloaded from aiban-tianyin-core: https://aiban-maven.pkg.coding.net/repository/tianyin/core/org/apache/ant/ant-launcher/1.7.0/ant-launcher-1.7.0.pom (2.4 kB at 9.0 kB/s)
Downloading from aiban-tianyin-core: https://aiban-maven.pkg.coding.net/repository/tianyin/core/org/apache/axis2/axis2-json/1.8.2/axis2-json-1.8.2.pom
Progress (1): 4.0 kB
Progress (1): 8.1 kB
Progress (1): 12 kB 
Progress (1): 16 kB
                   
Downloaded from aiban-tianyin-core: https://aiban-maven.pkg.coding.net/repository/tianyin/core/org/apache/axis2/axis2-json/1.8.2/axis2-json-1.8.2.pom (16 kB at 22 kB/s)
Downloading from aiban-tianyin-core: https://aiban-maven.pkg.coding.net/repository/tianyin/core/org/codehaus/jettison/jettison/1.5.0/jettison-1.5.0.pom
Progress (1): 2.6 kB
Progress (1): 6.7 kB
Progress (1): 7.8 kB
                    
Downloaded from aiban-tianyin-core: https://aiban-maven.pkg.coding.net/repository/tianyin/core/org/codehaus/jettison/jettison/1.5.0/jettison-1.5.0.pom (7.8 kB at 12 kB/s)
Downloading from aiban-tianyin-core: https://aiban-maven.pkg.coding.net/repository/tianyin/core/org/owasp/encoder/encoder/1.2.3/encoder-1.2.3.pom
Progress (1): 4.1 kB
                    
Downloaded from aiban-tianyin-core: https://aiban-maven.pkg.coding.net/repository/tianyin/core/org/owasp/encoder/encoder/1.2.3/encoder-1.2.3.pom (4.1 kB at 14 kB/s)
Downloading from aiban-tianyin-core: https://aiban-maven.pkg.coding.net/repository/tianyin/core/org/owasp/encoder/encoder-parent/1.2.3/encoder-parent-1.2.3.pom
Progress (1): 2.6 kB
Progress (1): 6.7 kB
Progress (1): 11 kB 
Progress (1): 14 kB
Progress (1): 16 kB
Progress (1): 19 kB
Progress (1): 20 kB
                   
Downloaded from aiban-tianyin-core: https://aiban-maven.pkg.coding.net/repository/tianyin/core/org/owasp/encoder/encoder-parent/1.2.3/encoder-parent-1.2.3.pom (20 kB at 64 kB/s)
Downloading from aiban-tianyin-core: https://aiban-maven.pkg.coding.net/repository/tianyin/core/org/jetbrains/kotlin/kotlin-stdlib/1.3.72/kotlin-stdlib-1.3.72.pom
Progress (1): 1.8 kB
                    
Downloaded from aiban-tianyin-core: https://aiban-maven.pkg.coding.net/repository/tianyin/core/org/jetbrains/kotlin/kotlin-stdlib/1.3.72/kotlin-stdlib-1.3.72.pom (1.8 kB at 6.0 kB/s)
Downloading from aiban-tianyin-core: https://aiban-maven.pkg.coding.net/repository/tianyin/core/org/jetbrains/kotlin/kotlin-stdlib-common/1.3.72/kotlin-stdlib-common-1.3.72.pom
Downloaded from aiban-tianyin-core: https://aiban-maven.pkg.coding.net/repository/tianyin/core/org/jetbrains/kotlin/kotlin-stdlib-common/1.3.72/kotlin-stdlib-common-1.3.72.pom (0 B at 0 B/s)
Downloading from aiban-tianyin-core: https://aiban-maven.pkg.coding.net/repository/tianyin/core/org/jetbrains/annotations/13.0/annotations-13.0.pom
Downloaded from aiban-tianyin-core: https://aiban-maven.pkg.coding.net/repository/tianyin/core/org/jetbrains/annotations/13.0/annotations-13.0.pom (0 B at 0 B/s)
Downloading from aiban-tianyin-core: https://aiban-maven.pkg.coding.net/repository/tianyin/core/org/jetbrains/kotlin/kotlin-stdlib-jdk8/1.3.72/kotlin-stdlib-jdk8-1.3.72.pom
Progress (1): 1.8 kB
                    
Downloaded from aiban-tianyin-core: https://aiban-maven.pkg.coding.net/repository/tianyin/core/org/jetbrains/kotlin/kotlin-stdlib-jdk8/1.3.72/kotlin-stdlib-jdk8-1.3.72.pom (1.8 kB at 6.5 kB/s)
Downloading from aiban-tianyin-core: https://aiban-maven.pkg.coding.net/repository/tianyin/core/org/jetbrains/kotlin/kotlin-stdlib-jdk7/1.3.72/kotlin-stdlib-jdk7-1.3.72.pom
Downloaded from aiban-tianyin-core: https://aiban-maven.pkg.coding.net/repository/tianyin/core/org/jetbrains/kotlin/kotlin-stdlib-jdk7/1.3.72/kotlin-stdlib-jdk7-1.3.72.pom (0 B at 0 B/s)
Downloading from aiban-tianyin-core: https://aiban-maven.pkg.coding.net/repository/tianyin/core/org/apache/axis2/axis2-mtompolicy/1.8.2/axis2-mtompolicy-1.8.2.pom
Progress (1): 3.6 kB
                    
Downloaded from aiban-tianyin-core: https://aiban-maven.pkg.coding.net/repository/tianyin/core/org/apache/axis2/axis2-mtompolicy/1.8.2/axis2-mtompolicy-1.8.2.pom (3.6 kB at 4.7 kB/s)
Downloading from aiban-tianyin-core: https://aiban-maven.pkg.coding.net/repository/tianyin/core/org/apache/axis2/axis2-spring/1.8.2/axis2-spring-1.8.2.pom
Progress (1): 3.4 kB
                    
Downloaded from aiban-tianyin-core: https://aiban-maven.pkg.coding.net/repository/tianyin/core/org/apache/axis2/axis2-spring/1.8.2/axis2-spring-1.8.2.pom (3.4 kB at 7.8 kB/s)
Downloading from aiban-tianyin-core: https://aiban-maven.pkg.coding.net/repository/tianyin/core/org/springframework/spring-web/5.2.6.RELEASE/spring-web-5.2.6.RELEASE.pom
Progress (1): 1.9 kB
                    
Downloaded from aiban-tianyin-core: https://aiban-maven.pkg.coding.net/repository/tianyin/core/org/springframework/spring-web/5.2.6.RELEASE/spring-web-5.2.6.RELEASE.pom (1.9 kB at 6.4 kB/s)
Downloading from aiban-tianyin-core: https://aiban-maven.pkg.coding.net/repository/tianyin/core/org/apache/axis2/axis2-xmlbeans/1.8.2/axis2-xmlbeans-1.8.2.pom
Progress (1): 4.1 kB
Progress (1): 5.9 kB
                    
Downloaded from aiban-tianyin-core: https://aiban-maven.pkg.coding.net/repository/tianyin/core/org/apache/axis2/axis2-xmlbeans/1.8.2/axis2-xmlbeans-1.8.2.pom (5.9 kB at 6.8 kB/s)
Downloading from aiban-tianyin-core: https://aiban-maven.pkg.coding.net/repository/tianyin/core/org/apache/xmlbeans/xmlbeans/3.0.2/xmlbeans-3.0.2.pom
Progress (1): 2.6 kB
Progress (1): 3.1 kB
                    
Downloaded from aiban-tianyin-core: https://aiban-maven.pkg.coding.net/repository/tianyin/core/org/apache/xmlbeans/xmlbeans/3.0.2/xmlbeans-3.0.2.pom (3.1 kB at 11 kB/s)
Downloading from aiban-tianyin-core: https://aiban-maven.pkg.coding.net/repository/tianyin/core/org/apache/axis2/axis2-transport-base/1.8.2/axis2-transport-base-1.8.2.pom
Progress (1): 2.6 kB
Progress (1): 3.9 kB
                    
Downloaded from aiban-tianyin-core: https://aiban-maven.pkg.coding.net/repository/tianyin/core/org/apache/axis2/axis2-transport-base/1.8.2/axis2-transport-base-1.8.2.pom (3.9 kB at 5.6 kB/s)
Downloading from aiban-tianyin-core: https://aiban-maven.pkg.coding.net/repository/tianyin/core/org/apache/axis2/axis2-transport-jms/1.8.2/axis2-transport-jms-1.8.2.pom
Progress (1): 4.0 kB
Progress (1): 6.5 kB
                    
Downloaded from aiban-tianyin-core: https://aiban-maven.pkg.coding.net/repository/tianyin/core/org/apache/axis2/axis2-transport-jms/1.8.2/axis2-transport-jms-1.8.2.pom (6.5 kB at 8.4 kB/s)
Downloading from aiban-tianyin-core: https://aiban-maven.pkg.coding.net/repository/tianyin/core/org/apache/geronimo/specs/geronimo-jms_1.1_spec/1.1.1/geronimo-jms_1.1_spec-1.1.1.pom
Progress (1): 2.6 kB
                    
Downloaded from aiban-tianyin-core: https://aiban-maven.pkg.coding.net/repository/tianyin/core/org/apache/geronimo/specs/geronimo-jms_1.1_spec/1.1.1/geronimo-jms_1.1_spec-1.1.1.pom (2.6 kB at 8.0 kB/s)
Downloading from aiban-tianyin-core: https://aiban-maven.pkg.coding.net/repository/tianyin/core/org/apache/axis2/axis2-transport-mail/1.8.2/axis2-transport-mail-1.8.2.pom
Progress (1): 2.6 kB
Progress (1): 5.4 kB
                    
Downloaded from aiban-tianyin-core: https://aiban-maven.pkg.coding.net/repository/tianyin/core/org/apache/axis2/axis2-transport-mail/1.8.2/axis2-transport-mail-1.8.2.pom (5.4 kB at 7.6 kB/s)
Downloading from aiban-tianyin-core: https://aiban-maven.pkg.coding.net/repository/tianyin/core/org/apache/axis2/axis2-transport-tcp/1.8.2/axis2-transport-tcp-1.8.2.pom
Progress (1): 2.6 kB
Progress (1): 5.3 kB
Progress (1): 5.6 kB
                    
Downloaded from aiban-tianyin-core: https://aiban-maven.pkg.coding.net/repository/tianyin/core/org/apache/axis2/axis2-transport-tcp/1.8.2/axis2-transport-tcp-1.8.2.pom (5.6 kB at 8.8 kB/s)
Downloading from aiban-tianyin-core: https://aiban-maven.pkg.coding.net/repository/tianyin/core/org/apache/axis2/axis2-transport-udp/1.8.2/axis2-transport-udp-1.8.2.pom
Progress (1): 3.4 kB
                    
Downloaded from aiban-tianyin-core: https://aiban-maven.pkg.coding.net/repository/tianyin/core/org/apache/axis2/axis2-transport-udp/1.8.2/axis2-transport-udp-1.8.2.pom (3.4 kB at 9.5 kB/s)
Downloading from aiban-tianyin-core: https://aiban-maven.pkg.coding.net/repository/tianyin/core/org/apache/axis2/axis2-adb-codegen/1.8.2/axis2-adb-codegen-1.8.2.jar
Downloading from aiban-tianyin-core: https://aiban-maven.pkg.coding.net/repository/tianyin/core/com/google/googlejavaformat/google-java-format/1.7/google-java-format-1.7.jar
Downloading from aiban-tianyin-core: https://aiban-maven.pkg.coding.net/repository/tianyin/core/org/apache/axis2/axis2-codegen/1.8.2/axis2-codegen-1.8.2.jar
Downloading from aiban-tianyin-core: https://aiban-maven.pkg.coding.net/repository/tianyin/core/antlr/antlr/2.7.7/antlr-2.7.7.jar
Downloading from aiban-tianyin-core: https://aiban-maven.pkg.coding.net/repository/tianyin/core/org/apache/axis2/axis2-corba/1.8.2/axis2-corba-1.8.2.jar
Progress (1): 4.1 kB
Progress (1): 6.9 kB
Progress (1): 11 kB 
Progress (1): 14 kB
Progress (1): 17 kB
Progress (1): 21 kB
Progress (1): 25 kB
Progress (1): 29 kB
Progress (1): 33 kB
Progress (1): 37 kB
Progress (1): 39 kB
Progress (1): 42 kB
Progress (1): 46 kB
Progress (1): 50 kB
Progress (1): 54 kB
Progress (1): 58 kB
Progress (1): 62 kB
Progress (1): 66 kB
Progress (1): 70 kB
Progress (1): 74 kB
Progress (1): 78 kB
Progress (1): 83 kB
Progress (1): 87 kB
Progress (1): 91 kB
Progress (1): 95 kB
Progress (1): 99 kB
Progress (1): 103 kB
Progress (1): 107 kB
Progress (1): 111 kB
Progress (1): 115 kB
Progress (1): 119 kB
Progress (1): 123 kB
Progress (1): 128 kB
Progress (1): 132 kB
Progress (1): 136 kB
Progress (1): 140 kB
Progress (1): 144 kB
Progress (1): 148 kB
Progress (1): 152 kB
Progress (1): 156 kB
Progress (1): 160 kB
Progress (1): 164 kB
Progress (1): 168 kB
Progress (1): 173 kB
Progress (1): 177 kB
Progress (1): 181 kB
Progress (1): 185 kB
Progress (1): 185 kB
Progress (2): 185 kB | 4.1 kB
Progress (2): 185 kB | 8.2 kB
Progress (2): 185 kB | 11 kB 
Progress (2): 185 kB | 14 kB
Progress (2): 185 kB | 16 kB
Progress (2): 185 kB | 19 kB
Progress (2): 185 kB | 23 kB
Progress (2): 185 kB | 27 kB
Progress (2): 185 kB | 32 kB
Progress (2): 185 kB | 36 kB
Progress (2): 185 kB | 39 kB
Progress (2): 185 kB | 42 kB
Progress (2): 185 kB | 44 kB
Progress (2): 185 kB | 49 kB
Progress (2): 185 kB | 51 kB
Progress (2): 185 kB | 55 kB
Progress (2): 185 kB | 60 kB
Progress (2): 185 kB | 64 kB
Progress (2): 185 kB | 68 kB
Progress (2): 185 kB | 72 kB
Progress (2): 185 kB | 76 kB
                            
Downloaded from aiban-tianyin-core: https://aiban-maven.pkg.coding.net/repository/tianyin/core/antlr/antlr/2.7.7/antlr-2.7.7.jar (0 B at 0 B/s)
Progress (2): 185 kB | 80 kB
                            
Downloading from aiban-tianyin-core: https://aiban-maven.pkg.coding.net/repository/tianyin/core/com/google/guava/guava/27.0.1-jre/guava-27.0.1-jre.jar
Progress (2): 185 kB | 84 kB
Progress (2): 185 kB | 87 kB
Progress (2): 185 kB | 90 kB
Progress (2): 185 kB | 94 kB
Progress (2): 185 kB | 98 kB
Progress (2): 185 kB | 102 kB
Progress (2): 185 kB | 106 kB
Progress (2): 185 kB | 110 kB
Progress (2): 185 kB | 114 kB
Progress (2): 185 kB | 118 kB
Progress (2): 185 kB | 122 kB
Progress (2): 185 kB | 126 kB
Progress (2): 185 kB | 131 kB
Progress (2): 185 kB | 135 kB
Progress (2): 185 kB | 139 kB
Progress (2): 185 kB | 143 kB
Progress (2): 185 kB | 147 kB
Progress (2): 185 kB | 151 kB
Progress (2): 185 kB | 155 kB
Progress (2): 185 kB | 159 kB
Progress (2): 185 kB | 163 kB
Progress (2): 185 kB | 167 kB
Progress (2): 185 kB | 172 kB
Progress (2): 185 kB | 176 kB
Progress (2): 185 kB | 180 kB
Progress (2): 185 kB | 184 kB
Progress (2): 185 kB | 188 kB
Progress (2): 185 kB | 192 kB
Progress (2): 185 kB | 196 kB
Progress (2): 185 kB | 200 kB
Progress (2): 185 kB | 204 kB
Progress (2): 185 kB | 208 kB
Progress (2): 185 kB | 212 kB
Progress (2): 185 kB | 217 kB
Progress (2): 185 kB | 221 kB
Progress (2): 185 kB | 225 kB
Progress (2): 185 kB | 225 kB
                             
Downloaded from aiban-tianyin-core: https://aiban-maven.pkg.coding.net/repository/tianyin/core/org/apache/axis2/axis2-adb-codegen/1.8.2/axis2-adb-codegen-1.8.2.jar (185 kB at 320 kB/s)
Downloading from aiban-tianyin-core: https://aiban-maven.pkg.coding.net/repository/tianyin/core/org/checkerframework/checker-qual/2.5.2/checker-qual-2.5.2.jar
Progress (2): 225 kB | 4.0 kB
Progress (2): 225 kB | 6.9 kB
Progress (2): 225 kB | 11 kB 
Progress (2): 225 kB | 15 kB
Progress (2): 225 kB | 18 kB
Progress (2): 225 kB | 21 kB
Progress (2): 225 kB | 25 kB
Progress (2): 225 kB | 29 kB
Progress (2): 225 kB | 33 kB
Progress (2): 225 kB | 37 kB
                            
Downloaded from aiban-tianyin-core: https://aiban-maven.pkg.coding.net/repository/tianyin/core/com/google/googlejavaformat/google-java-format/1.7/google-java-format-1.7.jar (225 kB at 341 kB/s)
Downloading from aiban-tianyin-core: https://aiban-maven.pkg.coding.net/repository/tianyin/core/com/google/errorprone/error_prone_annotations/2.2.0/error_prone_annotations-2.2.0.jar
Progress (1): 41 kB
Progress (1): 45 kB
Progress (1): 49 kB
Progress (1): 53 kB
Progress (1): 55 kB
Progress (1): 59 kB
Progress (1): 63 kB
Progress (1): 67 kB
Progress (1): 71 kB
Progress (1): 75 kB
Progress (1): 80 kB
Progress (1): 84 kB
Progress (1): 88 kB
Progress (1): 92 kB
Progress (1): 96 kB
Progress (1): 100 kB
Progress (1): 104 kB
Progress (1): 108 kB
Progress (1): 112 kB
Progress (1): 116 kB
Progress (1): 120 kB
Progress (1): 125 kB
Progress (1): 129 kB
Progress (1): 133 kB
Progress (1): 137 kB
Progress (1): 141 kB
Progress (1): 145 kB
Progress (1): 149 kB
Progress (1): 153 kB
Progress (1): 157 kB
Progress (1): 161 kB
Progress (1): 165 kB
Progress (1): 170 kB
Progress (1): 174 kB
Progress (1): 178 kB
Progress (1): 182 kB
Progress (1): 186 kB
Progress (1): 190 kB
Progress (1): 194 kB
Progress (1): 198 kB
Progress (1): 202 kB
Progress (1): 206 kB
Progress (1): 211 kB
Progress (1): 215 kB
Progress (1): 219 kB
Progress (1): 223 kB
Progress (1): 227 kB
Progress (1): 231 kB
Progress (1): 235 kB
Progress (1): 239 kB
Progress (1): 243 kB
Progress (1): 247 kB
Progress (1): 251 kB
Progress (1): 256 kB
Progress (1): 260 kB
Progress (1): 264 kB
Progress (1): 268 kB
Progress (1): 272 kB
Progress (1): 273 kB
Progress (2): 273 kB | 4.0 kB
Progress (2): 273 kB | 8.1 kB
Progress (2): 273 kB | 11 kB 
Progress (2): 273 kB | 14 kB
Progress (2): 273 kB | 18 kB
Progress (2): 273 kB | 22 kB
Progress (2): 273 kB | 25 kB
Progress (2): 273 kB | 29 kB
Progress (2): 273 kB | 33 kB
Progress (2): 273 kB | 36 kB
Progress (2): 273 kB | 38 kB
Progress (2): 273 kB | 41 kB
Progress (2): 273 kB | 44 kB
Progress (2): 273 kB | 47 kB
Progress (2): 273 kB | 49 kB
Progress (2): 273 kB | 53 kB
Progress (3): 273 kB | 53 kB | 4.1 kB
Progress (3): 273 kB | 55 kB | 4.1 kB
Progress (3): 273 kB | 55 kB | 8.2 kB
Progress (3): 273 kB | 60 kB | 8.2 kB
Progress (3): 273 kB | 60 kB | 12 kB 
Progress (3): 273 kB | 64 kB | 12 kB
Progress (3): 273 kB | 68 kB | 12 kB
Progress (3): 273 kB | 72 kB | 12 kB
Progress (3): 273 kB | 76 kB | 12 kB
Progress (3): 273 kB | 80 kB | 12 kB
Progress (3): 273 kB | 80 kB | 16 kB
Progress (3): 273 kB | 84 kB | 16 kB
Progress (3): 273 kB | 84 kB | 19 kB
Progress (3): 273 kB | 88 kB | 19 kB
Progress (3): 273 kB | 88 kB | 23 kB
Progress (3): 273 kB | 88 kB | 28 kB
Progress (3): 273 kB | 88 kB | 32 kB
Progress (3): 273 kB | 88 kB | 36 kB
Progress (3): 273 kB | 88 kB | 39 kB
Progress (3): 273 kB | 88 kB | 42 kB
Progress (3): 273 kB | 88 kB | 46 kB
Progress (3): 273 kB | 88 kB | 49 kB
Progress (3): 273 kB | 88 kB | 53 kB
Progress (3): 273 kB | 88 kB | 57 kB
Progress (3): 273 kB | 88 kB | 61 kB
Progress (3): 273 kB | 88 kB | 64 kB
Progress (3): 273 kB | 88 kB | 67 kB
Progress (3): 273 kB | 88 kB | 71 kB
Progress (3): 273 kB | 88 kB | 74 kB
Progress (3): 273 kB | 88 kB | 77 kB
Progress (3): 273 kB | 88 kB | 80 kB
Progress (3): 273 kB | 88 kB | 82 kB
Progress (3): 273 kB | 88 kB | 87 kB
Progress (3): 273 kB | 88 kB | 91 kB
Progress (3): 273 kB | 88 kB | 95 kB
Progress (3): 273 kB | 88 kB | 99 kB
Progress (3): 273 kB | 88 kB | 101 kB
Progress (3): 273 kB | 88 kB | 103 kB
Progress (3): 273 kB | 88 kB | 106 kB
Progress (3): 273 kB | 88 kB | 109 kB
Progress (3): 273 kB | 88 kB | 113 kB
Progress (3): 273 kB | 88 kB | 117 kB
Progress (3): 273 kB | 88 kB | 120 kB
Progress (3): 273 kB | 88 kB | 125 kB
Progress (3): 273 kB | 88 kB | 129 kB
Progress (3): 273 kB | 88 kB | 132 kB
Progress (3): 273 kB | 88 kB | 134 kB
Progress (3): 273 kB | 88 kB | 137 kB
Progress (3): 273 kB | 88 kB | 140 kB
Progress (3): 273 kB | 92 kB | 140 kB
Progress (3): 273 kB | 96 kB | 140 kB
Progress (3): 273 kB | 101 kB | 140 kB
Progress (3): 273 kB | 105 kB | 140 kB
Progress (3): 273 kB | 109 kB | 140 kB
Progress (3): 273 kB | 113 kB | 140 kB
Progress (3): 273 kB | 117 kB | 140 kB
Progress (3): 273 kB | 121 kB | 140 kB
Progress (3): 273 kB | 125 kB | 140 kB
Progress (3): 273 kB | 129 kB | 140 kB
Progress (3): 273 kB | 133 kB | 140 kB
Progress (3): 273 kB | 137 kB | 140 kB
Progress (3): 273 kB | 137 kB | 143 kB
Progress (3): 273 kB | 142 kB | 143 kB
Progress (3): 273 kB | 142 kB | 147 kB
Progress (3): 273 kB | 142 kB | 150 kB
Progress (3): 273 kB | 142 kB | 152 kB
Progress (3): 273 kB | 142 kB | 156 kB
Progress (3): 273 kB | 142 kB | 159 kB
Progress (3): 273 kB | 142 kB | 163 kB
Progress (3): 273 kB | 142 kB | 167 kB
Progress (3): 273 kB | 142 kB | 171 kB
Progress (3): 273 kB | 142 kB | 176 kB
Progress (3): 273 kB | 142 kB | 180 kB
Progress (3): 273 kB | 142 kB | 184 kB
Progress (3): 273 kB | 146 kB | 184 kB
Progress (3): 273 kB | 146 kB | 188 kB
Progress (3): 273 kB | 150 kB | 188 kB
Progress (3): 273 kB | 150 kB | 192 kB
Progress (3): 273 kB | 154 kB | 192 kB
Progress (3): 273 kB | 154 kB | 193 kB
Progress (3): 273 kB | 158 kB | 193 kB
Progress (3): 273 kB | 162 kB | 193 kB
Progress (3): 273 kB | 166 kB | 193 kB
Progress (3): 273 kB | 170 kB | 193 kB
Progress (3): 273 kB | 174 kB | 193 kB
Progress (3): 273 kB | 178 kB | 193 kB
Progress (3): 273 kB | 182 kB | 193 kB
Progress (3): 273 kB | 187 kB | 193 kB
Progress (3): 273 kB | 191 kB | 193 kB
Progress (3): 273 kB | 195 kB | 193 kB
Progress (3): 273 kB | 199 kB | 193 kB
                                      
Downloaded from aiban-tianyin-core: https://aiban-maven.pkg.coding.net/repository/tianyin/core/com/google/errorprone/error_prone_annotations/2.2.0/error_prone_annotations-2.2.0.jar (0 B at 0 B/s)
Downloading from aiban-tianyin-core: https://aiban-maven.pkg.coding.net/repository/tianyin/core/com/google/j2objc/j2objc-annotations/1.1/j2objc-annotations-1.1.jar
Progress (3): 273 kB | 203 kB | 193 kB
Progress (3): 273 kB | 207 kB | 193 kB
Progress (3): 273 kB | 211 kB | 193 kB
Progress (3): 273 kB | 215 kB | 193 kB
Progress (3): 273 kB | 219 kB | 193 kB
Progress (3): 273 kB | 223 kB | 193 kB
Progress (3): 273 kB | 228 kB | 193 kB
Progress (3): 273 kB | 232 kB | 193 kB
Progress (3): 273 kB | 236 kB | 193 kB
Progress (3): 273 kB | 240 kB | 193 kB
Progress (3): 273 kB | 244 kB | 193 kB
Progress (3): 273 kB | 248 kB | 193 kB
Progress (3): 273 kB | 252 kB | 193 kB
Progress (3): 273 kB | 256 kB | 193 kB
Progress (3): 273 kB | 260 kB | 193 kB
Progress (3): 273 kB | 264 kB | 193 kB
Progress (3): 273 kB | 268 kB | 193 kB
Progress (3): 273 kB | 273 kB | 193 kB
Progress (3): 273 kB | 277 kB | 193 kB
Progress (3): 273 kB | 281 kB | 193 kB
Progress (3): 273 kB | 285 kB | 193 kB
Progress (3): 273 kB | 289 kB | 193 kB
Progress (3): 273 kB | 293 kB | 193 kB
Progress (3): 273 kB | 297 kB | 193 kB
Progress (3): 273 kB | 301 kB | 193 kB
Progress (3): 273 kB | 305 kB | 193 kB
Progress (3): 273 kB | 309 kB | 193 kB
Progress (3): 273 kB | 314 kB | 193 kB
Progress (3): 273 kB | 318 kB | 193 kB
Progress (3): 273 kB | 322 kB | 193 kB
Progress (3): 273 kB | 326 kB | 193 kB
Progress (3): 273 kB | 330 kB | 193 kB
Progress (3): 273 kB | 334 kB | 193 kB
Progress (3): 273 kB | 338 kB | 193 kB
Progress (3): 273 kB | 342 kB | 193 kB
Progress (3): 273 kB | 346 kB | 193 kB
Progress (3): 273 kB | 350 kB | 193 kB
Progress (3): 273 kB | 354 kB | 193 kB
Progress (3): 273 kB | 359 kB | 193 kB
Progress (3): 273 kB | 363 kB | 193 kB
Progress (3): 273 kB | 367 kB | 193 kB
Progress (3): 273 kB | 371 kB | 193 kB
Progress (3): 273 kB | 375 kB | 193 kB
Progress (3): 273 kB | 379 kB | 193 kB
Progress (3): 273 kB | 383 kB | 193 kB
Progress (3): 273 kB | 387 kB | 193 kB
Progress (3): 273 kB | 391 kB | 193 kB
Progress (3): 273 kB | 395 kB | 193 kB
Progress (3): 273 kB | 400 kB | 193 kB
Progress (3): 273 kB | 404 kB | 193 kB
Progress (3): 273 kB | 408 kB | 193 kB
Progress (3): 273 kB | 412 kB | 193 kB
Progress (3): 273 kB | 416 kB | 193 kB
Progress (3): 273 kB | 420 kB | 193 kB
Progress (3): 273 kB | 424 kB | 193 kB
Progress (3): 273 kB | 428 kB | 193 kB
Progress (3): 273 kB | 432 kB | 193 kB
Progress (3): 273 kB | 436 kB | 193 kB
Progress (3): 273 kB | 441 kB | 193 kB
Progress (3): 273 kB | 445 kB | 193 kB
Progress (3): 273 kB | 449 kB | 193 kB
Progress (3): 273 kB | 453 kB | 193 kB
Progress (3): 273 kB | 457 kB | 193 kB
Progress (3): 273 kB | 461 kB | 193 kB
Progress (3): 273 kB | 465 kB | 193 kB
Progress (3): 273 kB | 469 kB | 193 kB
Progress (3): 273 kB | 473 kB | 193 kB
Progress (3): 273 kB | 477 kB | 193 kB
Progress (3): 273 kB | 481 kB | 193 kB
Progress (3): 273 kB | 486 kB | 193 kB
Progress (3): 273 kB | 490 kB | 193 kB
Progress (3): 273 kB | 494 kB | 193 kB
Progress (3): 273 kB | 498 kB | 193 kB
Progress (3): 273 kB | 502 kB | 193 kB
Progress (3): 273 kB | 506 kB | 193 kB
Progress (3): 273 kB | 510 kB | 193 kB
Progress (3): 273 kB | 514 kB | 193 kB
Progress (3): 273 kB | 518 kB | 193 kB
Progress (3): 273 kB | 522 kB | 193 kB
Progress (3): 273 kB | 527 kB | 193 kB
Progress (3): 273 kB | 531 kB | 193 kB
Progress (3): 273 kB | 535 kB | 193 kB
Progress (3): 273 kB | 539 kB | 193 kB
Progress (3): 273 kB | 543 kB | 193 kB
Progress (3): 273 kB | 547 kB | 193 kB
Progress (3): 273 kB | 551 kB | 193 kB
Progress (3): 273 kB | 555 kB | 193 kB
Progress (3): 273 kB | 559 kB | 193 kB
Progress (3): 273 kB | 563 kB | 193 kB
Progress (3): 273 kB | 567 kB | 193 kB
Progress (3): 273 kB | 572 kB | 193 kB
Progress (3): 273 kB | 576 kB | 193 kB
Progress (3): 273 kB | 580 kB | 193 kB
Progress (3): 273 kB | 584 kB | 193 kB
Progress (3): 273 kB | 588 kB | 193 kB
Progress (3): 273 kB | 592 kB | 193 kB
Progress (3): 273 kB | 596 kB | 193 kB
Progress (3): 273 kB | 600 kB | 193 kB
Progress (3): 273 kB | 604 kB | 193 kB
Progress (3): 273 kB | 608 kB | 193 kB
Progress (3): 273 kB | 613 kB | 193 kB
Progress (3): 273 kB | 617 kB | 193 kB
Progress (3): 273 kB | 621 kB | 193 kB
Progress (3): 273 kB | 625 kB | 193 kB
Progress (3): 273 kB | 629 kB | 193 kB
Progress (3): 273 kB | 633 kB | 193 kB
Progress (3): 273 kB | 637 kB | 193 kB
Progress (3): 273 kB | 641 kB | 193 kB
Progress (3): 273 kB | 645 kB | 193 kB
Progress (3): 273 kB | 649 kB | 193 kB
Progress (3): 273 kB | 654 kB | 193 kB
Progress (3): 273 kB | 658 kB | 193 kB
Progress (3): 273 kB | 662 kB | 193 kB
Progress (3): 273 kB | 666 kB | 193 kB
Progress (3): 273 kB | 670 kB | 193 kB
Progress (3): 273 kB | 674 kB | 193 kB
Progress (3): 273 kB | 678 kB | 193 kB
Progress (3): 273 kB | 682 kB | 193 kB
Progress (3): 273 kB | 686 kB | 193 kB
Progress (3): 273 kB | 690 kB | 193 kB
Progress (3): 273 kB | 694 kB | 193 kB
Progress (3): 273 kB | 699 kB | 193 kB
Progress (3): 273 kB | 703 kB | 193 kB
Progress (3): 273 kB | 707 kB | 193 kB
Progress (3): 273 kB | 711 kB | 193 kB
Progress (3): 273 kB | 715 kB | 193 kB
Progress (3): 273 kB | 719 kB | 193 kB
Progress (3): 273 kB | 723 kB | 193 kB
Progress (3): 273 kB | 727 kB | 193 kB
Progress (3): 273 kB | 731 kB | 193 kB
Progress (3): 273 kB | 735 kB | 193 kB
Progress (3): 273 kB | 740 kB | 193 kB
Progress (3): 273 kB | 744 kB | 193 kB
Progress (3): 273 kB | 748 kB | 193 kB
Progress (3): 273 kB | 752 kB | 193 kB
Progress (3): 273 kB | 756 kB | 193 kB
Progress (3): 273 kB | 760 kB | 193 kB
Progress (3): 273 kB | 764 kB | 193 kB
Progress (3): 273 kB | 768 kB | 193 kB
Progress (3): 273 kB | 772 kB | 193 kB
Progress (3): 273 kB | 776 kB | 193 kB
Progress (3): 273 kB | 780 kB | 193 kB
Progress (3): 273 kB | 785 kB | 193 kB
Progress (3): 273 kB | 789 kB | 193 kB
Progress (3): 273 kB | 793 kB | 193 kB
Progress (3): 273 kB | 797 kB | 193 kB
Progress (3): 273 kB | 801 kB | 193 kB
Progress (3): 273 kB | 805 kB | 193 kB
Progress (3): 273 kB | 809 kB | 193 kB
Progress (3): 273 kB | 813 kB | 193 kB
Progress (3): 273 kB | 817 kB | 193 kB
Progress (3): 273 kB | 821 kB | 193 kB
Progress (3): 273 kB | 826 kB | 193 kB
Progress (3): 273 kB | 830 kB | 193 kB
Progress (3): 273 kB | 834 kB | 193 kB
Progress (3): 273 kB | 838 kB | 193 kB
Progress (3): 273 kB | 842 kB | 193 kB
Progress (3): 273 kB | 846 kB | 193 kB
Progress (3): 273 kB | 850 kB | 193 kB
Progress (3): 273 kB | 854 kB | 193 kB
Progress (3): 273 kB | 858 kB | 193 kB
Progress (3): 273 kB | 862 kB | 193 kB
Progress (3): 273 kB | 866 kB | 193 kB
Progress (3): 273 kB | 871 kB | 193 kB
Progress (3): 273 kB | 875 kB | 193 kB
Progress (3): 273 kB | 879 kB | 193 kB
Progress (3): 273 kB | 883 kB | 193 kB
Progress (3): 273 kB | 887 kB | 193 kB
Progress (3): 273 kB | 891 kB | 193 kB
Progress (3): 273 kB | 895 kB | 193 kB
Progress (3): 273 kB | 899 kB | 193 kB
Progress (3): 273 kB | 903 kB | 193 kB
Progress (3): 273 kB | 907 kB | 193 kB
Progress (3): 273 kB | 912 kB | 193 kB
Progress (3): 273 kB | 916 kB | 193 kB
Progress (3): 273 kB | 920 kB | 193 kB
Progress (3): 273 kB | 924 kB | 193 kB
Progress (3): 273 kB | 928 kB | 193 kB
Progress (3): 273 kB | 932 kB | 193 kB
Progress (3): 273 kB | 936 kB | 193 kB
Progress (3): 273 kB | 940 kB | 193 kB
Progress (3): 273 kB | 944 kB | 193 kB
Progress (3): 273 kB | 948 kB | 193 kB
Progress (3): 273 kB | 953 kB | 193 kB
Progress (3): 273 kB | 957 kB | 193 kB
Progress (3): 273 kB | 961 kB | 193 kB
Progress (3): 273 kB | 965 kB | 193 kB
Progress (3): 273 kB | 969 kB | 193 kB
Progress (3): 273 kB | 973 kB | 193 kB
Progress (3): 273 kB | 977 kB | 193 kB
Progress (3): 273 kB | 981 kB | 193 kB
Progress (3): 273 kB | 985 kB | 193 kB
Progress (3): 273 kB | 989 kB | 193 kB
Progress (3): 273 kB | 993 kB | 193 kB
Progress (3): 273 kB | 998 kB | 193 kB
Progress (3): 273 kB | 1.0 MB | 193 kB
Progress (3): 273 kB | 1.0 MB | 193 kB
Progress (3): 273 kB | 1.0 MB | 193 kB
Progress (3): 273 kB | 1.0 MB | 193 kB
Progress (3): 273 kB | 1.0 MB | 193 kB
Progress (3): 273 kB | 1.0 MB | 193 kB
Progress (3): 273 kB | 1.0 MB | 193 kB
Progress (3): 273 kB | 1.0 MB | 193 kB
Progress (3): 273 kB | 1.0 MB | 193 kB
Progress (3): 273 kB | 1.0 MB | 193 kB
Progress (3): 273 kB | 1.0 MB | 193 kB
Progress (3): 273 kB | 1.0 MB | 193 kB
Progress (3): 273 kB | 1.1 MB | 193 kB
Progress (3): 273 kB | 1.1 MB | 193 kB
Progress (3): 273 kB | 1.1 MB | 193 kB
Progress (3): 273 kB | 1.1 MB | 193 kB
Progress (3): 273 kB | 1.1 MB | 193 kB
Progress (3): 273 kB | 1.1 MB | 193 kB
Progress (3): 273 kB | 1.1 MB | 193 kB
Progress (3): 273 kB | 1.1 MB | 193 kB
Progress (3): 273 kB | 1.1 MB | 193 kB
Progress (3): 273 kB | 1.1 MB | 193 kB
Progress (3): 273 kB | 1.1 MB | 193 kB
Progress (3): 273 kB | 1.1 MB | 193 kB
Progress (3): 273 kB | 1.1 MB | 193 kB
Progress (3): 273 kB | 1.1 MB | 193 kB
Progress (3): 273 kB | 1.1 MB | 193 kB
Progress (3): 273 kB | 1.1 MB | 193 kB
Progress (3): 273 kB | 1.1 MB | 193 kB
Progress (3): 273 kB | 1.1 MB | 193 kB
Progress (3): 273 kB | 1.1 MB | 193 kB
Progress (3): 273 kB | 1.1 MB | 193 kB
Progress (3): 273 kB | 1.1 MB | 193 kB
Progress (3): 273 kB | 1.1 MB | 193 kB
Progress (3): 273 kB | 1.1 MB | 193 kB
Progress (3): 273 kB | 1.1 MB | 193 kB
Progress (3): 273 kB | 1.1 MB | 193 kB
Progress (3): 273 kB | 1.2 MB | 193 kB
Progress (3): 273 kB | 1.2 MB | 193 kB
Progress (3): 273 kB | 1.2 MB | 193 kB
Progress (3): 273 kB | 1.2 MB | 193 kB
Progress (4): 273 kB | 1.2 MB | 193 kB | 2.6 kB
Progress (4): 273 kB | 1.2 MB | 193 kB | 2.6 kB
Progress (4): 273 kB | 1.2 MB | 193 kB | 6.7 kB
Progress (4): 273 kB | 1.2 MB | 193 kB | 9.7 kB
Progress (4): 273 kB | 1.2 MB | 193 kB | 9.7 kB
Progress (4): 273 kB | 1.2 MB | 193 kB | 9.7 kB
Progress (4): 273 kB | 1.2 MB | 193 kB | 9.7 kB
Progress (4): 273 kB | 1.2 MB | 193 kB | 9.7 kB
Progress (4): 273 kB | 1.2 MB | 193 kB | 9.7 kB
Progress (4): 273 kB | 1.2 MB | 193 kB | 9.7 kB
Progress (4): 273 kB | 1.2 MB | 193 kB | 9.7 kB
Progress (4): 273 kB | 1.2 MB | 193 kB | 9.7 kB
Progress (4): 273 kB | 1.2 MB | 193 kB | 9.7 kB
Progress (4): 273 kB | 1.2 MB | 193 kB | 9.7 kB
Progress (4): 273 kB | 1.2 MB | 193 kB | 9.7 kB
Progress (4): 273 kB | 1.2 MB | 193 kB | 9.7 kB
Progress (4): 273 kB | 1.2 MB | 193 kB | 9.7 kB
Progress (4): 273 kB | 1.2 MB | 193 kB | 9.7 kB
Progress (4): 273 kB | 1.2 MB | 193 kB | 9.7 kB
Progress (4): 273 kB | 1.2 MB | 193 kB | 9.7 kB
Progress (4): 273 kB | 1.2 MB | 193 kB | 9.7 kB
Progress (4): 273 kB | 1.2 MB | 193 kB | 9.7 kB
Progress (4): 273 kB | 1.2 MB | 193 kB | 9.7 kB
Progress (4): 273 kB | 1.3 MB | 193 kB | 9.7 kB
Progress (4): 273 kB | 1.3 MB | 193 kB | 9.7 kB
Progress (4): 273 kB | 1.3 MB | 193 kB | 9.7 kB
Progress (4): 273 kB | 1.3 MB | 193 kB | 9.7 kB
Progress (4): 273 kB | 1.3 MB | 193 kB | 9.7 kB
Progress (4): 273 kB | 1.3 MB | 193 kB | 9.7 kB
Progress (4): 273 kB | 1.3 MB | 193 kB | 9.7 kB
Progress (4): 273 kB | 1.3 MB | 193 kB | 9.7 kB
Progress (4): 273 kB | 1.3 MB | 193 kB | 9.7 kB
Progress (4): 273 kB | 1.3 MB | 193 kB | 9.7 kB
Progress (4): 273 kB | 1.3 MB | 193 kB | 9.7 kB
Progress (4): 273 kB | 1.3 MB | 193 kB | 9.7 kB
Progress (4): 273 kB | 1.3 MB | 193 kB | 9.7 kB
Progress (4): 273 kB | 1.3 MB | 193 kB | 9.7 kB
Progress (4): 273 kB | 1.3 MB | 193 kB | 9.7 kB
Progress (4): 273 kB | 1.3 MB | 193 kB | 9.7 kB
Progress (4): 273 kB | 1.3 MB | 193 kB | 9.7 kB
Progress (4): 273 kB | 1.3 MB | 193 kB | 9.7 kB
Progress (4): 273 kB | 1.3 MB | 193 kB | 9.7 kB
Progress (4): 273 kB | 1.3 MB | 193 kB | 9.7 kB
Progress (4): 273 kB | 1.3 MB | 193 kB | 9.7 kB
Progress (4): 273 kB | 1.3 MB | 193 kB | 12 kB 
Progress (4): 273 kB | 1.3 MB | 193 kB | 12 kB
Progress (4): 273 kB | 1.3 MB | 193 kB | 15 kB
Progress (4): 273 kB | 1.3 MB | 193 kB | 15 kB
Progress (4): 273 kB | 1.3 MB | 193 kB | 15 kB
Progress (4): 273 kB | 1.3 MB | 193 kB | 15 kB
Progress (4): 273 kB | 1.4 MB | 193 kB | 15 kB
Progress (4): 273 kB | 1.4 MB | 193 kB | 15 kB
Progress (4): 273 kB | 1.4 MB | 193 kB | 15 kB
Progress (4): 273 kB | 1.4 MB | 193 kB | 18 kB
Progress (4): 273 kB | 1.4 MB | 193 kB | 21 kB
Progress (4): 273 kB | 1.4 MB | 193 kB | 21 kB
Progress (4): 273 kB | 1.4 MB | 193 kB | 25 kB
Progress (4): 273 kB | 1.4 MB | 193 kB | 25 kB
Progress (4): 273 kB | 1.4 MB | 193 kB | 28 kB
Progress (4): 273 kB | 1.4 MB | 193 kB | 28 kB
Progress (4): 273 kB | 1.4 MB | 193 kB | 31 kB
Progress (4): 273 kB | 1.4 MB | 193 kB | 31 kB
Progress (4): 273 kB | 1.4 MB | 193 kB | 35 kB
Progress (4): 273 kB | 1.4 MB | 193 kB | 35 kB
Progress (4): 273 kB | 1.4 MB | 193 kB | 39 kB
Progress (4): 273 kB | 1.4 MB | 193 kB | 39 kB
Progress (4): 273 kB | 1.4 MB | 193 kB | 39 kB
Progress (4): 273 kB | 1.4 MB | 193 kB | 39 kB
Progress (4): 273 kB | 1.4 MB | 193 kB | 39 kB
Progress (4): 273 kB | 1.4 MB | 193 kB | 39 kB
Progress (4): 273 kB | 1.4 MB | 193 kB | 39 kB
Progress (4): 273 kB | 1.4 MB | 193 kB | 39 kB
Progress (4): 273 kB | 1.4 MB | 193 kB | 39 kB
Progress (4): 273 kB | 1.4 MB | 193 kB | 39 kB
Progress (4): 273 kB | 1.4 MB | 193 kB | 39 kB
Progress (4): 273 kB | 1.4 MB | 193 kB | 39 kB
Progress (4): 273 kB | 1.4 MB | 193 kB | 39 kB
Progress (4): 273 kB | 1.4 MB | 193 kB | 39 kB
Progress (4): 273 kB | 1.4 MB | 193 kB | 39 kB
Progress (4): 273 kB | 1.4 MB | 193 kB | 39 kB
Progress (4): 273 kB | 1.4 MB | 193 kB | 39 kB
Progress (4): 273 kB | 1.4 MB | 193 kB | 39 kB
Progress (4): 273 kB | 1.4 MB | 193 kB | 39 kB
Progress (4): 273 kB | 1.4 MB | 193 kB | 39 kB
Progress (4): 273 kB | 1.4 MB | 193 kB | 39 kB
Progress (4): 273 kB | 1.5 MB | 193 kB | 39 kB
Progress (4): 273 kB | 1.5 MB | 193 kB | 39 kB
Progress (4): 273 kB | 1.5 MB | 193 kB | 39 kB
Progress (4): 273 kB | 1.5 MB | 193 kB | 39 kB
Progress (4): 273 kB | 1.5 MB | 193 kB | 39 kB
Progress (4): 273 kB | 1.5 MB | 193 kB | 39 kB
Progress (4): 273 kB | 1.5 MB | 193 kB | 39 kB
Progress (4): 273 kB | 1.5 MB | 193 kB | 39 kB
Progress (4): 273 kB | 1.5 MB | 193 kB | 39 kB
Progress (4): 273 kB | 1.5 MB | 193 kB | 39 kB
Progress (4): 273 kB | 1.5 MB | 193 kB | 39 kB
Progress (4): 273 kB | 1.5 MB | 193 kB | 39 kB
Progress (4): 273 kB | 1.5 MB | 193 kB | 39 kB
Progress (4): 273 kB | 1.5 MB | 193 kB | 39 kB
Progress (4): 273 kB | 1.5 MB | 193 kB | 39 kB
Progress (4): 273 kB | 1.5 MB | 193 kB | 39 kB
Progress (4): 273 kB | 1.5 MB | 193 kB | 39 kB
Progress (4): 273 kB | 1.5 MB | 193 kB | 39 kB
Progress (4): 273 kB | 1.5 MB | 193 kB | 39 kB
Progress (4): 273 kB | 1.5 MB | 193 kB | 39 kB
Progress (4): 273 kB | 1.5 MB | 193 kB | 39 kB
Progress (4): 273 kB | 1.5 MB | 193 kB | 39 kB
Progress (4): 273 kB | 1.5 MB | 193 kB | 39 kB
Progress (4): 273 kB | 1.5 MB | 193 kB | 39 kB
Progress (4): 273 kB | 1.5 MB | 193 kB | 39 kB
Progress (4): 273 kB | 1.6 MB | 193 kB | 39 kB
Progress (4): 273 kB | 1.6 MB | 193 kB | 39 kB
                                              
Downloaded from aiban-tianyin-core: https://aiban-maven.pkg.coding.net/repository/tianyin/core/org/checkerframework/checker-qual/2.5.2/checker-qual-2.5.2.jar (193 kB at 209 kB/s)
Downloading from aiban-tianyin-core: https://aiban-maven.pkg.coding.net/repository/tianyin/core/org/codehaus/mojo/animal-sniffer-annotations/1.17/animal-sniffer-annotations-1.17.jar
Progress (3): 273 kB | 1.6 MB | 39 kB
Progress (3): 273 kB | 1.6 MB | 39 kB
Progress (3): 273 kB | 1.6 MB | 39 kB
Progress (3): 273 kB | 1.6 MB | 39 kB
Progress (3): 273 kB | 1.6 MB | 39 kB
Progress (3): 273 kB | 1.6 MB | 39 kB
Progress (3): 273 kB | 1.6 MB | 39 kB
Progress (3): 273 kB | 1.6 MB | 39 kB
Progress (3): 273 kB | 1.6 MB | 39 kB
Progress (3): 273 kB | 1.6 MB | 39 kB
Progress (3): 273 kB | 1.6 MB | 39 kB
Progress (3): 273 kB | 1.6 MB | 39 kB
Progress (3): 273 kB | 1.6 MB | 39 kB
Progress (3): 273 kB | 1.6 MB | 39 kB
Progress (3): 273 kB | 1.6 MB | 39 kB
Progress (3): 273 kB | 1.6 MB | 39 kB
Progress (3): 273 kB | 1.6 MB | 39 kB
Progress (3): 273 kB | 1.6 MB | 39 kB
Progress (3): 273 kB | 1.6 MB | 39 kB
Progress (3): 273 kB | 1.6 MB | 39 kB
Progress (3): 273 kB | 1.6 MB | 39 kB
Progress (3): 273 kB | 1.6 MB | 39 kB
Progress (3): 273 kB | 1.6 MB | 39 kB
Progress (3): 273 kB | 1.6 MB | 39 kB
Progress (3): 273 kB | 1.7 MB | 39 kB
Progress (3): 273 kB | 1.7 MB | 39 kB
Progress (3): 273 kB | 1.7 MB | 39 kB
Progress (3): 273 kB | 1.7 MB | 39 kB
Progress (3): 273 kB | 1.7 MB | 39 kB
Progress (3): 273 kB | 1.7 MB | 39 kB
Progress (3): 273 kB | 1.7 MB | 39 kB
Progress (3): 273 kB | 1.7 MB | 39 kB
Progress (3): 273 kB | 1.7 MB | 39 kB
Progress (3): 273 kB | 1.7 MB | 39 kB
Progress (3): 273 kB | 1.7 MB | 39 kB
Progress (3): 273 kB | 1.7 MB | 39 kB
Progress (3): 273 kB | 1.7 MB | 39 kB
Progress (3): 273 kB | 1.7 MB | 39 kB
Progress (3): 273 kB | 1.7 MB | 39 kB
Progress (3): 273 kB | 1.7 MB | 39 kB
Progress (3): 273 kB | 1.7 MB | 39 kB
Progress (3): 273 kB | 1.7 MB | 39 kB
Progress (3): 273 kB | 1.7 MB | 39 kB
Progress (3): 273 kB | 1.7 MB | 39 kB
Progress (3): 273 kB | 1.7 MB | 39 kB
Progress (3): 273 kB | 1.7 MB | 39 kB
Progress (3): 273 kB | 1.7 MB | 39 kB
Progress (3): 273 kB | 1.7 MB | 39 kB
Progress (3): 273 kB | 1.7 MB | 39 kB
Progress (3): 273 kB | 1.7 MB | 39 kB
Progress (3): 273 kB | 1.8 MB | 39 kB
Progress (3): 273 kB | 1.8 MB | 39 kB
Progress (3): 273 kB | 1.8 MB | 39 kB
Progress (3): 273 kB | 1.8 MB | 39 kB
Progress (3): 273 kB | 1.8 MB | 39 kB
Progress (3): 273 kB | 1.8 MB | 39 kB
Progress (3): 273 kB | 1.8 MB | 39 kB
Progress (3): 273 kB | 1.8 MB | 39 kB
Progress (3): 273 kB | 1.8 MB | 39 kB
Progress (3): 273 kB | 1.8 MB | 39 kB
Progress (3): 273 kB | 1.8 MB | 43 kB
Progress (3): 273 kB | 1.8 MB | 46 kB
Progress (3): 273 kB | 1.8 MB | 49 kB
Progress (3): 273 kB | 1.8 MB | 51 kB
Progress (3): 273 kB | 1.8 MB | 55 kB
Progress (3): 273 kB | 1.8 MB | 55 kB
Progress (3): 273 kB | 1.8 MB | 60 kB
Progress (3): 273 kB | 1.8 MB | 64 kB
Progress (3): 273 kB | 1.8 MB | 68 kB
Progress (3): 273 kB | 1.8 MB | 68 kB
Progress (3): 273 kB | 1.8 MB | 72 kB
                                     
Downloaded from aiban-tianyin-core: https://aiban-maven.pkg.coding.net/repository/tianyin/core/com/google/j2objc/j2objc-annotations/1.1/j2objc-annotations-1.1.jar (0 B at 0 B/s)
Progress (3): 273 kB | 1.8 MB | 76 kB
                                     
Downloading from aiban-tianyin-core: https://aiban-maven.pkg.coding.net/repository/tianyin/core/com/google/errorprone/javac-shaded/9+181-r4173-1/javac-shaded-9+181-r4173-1.jar
Progress (3): 273 kB | 1.8 MB | 76 kB
Progress (3): 273 kB | 1.8 MB | 80 kB
Progress (3): 273 kB | 1.8 MB | 80 kB
Progress (3): 273 kB | 1.8 MB | 84 kB
Progress (3): 273 kB | 1.8 MB | 84 kB
Progress (3): 273 kB | 1.8 MB | 84 kB
Progress (3): 273 kB | 1.8 MB | 88 kB
Progress (3): 273 kB | 1.8 MB | 88 kB
Progress (3): 273 kB | 1.8 MB | 92 kB
Progress (3): 273 kB | 1.8 MB | 92 kB
Progress (3): 273 kB | 1.8 MB | 92 kB
Progress (3): 273 kB | 1.8 MB | 92 kB
Progress (3): 273 kB | 1.8 MB | 92 kB
Progress (3): 273 kB | 1.8 MB | 92 kB
Progress (3): 273 kB | 1.8 MB | 92 kB
Progress (3): 273 kB | 1.8 MB | 92 kB
Progress (3): 273 kB | 1.9 MB | 92 kB
Progress (3): 273 kB | 1.9 MB | 92 kB
Progress (3): 273 kB | 1.9 MB | 92 kB
Progress (3): 273 kB | 1.9 MB | 92 kB
Progress (3): 273 kB | 1.9 MB | 92 kB
Progress (3): 273 kB | 1.9 MB | 92 kB
Progress (3): 273 kB | 1.9 MB | 92 kB
Progress (3): 273 kB | 1.9 MB | 92 kB
Progress (3): 273 kB | 1.9 MB | 92 kB
Progress (3): 273 kB | 1.9 MB | 92 kB
Progress (3): 273 kB | 1.9 MB | 92 kB
Progress (3): 273 kB | 1.9 MB | 92 kB
Progress (3): 273 kB | 1.9 MB | 92 kB
Progress (3): 273 kB | 1.9 MB | 92 kB
Progress (3): 273 kB | 1.9 MB | 92 kB
                                     
Downloaded from aiban-tianyin-core: https://aiban-maven.pkg.coding.net/repository/tianyin/core/org/apache/axis2/axis2-codegen/1.8.2/axis2-codegen-1.8.2.jar (273 kB at 282 kB/s)
Downloading from aiban-tianyin-core: https://aiban-maven.pkg.coding.net/repository/tianyin/core/org/apache/axis2/axis2-jaxbri/1.7.9/axis2-jaxbri-1.7.9.jar
Progress (2): 1.9 MB | 92 kB
Progress (2): 1.9 MB | 92 kB
Progress (2): 1.9 MB | 92 kB
Progress (2): 1.9 MB | 92 kB
Progress (2): 1.9 MB | 92 kB
Progress (2): 1.9 MB | 92 kB
Progress (2): 1.9 MB | 92 kB
Progress (2): 1.9 MB | 92 kB
Progress (2): 1.9 MB | 92 kB
Progress (2): 1.9 MB | 92 kB
Progress (2): 2.0 MB | 92 kB
Progress (2): 2.0 MB | 92 kB
Progress (2): 2.0 MB | 92 kB
Progress (2): 2.0 MB | 92 kB
Progress (2): 2.0 MB | 92 kB
Progress (2): 2.0 MB | 92 kB
Progress (2): 2.0 MB | 92 kB
Progress (2): 2.0 MB | 92 kB
Progress (2): 2.0 MB | 92 kB
Progress (2): 2.0 MB | 92 kB
Progress (2): 2.0 MB | 92 kB
Progress (2): 2.0 MB | 92 kB
Progress (2): 2.0 MB | 92 kB
Progress (2): 2.0 MB | 92 kB
Progress (2): 2.0 MB | 92 kB
Progress (2): 2.0 MB | 92 kB
Progress (2): 2.0 MB | 92 kB
Progress (2): 2.0 MB | 92 kB
Progress (2): 2.0 MB | 92 kB
Progress (2): 2.0 MB | 92 kB
Progress (2): 2.0 MB | 92 kB
Progress (2): 2.0 MB | 92 kB
Progress (2): 2.0 MB | 92 kB
Progress (2): 2.0 MB | 92 kB
Progress (2): 2.0 MB | 92 kB
Progress (2): 2.0 MB | 92 kB
Progress (2): 2.1 MB | 92 kB
Progress (2): 2.1 MB | 92 kB
Progress (2): 2.1 MB | 92 kB
Progress (2): 2.1 MB | 92 kB
Progress (2): 2.1 MB | 92 kB
Progress (2): 2.1 MB | 92 kB
Progress (2): 2.1 MB | 92 kB
Progress (2): 2.1 MB | 92 kB
Progress (2): 2.1 MB | 92 kB
Progress (2): 2.1 MB | 92 kB
Progress (2): 2.1 MB | 92 kB
Progress (2): 2.1 MB | 92 kB
Progress (2): 2.1 MB | 92 kB
Progress (2): 2.1 MB | 92 kB
Progress (2): 2.1 MB | 92 kB
Progress (2): 2.1 MB | 92 kB
Progress (2): 2.1 MB | 92 kB
Progress (2): 2.1 MB | 92 kB
Progress (2): 2.1 MB | 92 kB
Progress (2): 2.1 MB | 92 kB
Progress (2): 2.1 MB | 92 kB
Progress (2): 2.1 MB | 92 kB
Progress (2): 2.1 MB | 92 kB
Progress (2): 2.1 MB | 92 kB
Progress (2): 2.1 MB | 92 kB
Progress (2): 2.2 MB | 92 kB
Progress (2): 2.2 MB | 92 kB
Progress (2): 2.2 MB | 92 kB
Progress (2): 2.2 MB | 92 kB
Progress (2): 2.2 MB | 92 kB
Progress (2): 2.2 MB | 92 kB
Progress (2): 2.2 MB | 92 kB
Progress (2): 2.2 MB | 92 kB
Progress (2): 2.2 MB | 92 kB
Progress (2): 2.2 MB | 92 kB
Progress (2): 2.2 MB | 92 kB
Progress (2): 2.2 MB | 92 kB
Progress (2): 2.2 MB | 92 kB
Progress (2): 2.2 MB | 92 kB
Progress (2): 2.2 MB | 92 kB
Progress (2): 2.2 MB | 92 kB
Progress (2): 2.2 MB | 92 kB
Progress (2): 2.2 MB | 92 kB
Progress (2): 2.2 MB | 92 kB
Progress (2): 2.2 MB | 96 kB
Progress (2): 2.2 MB | 96 kB
Progress (2): 2.2 MB | 101 kB
Progress (2): 2.2 MB | 101 kB
Progress (2): 2.2 MB | 105 kB
Progress (2): 2.2 MB | 105 kB
Progress (2): 2.2 MB | 109 kB
Progress (2): 2.2 MB | 109 kB
Progress (2): 2.2 MB | 113 kB
Progress (2): 2.2 MB | 117 kB
Progress (2): 2.2 MB | 117 kB
Progress (2): 2.3 MB | 117 kB
Progress (2): 2.3 MB | 117 kB
Progress (2): 2.3 MB | 117 kB
Progress (2): 2.3 MB | 117 kB
Progress (2): 2.3 MB | 117 kB
Progress (2): 2.3 MB | 117 kB
Progress (2): 2.3 MB | 121 kB
Progress (2): 2.3 MB | 125 kB
Progress (2): 2.3 MB | 129 kB
Progress (2): 2.3 MB | 133 kB
Progress (2): 2.3 MB | 137 kB
Progress (2): 2.3 MB | 141 kB
Progress (2): 2.3 MB | 141 kB
Progress (2): 2.3 MB | 146 kB
Progress (2): 2.3 MB | 146 kB
Progress (2): 2.3 MB | 150 kB
Progress (2): 2.3 MB | 150 kB
Progress (2): 2.3 MB | 154 kB
Progress (2): 2.3 MB | 158 kB
Progress (2): 2.3 MB | 161 kB
Progress (2): 2.3 MB | 161 kB
Progress (2): 2.3 MB | 161 kB
Progress (2): 2.3 MB | 161 kB
Progress (2): 2.3 MB | 161 kB
Progress (2): 2.3 MB | 161 kB
Progress (2): 2.3 MB | 161 kB
Progress (2): 2.3 MB | 161 kB
Progress (2): 2.3 MB | 161 kB
Progress (2): 2.3 MB | 161 kB
Progress (2): 2.3 MB | 161 kB
Progress (2): 2.3 MB | 161 kB
Progress (2): 2.3 MB | 161 kB
Progress (2): 2.3 MB | 161 kB
Progress (2): 2.3 MB | 161 kB
Progress (2): 2.3 MB | 161 kB
Progress (2): 2.4 MB | 161 kB
Progress (2): 2.4 MB | 161 kB
Progress (2): 2.4 MB | 161 kB
Progress (2): 2.4 MB | 161 kB
Progress (2): 2.4 MB | 161 kB
Progress (2): 2.4 MB | 161 kB
Progress (2): 2.4 MB | 161 kB
Progress (2): 2.4 MB | 161 kB
Progress (2): 2.4 MB | 161 kB
Progress (2): 2.4 MB | 161 kB
Progress (2): 2.4 MB | 161 kB
Progress (2): 2.4 MB | 161 kB
Progress (2): 2.4 MB | 161 kB
Progress (2): 2.4 MB | 161 kB
Progress (2): 2.4 MB | 161 kB
Progress (2): 2.4 MB | 161 kB
Progress (2): 2.4 MB | 161 kB
Progress (2): 2.4 MB | 161 kB
Progress (2): 2.4 MB | 161 kB
Progress (2): 2.4 MB | 161 kB
Progress (2): 2.4 MB | 161 kB
Progress (2): 2.4 MB | 161 kB
Progress (2): 2.4 MB | 161 kB
Progress (2): 2.4 MB | 161 kB
Progress (2): 2.4 MB | 161 kB
Progress (2): 2.5 MB | 161 kB
Progress (2): 2.5 MB | 161 kB
Progress (2): 2.5 MB | 161 kB
Progress (2): 2.5 MB | 161 kB
Progress (2): 2.5 MB | 161 kB
Progress (2): 2.5 MB | 161 kB
Progress (2): 2.5 MB | 161 kB
Progress (2): 2.5 MB | 161 kB
Progress (2): 2.5 MB | 161 kB
Progress (2): 2.5 MB | 161 kB
Progress (2): 2.5 MB | 161 kB
Progress (2): 2.5 MB | 161 kB
Progress (2): 2.5 MB | 161 kB
Progress (2): 2.5 MB | 161 kB
Progress (2): 2.5 MB | 161 kB
Progress (2): 2.5 MB | 161 kB
Progress (2): 2.5 MB | 161 kB
Progress (2): 2.5 MB | 161 kB
Progress (2): 2.5 MB | 161 kB
Progress (2): 2.5 MB | 161 kB
Progress (2): 2.5 MB | 161 kB
Progress (2): 2.5 MB | 161 kB
Progress (2): 2.5 MB | 161 kB
Progress (2): 2.5 MB | 161 kB
Progress (2): 2.6 MB | 161 kB
Progress (2): 2.6 MB | 161 kB
Progress (2): 2.6 MB | 161 kB
Progress (2): 2.6 MB | 161 kB
Progress (2): 2.6 MB | 161 kB
Progress (2): 2.6 MB | 161 kB
Progress (2): 2.6 MB | 161 kB
Progress (2): 2.6 MB | 161 kB
Progress (2): 2.6 MB | 161 kB
Progress (2): 2.6 MB | 161 kB
Progress (2): 2.6 MB | 161 kB
Progress (2): 2.6 MB | 161 kB
Progress (2): 2.6 MB | 161 kB
Progress (2): 2.6 MB | 161 kB
Progress (2): 2.6 MB | 161 kB
Progress (2): 2.6 MB | 161 kB
Progress (2): 2.6 MB | 161 kB
Progress (2): 2.6 MB | 161 kB
Progress (2): 2.6 MB | 161 kB
Progress (2): 2.6 MB | 161 kB
Progress (2): 2.6 MB | 161 kB
Progress (2): 2.6 MB | 161 kB
Progress (2): 2.6 MB | 161 kB
Progress (2): 2.6 MB | 161 kB
Progress (2): 2.6 MB | 161 kB
Progress (2): 2.6 MB | 161 kB
Progress (2): 2.7 MB | 161 kB
Progress (2): 2.7 MB | 161 kB
Progress (2): 2.7 MB | 161 kB
Progress (2): 2.7 MB | 161 kB
Progress (2): 2.7 MB | 161 kB
Progress (2): 2.7 MB | 161 kB
Progress (2): 2.7 MB | 161 kB
Progress (2): 2.7 MB | 161 kB
Progress (2): 2.7 MB | 161 kB
Progress (2): 2.7 MB | 161 kB
Progress (2): 2.7 MB | 161 kB
Progress (2): 2.7 MB | 161 kB
Progress (2): 2.7 MB | 161 kB
Progress (2): 2.7 MB | 161 kB
Progress (2): 2.7 MB | 161 kB
Progress (2): 2.7 MB | 161 kB
Progress (2): 2.7 MB | 161 kB
Progress (2): 2.7 MB | 161 kB
Progress (2): 2.7 MB | 161 kB
Progress (2): 2.7 MB | 161 kB
Progress (2): 2.7 MB | 161 kB
Progress (2): 2.7 MB | 161 kB
Progress (2): 2.7 MB | 161 kB
Progress (2): 2.7 MB | 161 kB
Progress (2): 2.7 MB | 161 kB
Progress (3): 2.7 MB | 161 kB | 3.4 kB
Progress (4): 2.7 MB | 161 kB | 3.4 kB | 3.9 kB
Progress (4): 2.7 MB | 161 kB | 3.4 kB | 6.7 kB
Progress (4): 2.7 MB | 161 kB | 3.4 kB | 11 kB 
Progress (4): 2.7 MB | 161 kB | 3.4 kB | 14 kB
Progress (4): 2.7 MB | 161 kB | 3.4 kB | 17 kB
Progress (4): 2.7 MB | 161 kB | 3.4 kB | 20 kB
Progress (4): 2.7 MB | 161 kB | 3.4 kB | 24 kB
Progress (4): 2.7 MB | 161 kB | 3.4 kB | 28 kB
Progress (4): 2.7 MB | 161 kB | 3.4 kB | 30 kB
                                              
Downloaded from aiban-tianyin-core: https://aiban-maven.pkg.coding.net/repository/tianyin/core/org/apache/axis2/axis2-corba/1.8.2/axis2-corba-1.8.2.jar (161 kB at 132 kB/s)
Downloading from aiban-tianyin-core: https://aiban-maven.pkg.coding.net/repository/tianyin/core/org/apache/ws/commons/axiom/axiom-jaxb/1.2.21/axiom-jaxb-1.2.21.jar
Downloaded from aiban-tianyin-core: https://aiban-maven.pkg.coding.net/repository/tianyin/core/org/codehaus/mojo/animal-sniffer-annotations/1.17/animal-sniffer-annotations-1.17.jar (3.4 kB at 2.8 kB/s)
Downloading from aiban-tianyin-core: https://aiban-maven.pkg.coding.net/repository/tianyin/core/com/sun/xml/bind/jaxb-impl/4.0.5/jaxb-impl-4.0.5.jar
Downloaded from aiban-tianyin-core: https://aiban-maven.pkg.coding.net/repository/tianyin/core/com/google/guava/guava/27.0.1-jre/guava-27.0.1-jre.jar (2.7 MB at 2.2 MB/s)
Downloading from aiban-tianyin-core: https://aiban-maven.pkg.coding.net/repository/tianyin/core/com/sun/xml/bind/jaxb-xjc/4.0.5/jaxb-xjc-4.0.5.jar
Progress (2): 30 kB | 2.6 kB
Progress (2): 30 kB | 6.7 kB
Progress (2): 30 kB | 9.6 kB
Progress (2): 30 kB | 12 kB 
Progress (2): 30 kB | 17 kB
Progress (2): 30 kB | 17 kB
                           
Downloaded from aiban-tianyin-core: https://aiban-maven.pkg.coding.net/repository/tianyin/core/org/apache/axis2/axis2-jaxbri/1.7.9/axis2-jaxbri-1.7.9.jar (30 kB at 21 kB/s)
Downloading from aiban-tianyin-core: https://aiban-maven.pkg.coding.net/repository/tianyin/core/org/apache/axis2/axis2-jibx/1.8.2/axis2-jibx-1.8.2.jar
Downloaded from aiban-tianyin-core: https://aiban-maven.pkg.coding.net/repository/tianyin/core/com/sun/xml/bind/jaxb-impl/4.0.5/jaxb-impl-4.0.5.jar (0 B at 0 B/s)
Downloading from aiban-tianyin-core: https://aiban-maven.pkg.coding.net/repository/tianyin/core/org/jibx/jibx-run/1.3.3/jibx-run-1.3.3.jar
Progress (2): 17 kB | 4.1 kB
Progress (2): 17 kB | 8.2 kB
Progress (2): 17 kB | 11 kB 
Progress (2): 17 kB | 15 kB
Progress (2): 17 kB | 19 kB
Progress (2): 17 kB | 22 kB
Progress (2): 17 kB | 26 kB
Progress (2): 17 kB | 30 kB
Progress (2): 17 kB | 33 kB
Progress (2): 17 kB | 36 kB
Progress (2): 17 kB | 40 kB
Progress (2): 17 kB | 43 kB
Progress (2): 17 kB | 47 kB
Progress (2): 17 kB | 51 kB
Progress (2): 17 kB | 55 kB
Progress (2): 17 kB | 59 kB
Progress (2): 17 kB | 63 kB
Progress (2): 17 kB | 67 kB
Progress (2): 17 kB | 69 kB
Progress (2): 17 kB | 72 kB
Progress (2): 17 kB | 76 kB
Progress (2): 17 kB | 79 kB
Progress (2): 17 kB | 82 kB
Progress (2): 17 kB | 86 kB
Progress (2): 17 kB | 90 kB
Progress (2): 17 kB | 93 kB
Progress (2): 17 kB | 97 kB
Progress (2): 17 kB | 101 kB
Progress (2): 17 kB | 106 kB
Progress (2): 17 kB | 109 kB
Progress (2): 17 kB | 113 kB
Progress (2): 17 kB | 117 kB
Progress (2): 17 kB | 121 kB
Progress (2): 17 kB | 125 kB
Progress (2): 17 kB | 129 kB
Progress (2): 17 kB | 133 kB
Progress (2): 17 kB | 137 kB
Progress (2): 17 kB | 141 kB
Progress (2): 17 kB | 144 kB
Progress (2): 17 kB | 147 kB
Progress (2): 17 kB | 151 kB
Progress (2): 17 kB | 154 kB
Progress (2): 17 kB | 157 kB
Progress (2): 17 kB | 159 kB
Progress (2): 17 kB | 162 kB
Progress (2): 17 kB | 166 kB
Progress (2): 17 kB | 169 kB
Progress (2): 17 kB | 173 kB
Progress (2): 17 kB | 177 kB
Progress (2): 17 kB | 181 kB
                            
Downloaded from aiban-tianyin-core: https://aiban-maven.pkg.coding.net/repository/tianyin/core/org/apache/ws/commons/axiom/axiom-jaxb/1.2.21/axiom-jaxb-1.2.21.jar (17 kB at 11 kB/s)
Downloading from aiban-tianyin-core: https://aiban-maven.pkg.coding.net/repository/tianyin/core/joda-time/joda-time/2.10.5/joda-time-2.10.5.jar
Progress (1): 185 kB
Progress (1): 189 kB
Progress (1): 193 kB
Progress (1): 197 kB
Progress (1): 201 kB
Progress (1): 205 kB
Progress (1): 209 kB
Progress (1): 213 kB
Progress (1): 218 kB
Progress (1): 222 kB
Progress (1): 226 kB
Progress (1): 230 kB
Progress (1): 234 kB
Progress (1): 238 kB
Progress (1): 242 kB
Progress (1): 246 kB
Progress (1): 250 kB
Progress (1): 254 kB
Progress (1): 259 kB
Progress (1): 263 kB
Progress (1): 267 kB
Progress (1): 271 kB
Progress (1): 275 kB
Progress (1): 279 kB
Progress (1): 283 kB
Progress (1): 287 kB
Progress (1): 291 kB
Progress (1): 295 kB
Progress (1): 300 kB
Progress (1): 304 kB
Progress (1): 308 kB
Progress (1): 312 kB
Progress (1): 316 kB
Progress (1): 320 kB
Progress (1): 324 kB
Progress (1): 328 kB
Progress (1): 332 kB
Progress (1): 336 kB
Progress (1): 340 kB
Progress (1): 345 kB
Progress (1): 349 kB
Progress (1): 353 kB
Progress (1): 357 kB
Progress (1): 361 kB
Progress (1): 365 kB
Progress (1): 369 kB
Progress (1): 373 kB
Progress (1): 377 kB
Progress (1): 381 kB
Progress (1): 386 kB
Progress (1): 390 kB
Progress (1): 394 kB
Progress (1): 398 kB
Progress (1): 402 kB
Progress (1): 406 kB
Progress (1): 410 kB
Progress (1): 414 kB
Progress (1): 418 kB
Progress (1): 422 kB
Progress (1): 426 kB
Progress (1): 431 kB
Progress (1): 435 kB
Progress (1): 439 kB
Progress (1): 443 kB
Progress (1): 447 kB
Progress (1): 451 kB
Progress (1): 455 kB
Progress (1): 459 kB
Progress (1): 463 kB
Progress (1): 467 kB
Progress (1): 472 kB
Progress (1): 476 kB
Progress (1): 480 kB
Progress (1): 484 kB
Progress (1): 488 kB
Progress (1): 492 kB
Progress (1): 496 kB
Progress (1): 500 kB
Progress (1): 504 kB
Progress (1): 508 kB
Progress (1): 513 kB
Progress (1): 517 kB
Progress (1): 521 kB
Progress (1): 525 kB
Progress (1): 529 kB
Progress (1): 533 kB
Progress (1): 537 kB
Progress (1): 541 kB
Progress (1): 545 kB
Progress (1): 549 kB
Progress (1): 553 kB
Progress (1): 558 kB
Progress (1): 562 kB
Progress (1): 566 kB
Progress (1): 570 kB
Progress (1): 574 kB
Progress (1): 578 kB
Progress (1): 582 kB
Progress (1): 586 kB
Progress (1): 590 kB
Progress (1): 594 kB
Progress (1): 599 kB
Progress (1): 603 kB
Progress (1): 607 kB
Progress (1): 611 kB
Progress (1): 615 kB
Progress (1): 619 kB
Progress (1): 623 kB
Progress (1): 627 kB
Progress (1): 631 kB
Progress (1): 635 kB
Progress (1): 639 kB
Progress (1): 644 kB
Progress (1): 648 kB
Progress (1): 652 kB
Progress (1): 656 kB
Progress (1): 660 kB
Progress (1): 664 kB
Progress (1): 667 kB
Progress (1): 672 kB
Progress (1): 676 kB
Progress (1): 680 kB
Progress (1): 684 kB
Progress (1): 688 kB
Progress (1): 692 kB
Progress (1): 696 kB
Progress (1): 700 kB
Progress (1): 704 kB
Progress (1): 708 kB
Progress (1): 712 kB
Progress (1): 717 kB
Progress (1): 719 kB
Progress (1): 723 kB
Progress (1): 727 kB
Progress (1): 731 kB
Progress (1): 736 kB
Progress (1): 740 kB
Progress (1): 744 kB
Progress (1): 748 kB
Progress (1): 752 kB
Progress (1): 756 kB
Progress (1): 760 kB
Progress (1): 764 kB
Progress (1): 768 kB
Progress (1): 772 kB
Progress (1): 777 kB
Progress (1): 781 kB
Progress (1): 785 kB
Progress (1): 789 kB
Progress (1): 793 kB
Progress (1): 797 kB
Progress (1): 801 kB
Progress (1): 805 kB
Progress (1): 809 kB
Progress (1): 813 kB
Progress (1): 818 kB
Progress (1): 822 kB
Progress (1): 826 kB
Progress (1): 830 kB
Progress (1): 834 kB
Progress (1): 838 kB
Progress (1): 842 kB
Progress (1): 846 kB
Progress (1): 850 kB
Progress (1): 854 kB
Progress (1): 858 kB
Progress (1): 863 kB
Progress (1): 867 kB
Progress (1): 871 kB
Progress (1): 875 kB
Progress (1): 879 kB
Progress (1): 883 kB
Progress (1): 887 kB
Progress (1): 891 kB
Progress (1): 895 kB
Progress (1): 899 kB
Progress (1): 904 kB
Progress (1): 908 kB
Progress (1): 912 kB
Progress (1): 916 kB
Progress (1): 920 kB
Progress (1): 924 kB
Progress (1): 928 kB
Progress (1): 932 kB
Progress (1): 936 kB
Progress (1): 940 kB
Progress (1): 944 kB
Progress (1): 949 kB
Progress (1): 953 kB
Progress (1): 957 kB
Progress (1): 961 kB
Progress (1): 965 kB
Progress (1): 969 kB
Progress (1): 973 kB
Progress (1): 977 kB
Progress (1): 981 kB
Progress (1): 985 kB
Progress (1): 990 kB
Progress (1): 994 kB
Progress (1): 998 kB
Progress (1): 1.0 MB
Progress (1): 1.0 MB
Progress (1): 1.0 MB
Progress (1): 1.0 MB
Progress (1): 1.0 MB
Progress (1): 1.0 MB
Progress (1): 1.0 MB
Progress (1): 1.0 MB
Progress (1): 1.0 MB
Progress (1): 1.0 MB
Progress (1): 1.0 MB
Progress (1): 1.0 MB
Progress (1): 1.1 MB
Progress (1): 1.1 MB
Progress (1): 1.1 MB
Progress (1): 1.1 MB
Progress (1): 1.1 MB
Progress (1): 1.1 MB
Progress (1): 1.1 MB
Progress (1): 1.1 MB
Progress (1): 1.1 MB
Progress (1): 1.1 MB
Progress (1): 1.1 MB
Progress (1): 1.1 MB
Progress (1): 1.1 MB
Progress (1): 1.1 MB
Progress (1): 1.1 MB
Progress (1): 1.1 MB
Progress (1): 1.1 MB
Progress (1): 1.1 MB
Progress (1): 1.1 MB
Progress (1): 1.1 MB
Progress (1): 1.1 MB
Progress (1): 1.1 MB
Progress (1): 1.1 MB
Progress (1): 1.1 MB
Progress (1): 1.1 MB
Progress (1): 1.2 MB
Progress (1): 1.2 MB
Progress (1): 1.2 MB
Progress (1): 1.2 MB
Progress (1): 1.2 MB
Progress (1): 1.2 MB
Progress (1): 1.2 MB
Progress (1): 1.2 MB
Progress (1): 1.2 MB
Progress (1): 1.2 MB
Progress (1): 1.2 MB
Progress (1): 1.2 MB
Progress (1): 1.2 MB
Progress (1): 1.2 MB
Progress (1): 1.2 MB
Progress (1): 1.2 MB
Progress (1): 1.2 MB
Progress (1): 1.2 MB
Progress (1): 1.2 MB
Progress (1): 1.2 MB
Progress (1): 1.2 MB
Progress (1): 1.2 MB
Progress (1): 1.2 MB
Progress (1): 1.2 MB
Progress (1): 1.3 MB
Progress (1): 1.3 MB
Progress (1): 1.3 MB
Progress (1): 1.3 MB
Progress (1): 1.3 MB
Progress (1): 1.3 MB
Progress (1): 1.3 MB
Progress (1): 1.3 MB
Progress (1): 1.3 MB
Progress (1): 1.3 MB
Progress (1): 1.3 MB
Progress (1): 1.3 MB
Progress (1): 1.3 MB
Progress (1): 1.3 MB
Progress (1): 1.3 MB
Progress (1): 1.3 MB
Progress (1): 1.3 MB
Progress (1): 1.3 MB
Progress (1): 1.3 MB
Progress (1): 1.3 MB
Progress (1): 1.3 MB
Progress (1): 1.3 MB
Progress (1): 1.3 MB
Progress (1): 1.3 MB
Progress (1): 1.3 MB
Progress (1): 1.4 MB
Progress (1): 1.4 MB
Progress (1): 1.4 MB
Progress (1): 1.4 MB
Progress (1): 1.4 MB
Progress (1): 1.4 MB
Progress (1): 1.4 MB
Progress (1): 1.4 MB
Progress (1): 1.4 MB
Progress (1): 1.4 MB
Progress (1): 1.4 MB
Progress (1): 1.4 MB
Progress (1): 1.4 MB
Progress (1): 1.4 MB
Progress (1): 1.4 MB
Progress (1): 1.4 MB
Progress (1): 1.4 MB
Progress (1): 1.4 MB
Progress (1): 1.4 MB
Progress (1): 1.4 MB
Progress (1): 1.4 MB
Progress (1): 1.4 MB
Progress (1): 1.4 MB
Progress (1): 1.4 MB
Progress (1): 1.5 MB
Progress (1): 1.5 MB
Progress (1): 1.5 MB
Progress (1): 1.5 MB
Progress (1): 1.5 MB
Progress (1): 1.5 MB
Progress (1): 1.5 MB
Progress (1): 1.5 MB
Progress (1): 1.5 MB
Progress (1): 1.5 MB
Progress (1): 1.5 MB
Progress (1): 1.5 MB
Progress (1): 1.5 MB
Progress (1): 1.5 MB
Progress (1): 1.5 MB
Progress (1): 1.5 MB
Progress (1): 1.5 MB
Progress (1): 1.5 MB
Progress (1): 1.5 MB
Progress (1): 1.5 MB
Progress (1): 1.5 MB
Progress (1): 1.5 MB
Progress (1): 1.5 MB
Progress (1): 1.5 MB
Progress (1): 1.6 MB
Progress (1): 1.6 MB
Progress (1): 1.6 MB
Progress (1): 1.6 MB
Progress (1): 1.6 MB
Progress (1): 1.6 MB
Progress (1): 1.6 MB
Progress (1): 1.6 MB
Progress (1): 1.6 MB
Progress (1): 1.6 MB
Progress (1): 1.6 MB
Progress (1): 1.6 MB
Progress (1): 1.6 MB
Progress (1): 1.6 MB
Progress (1): 1.6 MB
Progress (1): 1.6 MB
Progress (1): 1.6 MB
Progress (1): 1.6 MB
Progress (1): 1.6 MB
Progress (1): 1.6 MB
Progress (1): 1.6 MB
Progress (1): 1.6 MB
Progress (1): 1.6 MB
Progress (1): 1.6 MB
Progress (1): 1.6 MB
Progress (1): 1.7 MB
Progress (1): 1.7 MB
Progress (1): 1.7 MB
Progress (1): 1.7 MB
Progress (1): 1.7 MB
Progress (1): 1.7 MB
Progress (1): 1.7 MB
Progress (1): 1.7 MB
Progress (1): 1.7 MB
Progress (1): 1.7 MB
Progress (1): 1.7 MB
Progress (1): 1.7 MB
Progress (1): 1.7 MB
Progress (1): 1.7 MB
Progress (1): 1.7 MB
Progress (1): 1.7 MB
Progress (1): 1.7 MB
Progress (1): 1.7 MB
Progress (1): 1.7 MB
Progress (1): 1.7 MB
Progress (1): 1.7 MB
Progress (1): 1.7 MB
Progress (1): 1.7 MB
Progress (1): 1.7 MB
Progress (1): 1.8 MB
Progress (1): 1.8 MB
Progress (1): 1.8 MB
Progress (1): 1.8 MB
Progress (1): 1.8 MB
Progress (1): 1.8 MB
Progress (1): 1.8 MB
Progress (1): 1.8 MB
Progress (1): 1.8 MB
Progress (1): 1.8 MB
Progress (1): 1.8 MB
Progress (1): 1.8 MB
Progress (1): 1.8 MB
Progress (1): 1.8 MB
Progress (1): 1.8 MB
Progress (1): 1.8 MB
Progress (1): 1.8 MB
Progress (1): 1.8 MB
Progress (1): 1.8 MB
Progress (1): 1.8 MB
Progress (1): 1.8 MB
Progress (1): 1.8 MB
Progress (1): 1.8 MB
Progress (1): 1.8 MB
Progress (1): 1.8 MB
Progress (1): 1.8 MB
Progress (1): 1.9 MB
Progress (1): 1.9 MB
Progress (1): 1.9 MB
Progress (1): 1.9 MB
Progress (1): 1.9 MB
Progress (1): 1.9 MB
Progress (1): 1.9 MB
Progress (1): 1.9 MB
Progress (1): 1.9 MB
Progress (1): 1.9 MB
Progress (1): 1.9 MB
Progress (1): 1.9 MB
Progress (1): 1.9 MB
Progress (1): 1.9 MB
Progress (1): 1.9 MB
Progress (1): 1.9 MB
Progress (1): 1.9 MB
Progress (1): 1.9 MB
Progress (1): 1.9 MB
Progress (1): 1.9 MB
Progress (1): 1.9 MB
Progress (1): 1.9 MB
Progress (1): 1.9 MB
Progress (1): 1.9 MB
Progress (1): 1.9 MB
Progress (1): 2.0 MB
Progress (1): 2.0 MB
Progress (1): 2.0 MB
Progress (1): 2.0 MB
Progress (1): 2.0 MB
Progress (1): 2.0 MB
Progress (1): 2.0 MB
Progress (1): 2.0 MB
Progress (1): 2.0 MB
Progress (1): 2.0 MB
Progress (1): 2.0 MB
Progress (1): 2.0 MB
Progress (1): 2.0 MB
Progress (1): 2.0 MB
Progress (1): 2.0 MB
Progress (1): 2.0 MB
Progress (1): 2.0 MB
Progress (1): 2.0 MB
Progress (1): 2.0 MB
Progress (1): 2.0 MB
Progress (1): 2.0 MB
Progress (1): 2.0 MB
Progress (2): 2.0 MB | 4.1 kB
Progress (2): 2.0 MB | 4.1 kB
Progress (2): 2.0 MB | 8.2 kB
Progress (2): 2.0 MB | 8.2 kB
Progress (2): 2.0 MB | 12 kB 
Progress (2): 2.0 MB | 12 kB
Progress (2): 2.1 MB | 12 kB
Progress (2): 2.1 MB | 12 kB
Progress (2): 2.1 MB | 12 kB
Progress (2): 2.1 MB | 16 kB
Progress (2): 2.1 MB | 19 kB
Progress (2): 2.1 MB | 23 kB
Progress (2): 2.1 MB | 28 kB
Progress (2): 2.1 MB | 28 kB
Progress (2): 2.1 MB | 32 kB
Progress (2): 2.1 MB | 32 kB
Progress (2): 2.1 MB | 36 kB
Progress (2): 2.1 MB | 39 kB
Progress (2): 2.1 MB | 42 kB
Progress (2): 2.1 MB | 42 kB
Progress (2): 2.1 MB | 46 kB
Progress (2): 2.1 MB | 46 kB
Progress (2): 2.1 MB | 46 kB
Progress (2): 2.1 MB | 50 kB
Progress (2): 2.1 MB | 53 kB
Progress (2): 2.1 MB | 56 kB
Progress (2): 2.1 MB | 60 kB
Progress (2): 2.1 MB | 64 kB
Progress (2): 2.1 MB | 64 kB
Progress (2): 2.1 MB | 64 kB
Progress (2): 2.1 MB | 64 kB
Progress (2): 2.1 MB | 64 kB
Progress (2): 2.1 MB | 64 kB
Progress (2): 2.1 MB | 68 kB
Progress (2): 2.1 MB | 71 kB
Progress (2): 2.1 MB | 74 kB
Progress (2): 2.1 MB | 77 kB
Progress (2): 2.1 MB | 81 kB
Progress (2): 2.1 MB | 85 kB
Progress (2): 2.1 MB | 89 kB
Progress (2): 2.1 MB | 93 kB
Progress (2): 2.1 MB | 97 kB
Progress (2): 2.1 MB | 99 kB
Progress (2): 2.1 MB | 102 kB
Progress (2): 2.1 MB | 102 kB
Progress (2): 2.1 MB | 102 kB
Progress (2): 2.1 MB | 102 kB
Progress (2): 2.1 MB | 102 kB
Progress (2): 2.1 MB | 102 kB
Progress (2): 2.1 MB | 102 kB
Progress (2): 2.1 MB | 102 kB
Progress (2): 2.1 MB | 105 kB
Progress (2): 2.1 MB | 105 kB
Progress (2): 2.1 MB | 109 kB
Progress (2): 2.1 MB | 109 kB
Progress (2): 2.1 MB | 109 kB
Progress (2): 2.1 MB | 113 kB
Progress (2): 2.1 MB | 113 kB
Progress (2): 2.1 MB | 117 kB
Progress (2): 2.1 MB | 121 kB
Progress (2): 2.1 MB | 121 kB
Progress (2): 2.1 MB | 125 kB
Progress (2): 2.2 MB | 125 kB
Progress (2): 2.2 MB | 129 kB
Progress (2): 2.2 MB | 129 kB
Progress (2): 2.2 MB | 132 kB
Progress (2): 2.2 MB | 132 kB
Progress (2): 2.2 MB | 134 kB
Progress (2): 2.2 MB | 134 kB
Progress (2): 2.2 MB | 134 kB
Progress (2): 2.2 MB | 134 kB
Progress (2): 2.2 MB | 134 kB
Progress (2): 2.2 MB | 134 kB
Progress (2): 2.2 MB | 138 kB
Progress (2): 2.2 MB | 138 kB
Progress (2): 2.2 MB | 141 kB
Progress (2): 2.2 MB | 141 kB
Progress (2): 2.2 MB | 145 kB
Progress (2): 2.2 MB | 145 kB
Progress (2): 2.2 MB | 147 kB
Progress (2): 2.2 MB | 147 kB
Progress (2): 2.2 MB | 147 kB
Progress (2): 2.2 MB | 147 kB
Progress (2): 2.2 MB | 147 kB
Progress (2): 2.2 MB | 147 kB
Progress (2): 2.2 MB | 147 kB
Progress (2): 2.2 MB | 147 kB
Progress (2): 2.2 MB | 147 kB
Progress (2): 2.2 MB | 147 kB
Progress (2): 2.2 MB | 147 kB
Progress (2): 2.2 MB | 147 kB
Progress (2): 2.2 MB | 147 kB
Progress (2): 2.2 MB | 147 kB
Progress (2): 2.2 MB | 147 kB
Progress (2): 2.3 MB | 147 kB
Progress (2): 2.3 MB | 147 kB
Progress (2): 2.3 MB | 147 kB
Progress (2): 2.3 MB | 147 kB
Progress (2): 2.3 MB | 147 kB
Progress (2): 2.3 MB | 147 kB
Progress (2): 2.3 MB | 147 kB
Progress (2): 2.3 MB | 147 kB
Progress (2): 2.3 MB | 147 kB
Progress (2): 2.3 MB | 147 kB
Progress (2): 2.3 MB | 147 kB
Progress (2): 2.3 MB | 147 kB
Progress (2): 2.3 MB | 147 kB
Progress (2): 2.3 MB | 147 kB
Progress (2): 2.3 MB | 147 kB
Progress (2): 2.3 MB | 147 kB
Progress (2): 2.3 MB | 147 kB
Progress (2): 2.3 MB | 147 kB
Progress (2): 2.3 MB | 147 kB
Progress (2): 2.3 MB | 147 kB
Progress (2): 2.3 MB | 147 kB
Progress (2): 2.3 MB | 147 kB
Progress (3): 2.3 MB | 147 kB | 4.1 kB
Progress (3): 2.3 MB | 147 kB | 4.1 kB
Progress (3): 2.3 MB | 147 kB | 8.2 kB
Progress (3): 2.3 MB | 147 kB | 8.2 kB
Progress (3): 2.3 MB | 147 kB | 11 kB 
Progress (3): 2.3 MB | 147 kB | 14 kB
Progress (3): 2.3 MB | 147 kB | 17 kB
Progress (3): 2.3 MB | 147 kB | 17 kB
Progress (3): 2.3 MB | 147 kB | 19 kB
Progress (3): 2.4 MB | 147 kB | 19 kB
Progress (3): 2.4 MB | 147 kB | 24 kB
Progress (3): 2.4 MB | 147 kB | 24 kB
Progress (3): 2.4 MB | 147 kB | 28 kB
Progress (3): 2.4 MB | 147 kB | 28 kB
Progress (3): 2.4 MB | 147 kB | 28 kB
Progress (3): 2.4 MB | 147 kB | 32 kB
Progress (3): 2.4 MB | 147 kB | 32 kB
Progress (3): 2.4 MB | 147 kB | 36 kB
Progress (3): 2.4 MB | 147 kB | 36 kB
Progress (3): 2.4 MB | 147 kB | 38 kB
Progress (3): 2.4 MB | 147 kB | 38 kB
Progress (3): 2.4 MB | 147 kB | 38 kB
Progress (3): 2.4 MB | 147 kB | 38 kB
Progress (3): 2.4 MB | 147 kB | 41 kB
Progress (3): 2.4 MB | 147 kB | 45 kB
Progress (3): 2.4 MB | 147 kB | 49 kB
Progress (3): 2.4 MB | 147 kB | 53 kB
Progress (3): 2.4 MB | 147 kB | 56 kB
Progress (3): 2.4 MB | 147 kB | 56 kB
Progress (3): 2.4 MB | 147 kB | 60 kB
Progress (3): 2.4 MB | 147 kB | 63 kB
Progress (3): 2.4 MB | 147 kB | 67 kB
Progress (3): 2.4 MB | 147 kB | 71 kB
Progress (3): 2.4 MB | 147 kB | 74 kB
Progress (3): 2.4 MB | 147 kB | 74 kB
Progress (3): 2.4 MB | 147 kB | 74 kB
Progress (3): 2.4 MB | 147 kB | 74 kB
Progress (3): 2.4 MB | 147 kB | 74 kB
Progress (3): 2.4 MB | 147 kB | 74 kB
Progress (3): 2.4 MB | 147 kB | 74 kB
Progress (3): 2.4 MB | 147 kB | 74 kB
Progress (3): 2.4 MB | 147 kB | 74 kB
Progress (3): 2.4 MB | 147 kB | 74 kB
Progress (3): 2.4 MB | 147 kB | 74 kB
Progress (3): 2.4 MB | 147 kB | 74 kB
Progress (3): 2.4 MB | 147 kB | 74 kB
Progress (3): 2.4 MB | 147 kB | 74 kB
Progress (3): 2.4 MB | 147 kB | 74 kB
Progress (3): 2.4 MB | 147 kB | 74 kB
Progress (3): 2.4 MB | 147 kB | 74 kB
Progress (3): 2.5 MB | 147 kB | 74 kB
Progress (3): 2.5 MB | 147 kB | 74 kB
Progress (3): 2.5 MB | 147 kB | 74 kB
Progress (3): 2.5 MB | 147 kB | 74 kB
Progress (3): 2.5 MB | 147 kB | 74 kB
Progress (3): 2.5 MB | 147 kB | 74 kB
Progress (3): 2.5 MB | 147 kB | 74 kB
Progress (3): 2.5 MB | 147 kB | 74 kB
Progress (3): 2.5 MB | 147 kB | 74 kB
Progress (3): 2.5 MB | 147 kB | 74 kB
Progress (3): 2.5 MB | 147 kB | 74 kB
Progress (3): 2.5 MB | 147 kB | 74 kB
Progress (3): 2.5 MB | 147 kB | 74 kB
Progress (3): 2.5 MB | 147 kB | 74 kB
Progress (3): 2.5 MB | 147 kB | 74 kB
Progress (3): 2.5 MB | 147 kB | 74 kB
Progress (3): 2.5 MB | 147 kB | 74 kB
Progress (3): 2.5 MB | 147 kB | 74 kB
Progress (3): 2.5 MB | 147 kB | 74 kB
Progress (3): 2.5 MB | 147 kB | 74 kB
Progress (3): 2.5 MB | 147 kB | 74 kB
Progress (3): 2.5 MB | 147 kB | 74 kB
Progress (3): 2.5 MB | 147 kB | 74 kB
Progress (3): 2.5 MB | 147 kB | 74 kB
Progress (3): 2.5 MB | 147 kB | 74 kB
Progress (3): 2.6 MB | 147 kB | 74 kB
Progress (3): 2.6 MB | 147 kB | 74 kB
Progress (3): 2.6 MB | 147 kB | 74 kB
Progress (3): 2.6 MB | 147 kB | 74 kB
Progress (3): 2.6 MB | 147 kB | 74 kB
Progress (3): 2.6 MB | 147 kB | 74 kB
Progress (3): 2.6 MB | 147 kB | 74 kB
Progress (3): 2.6 MB | 147 kB | 74 kB
Progress (3): 2.6 MB | 147 kB | 74 kB
Progress (3): 2.6 MB | 147 kB | 74 kB
Progress (3): 2.6 MB | 147 kB | 74 kB
Progress (3): 2.6 MB | 147 kB | 74 kB
Progress (3): 2.6 MB | 147 kB | 74 kB
Progress (3): 2.6 MB | 147 kB | 74 kB
Progress (3): 2.6 MB | 147 kB | 74 kB
Progress (3): 2.6 MB | 147 kB | 74 kB
Progress (3): 2.6 MB | 147 kB | 74 kB
Progress (3): 2.6 MB | 147 kB | 74 kB
Progress (3): 2.6 MB | 147 kB | 74 kB
Progress (3): 2.6 MB | 147 kB | 74 kB
Progress (3): 2.6 MB | 147 kB | 74 kB
Progress (3): 2.6 MB | 147 kB | 74 kB
Progress (3): 2.6 MB | 147 kB | 74 kB
Progress (3): 2.6 MB | 147 kB | 74 kB
Progress (3): 2.7 MB | 147 kB | 74 kB
Progress (3): 2.7 MB | 147 kB | 74 kB
Progress (3): 2.7 MB | 147 kB | 74 kB
Progress (3): 2.7 MB | 147 kB | 74 kB
Progress (3): 2.7 MB | 147 kB | 74 kB
Progress (3): 2.7 MB | 147 kB | 74 kB
Progress (3): 2.7 MB | 147 kB | 74 kB
Progress (3): 2.7 MB | 147 kB | 74 kB
Progress (3): 2.7 MB | 147 kB | 74 kB
Progress (3): 2.7 MB | 147 kB | 74 kB
Progress (3): 2.7 MB | 147 kB | 74 kB
Progress (3): 2.7 MB | 147 kB | 74 kB
Progress (3): 2.7 MB | 147 kB | 74 kB
Progress (3): 2.7 MB | 147 kB | 74 kB
Progress (3): 2.7 MB | 147 kB | 74 kB
Progress (3): 2.7 MB | 147 kB | 74 kB
Progress (3): 2.7 MB | 147 kB | 74 kB
Progress (3): 2.7 MB | 147 kB | 74 kB
Progress (3): 2.7 MB | 147 kB | 74 kB
Progress (3): 2.7 MB | 147 kB | 74 kB
Progress (3): 2.7 MB | 147 kB | 74 kB
Progress (3): 2.7 MB | 147 kB | 74 kB
Progress (3): 2.7 MB | 147 kB | 74 kB
Progress (3): 2.7 MB | 147 kB | 74 kB
Progress (3): 2.7 MB | 147 kB | 74 kB
Progress (3): 2.7 MB | 147 kB | 74 kB
Progress (3): 2.8 MB | 147 kB | 74 kB
Progress (3): 2.8 MB | 147 kB | 74 kB
Progress (3): 2.8 MB | 147 kB | 74 kB
Progress (3): 2.8 MB | 147 kB | 74 kB
Progress (3): 2.8 MB | 147 kB | 74 kB
Progress (3): 2.8 MB | 147 kB | 74 kB
Progress (3): 2.8 MB | 147 kB | 74 kB
Progress (3): 2.8 MB | 147 kB | 74 kB
Progress (3): 2.8 MB | 147 kB | 74 kB
Progress (3): 2.8 MB | 147 kB | 74 kB
Progress (3): 2.8 MB | 147 kB | 74 kB
Progress (3): 2.8 MB | 147 kB | 74 kB
Progress (3): 2.8 MB | 147 kB | 74 kB
Progress (3): 2.8 MB | 147 kB | 74 kB
Progress (3): 2.8 MB | 147 kB | 74 kB
Progress (3): 2.8 MB | 147 kB | 74 kB
Progress (3): 2.8 MB | 147 kB | 77 kB
Progress (3): 2.8 MB | 147 kB | 77 kB
Progress (3): 2.8 MB | 147 kB | 77 kB
Progress (3): 2.8 MB | 147 kB | 77 kB
Progress (3): 2.8 MB | 147 kB | 77 kB
Progress (3): 2.8 MB | 147 kB | 77 kB
Progress (3): 2.8 MB | 147 kB | 77 kB
Progress (3): 2.8 MB | 147 kB | 77 kB
Progress (3): 2.8 MB | 147 kB | 77 kB
Progress (3): 2.8 MB | 147 kB | 81 kB
Progress (3): 2.9 MB | 147 kB | 81 kB
Progress (3): 2.9 MB | 147 kB | 85 kB
Progress (3): 2.9 MB | 147 kB | 85 kB
Progress (3): 2.9 MB | 147 kB | 89 kB
Progress (3): 2.9 MB | 147 kB | 93 kB
Progress (3): 2.9 MB | 147 kB | 97 kB
Progress (3): 2.9 MB | 147 kB | 100 kB
Progress (3): 2.9 MB | 147 kB | 102 kB
Progress (3): 2.9 MB | 147 kB | 106 kB
Progress (3): 2.9 MB | 147 kB | 109 kB
Progress (3): 2.9 MB | 147 kB | 112 kB
Progress (3): 2.9 MB | 147 kB | 116 kB
Progress (3): 2.9 MB | 147 kB | 119 kB
Progress (3): 2.9 MB | 147 kB | 123 kB
Progress (3): 2.9 MB | 147 kB | 127 kB
Progress (3): 2.9 MB | 147 kB | 131 kB
Progress (3): 2.9 MB | 147 kB | 134 kB
Progress (3): 2.9 MB | 147 kB | 138 kB
Progress (3): 2.9 MB | 147 kB | 143 kB
Progress (3): 2.9 MB | 147 kB | 147 kB
Progress (3): 2.9 MB | 147 kB | 151 kB
Progress (3): 2.9 MB | 147 kB | 155 kB
Progress (3): 2.9 MB | 147 kB | 159 kB
Progress (3): 2.9 MB | 147 kB | 163 kB
Progress (3): 2.9 MB | 147 kB | 167 kB
Progress (3): 2.9 MB | 147 kB | 171 kB
Progress (3): 2.9 MB | 147 kB | 175 kB
Progress (3): 2.9 MB | 147 kB | 179 kB
Progress (3): 2.9 MB | 147 kB | 184 kB
Progress (3): 2.9 MB | 147 kB | 188 kB
Progress (3): 2.9 MB | 147 kB | 192 kB
Progress (3): 2.9 MB | 147 kB | 196 kB
Progress (3): 2.9 MB | 147 kB | 200 kB
Progress (3): 2.9 MB | 147 kB | 204 kB
Progress (3): 2.9 MB | 147 kB | 208 kB
Progress (3): 2.9 MB | 147 kB | 212 kB
Progress (3): 2.9 MB | 147 kB | 216 kB
Progress (3): 2.9 MB | 147 kB | 220 kB
Progress (3): 2.9 MB | 147 kB | 225 kB
Progress (3): 2.9 MB | 147 kB | 229 kB
Progress (3): 2.9 MB | 147 kB | 233 kB
Progress (3): 2.9 MB | 147 kB | 237 kB
Progress (3): 2.9 MB | 147 kB | 241 kB
Progress (3): 2.9 MB | 147 kB | 245 kB
Progress (3): 2.9 MB | 147 kB | 249 kB
Progress (3): 2.9 MB | 147 kB | 253 kB
Progress (3): 2.9 MB | 147 kB | 257 kB
Progress (3): 2.9 MB | 147 kB | 261 kB
Progress (3): 2.9 MB | 147 kB | 265 kB
Progress (3): 2.9 MB | 147 kB | 270 kB
Progress (3): 2.9 MB | 147 kB | 274 kB
Progress (3): 2.9 MB | 147 kB | 278 kB
Progress (3): 2.9 MB | 147 kB | 282 kB
                                      
Downloaded from aiban-tianyin-core: https://aiban-maven.pkg.coding.net/repository/tianyin/core/com/sun/xml/bind/jaxb-xjc/4.0.5/jaxb-xjc-4.0.5.jar (0 B at 0 B/s)
Progress (3): 2.9 MB | 147 kB | 286 kB
                                      
Downloading from aiban-tianyin-core: https://aiban-maven.pkg.coding.net/repository/tianyin/core/xpp3/xpp3/1.1.3.4.O/xpp3-1.1.3.4.O.jar
Progress (3): 2.9 MB | 147 kB | 290 kB
Progress (3): 2.9 MB | 147 kB | 294 kB
Progress (3): 2.9 MB | 147 kB | 298 kB
Progress (3): 2.9 MB | 147 kB | 302 kB
Progress (3): 2.9 MB | 147 kB | 306 kB
Progress (3): 2.9 MB | 147 kB | 311 kB
Progress (3): 2.9 MB | 147 kB | 315 kB
Progress (3): 2.9 MB | 147 kB | 319 kB
Progress (3): 2.9 MB | 147 kB | 323 kB
Progress (3): 2.9 MB | 147 kB | 327 kB
Progress (3): 2.9 MB | 147 kB | 331 kB
Progress (3): 2.9 MB | 147 kB | 335 kB
Progress (3): 2.9 MB | 147 kB | 339 kB
Progress (3): 2.9 MB | 147 kB | 343 kB
Progress (3): 2.9 MB | 147 kB | 347 kB
Progress (3): 2.9 MB | 147 kB | 351 kB
Progress (3): 2.9 MB | 147 kB | 356 kB
Progress (3): 2.9 MB | 147 kB | 360 kB
Progress (3): 2.9 MB | 147 kB | 364 kB
Progress (3): 2.9 MB | 147 kB | 368 kB
Progress (3): 2.9 MB | 147 kB | 372 kB
Progress (3): 2.9 MB | 147 kB | 376 kB
Progress (3): 2.9 MB | 147 kB | 380 kB
Progress (3): 2.9 MB | 147 kB | 384 kB
Progress (3): 2.9 MB | 147 kB | 388 kB
Progress (3): 2.9 MB | 147 kB | 392 kB
Progress (3): 2.9 MB | 147 kB | 397 kB
Progress (3): 2.9 MB | 147 kB | 401 kB
Progress (3): 2.9 MB | 147 kB | 405 kB
Progress (3): 2.9 MB | 147 kB | 409 kB
Progress (3): 2.9 MB | 147 kB | 413 kB
Progress (3): 2.9 MB | 147 kB | 417 kB
Progress (3): 2.9 MB | 147 kB | 421 kB
Progress (3): 2.9 MB | 147 kB | 425 kB
Progress (3): 2.9 MB | 147 kB | 429 kB
Progress (3): 2.9 MB | 147 kB | 433 kB
Progress (3): 2.9 MB | 147 kB | 437 kB
Progress (3): 2.9 MB | 147 kB | 442 kB
Progress (3): 2.9 MB | 147 kB | 446 kB
Progress (3): 2.9 MB | 147 kB | 450 kB
Progress (3): 2.9 MB | 147 kB | 454 kB
Progress (3): 2.9 MB | 147 kB | 458 kB
Progress (3): 2.9 MB | 147 kB | 462 kB
Progress (3): 2.9 MB | 147 kB | 466 kB
Progress (3): 2.9 MB | 147 kB | 470 kB
Progress (3): 2.9 MB | 147 kB | 474 kB
Progress (3): 2.9 MB | 147 kB | 478 kB
Progress (3): 2.9 MB | 147 kB | 483 kB
Progress (3): 2.9 MB | 147 kB | 487 kB
Progress (3): 2.9 MB | 147 kB | 491 kB
Progress (3): 2.9 MB | 147 kB | 495 kB
Progress (3): 2.9 MB | 147 kB | 499 kB
Progress (3): 2.9 MB | 147 kB | 503 kB
Progress (3): 2.9 MB | 147 kB | 507 kB
Progress (3): 2.9 MB | 147 kB | 511 kB
Progress (3): 2.9 MB | 147 kB | 515 kB
Progress (3): 2.9 MB | 147 kB | 519 kB
Progress (3): 2.9 MB | 147 kB | 523 kB
Progress (3): 2.9 MB | 147 kB | 528 kB
Progress (3): 2.9 MB | 147 kB | 532 kB
Progress (3): 2.9 MB | 147 kB | 536 kB
Progress (3): 2.9 MB | 147 kB | 540 kB
Progress (3): 2.9 MB | 147 kB | 544 kB
Progress (3): 2.9 MB | 147 kB | 548 kB
Progress (3): 2.9 MB | 147 kB | 552 kB
Progress (3): 2.9 MB | 147 kB | 556 kB
Progress (3): 2.9 MB | 147 kB | 560 kB
Progress (3): 2.9 MB | 147 kB | 564 kB
Progress (3): 2.9 MB | 147 kB | 568 kB
Progress (3): 2.9 MB | 147 kB | 573 kB
Progress (3): 2.9 MB | 147 kB | 577 kB
Progress (3): 2.9 MB | 147 kB | 581 kB
Progress (3): 2.9 MB | 147 kB | 585 kB
Progress (3): 2.9 MB | 147 kB | 589 kB
Progress (3): 2.9 MB | 147 kB | 593 kB
Progress (3): 2.9 MB | 147 kB | 597 kB
Progress (3): 2.9 MB | 147 kB | 601 kB
Progress (3): 2.9 MB | 147 kB | 605 kB
Progress (3): 2.9 MB | 147 kB | 609 kB
Progress (3): 2.9 MB | 147 kB | 614 kB
Progress (3): 2.9 MB | 147 kB | 618 kB
Progress (3): 2.9 MB | 147 kB | 622 kB
Progress (3): 2.9 MB | 147 kB | 626 kB
Progress (3): 2.9 MB | 147 kB | 630 kB
Progress (3): 2.9 MB | 147 kB | 634 kB
Progress (3): 2.9 MB | 147 kB | 638 kB
Progress (3): 2.9 MB | 147 kB | 642 kB
Progress (3): 2.9 MB | 147 kB | 643 kB
Progress (4): 2.9 MB | 147 kB | 643 kB | 4.1 kB
Progress (4): 2.9 MB | 147 kB | 643 kB | 8.2 kB
Progress (4): 2.9 MB | 147 kB | 643 kB | 12 kB 
Progress (4): 2.9 MB | 147 kB | 643 kB | 14 kB
                                              
Downloaded from aiban-tianyin-core: https://aiban-maven.pkg.coding.net/repository/tianyin/core/org/jibx/jibx-run/1.3.3/jibx-run-1.3.3.jar (147 kB at 74 kB/s)
Downloading from aiban-tianyin-core: https://aiban-maven.pkg.coding.net/repository/tianyin/core/org/apache/axis2/axis2-jaxws/1.8.2/axis2-jaxws-1.8.2.jar
Progress (4): 2.9 MB | 643 kB | 14 kB | 2.6 kB
Progress (4): 2.9 MB | 643 kB | 14 kB | 6.7 kB
Progress (4): 2.9 MB | 643 kB | 14 kB | 11 kB 
Progress (4): 2.9 MB | 643 kB | 14 kB | 14 kB
                                             
Downloaded from aiban-tianyin-core: https://aiban-maven.pkg.coding.net/repository/tianyin/core/joda-time/joda-time/2.10.5/joda-time-2.10.5.jar (643 kB at 312 kB/s)
Downloading from aiban-tianyin-core: https://aiban-maven.pkg.coding.net/repository/tianyin/core/org/apache/geronimo/specs/geronimo-annotation_1.0_spec/1.1.1/geronimo-annotation_1.0_spec-1.1.1.jar
Progress (3): 2.9 MB | 14 kB | 18 kB
Progress (3): 2.9 MB | 14 kB | 22 kB
Progress (3): 2.9 MB | 14 kB | 25 kB
Progress (3): 2.9 MB | 14 kB | 29 kB
Progress (3): 2.9 MB | 14 kB | 33 kB
Progress (3): 2.9 MB | 14 kB | 36 kB
Progress (3): 2.9 MB | 14 kB | 40 kB
Progress (3): 2.9 MB | 14 kB | 43 kB
Progress (3): 2.9 MB | 14 kB | 46 kB
Progress (3): 2.9 MB | 14 kB | 49 kB
Progress (3): 2.9 MB | 14 kB | 53 kB
Progress (3): 2.9 MB | 14 kB | 56 kB
Progress (3): 2.9 MB | 14 kB | 59 kB
Progress (3): 2.9 MB | 14 kB | 63 kB
Progress (3): 2.9 MB | 14 kB | 67 kB
Progress (3): 2.9 MB | 14 kB | 70 kB
Progress (3): 2.9 MB | 14 kB | 74 kB
Progress (3): 2.9 MB | 14 kB | 78 kB
Progress (3): 2.9 MB | 14 kB | 81 kB
Progress (3): 2.9 MB | 14 kB | 85 kB
Progress (3): 2.9 MB | 14 kB | 89 kB
Progress (3): 2.9 MB | 14 kB | 92 kB
Progress (3): 2.9 MB | 14 kB | 95 kB
Progress (3): 2.9 MB | 14 kB | 98 kB
Progress (3): 2.9 MB | 14 kB | 101 kB
Progress (3): 2.9 MB | 14 kB | 103 kB
Progress (3): 2.9 MB | 14 kB | 108 kB
Progress (3): 2.9 MB | 14 kB | 112 kB
Progress (3): 2.9 MB | 14 kB | 116 kB
Progress (3): 2.9 MB | 14 kB | 120 kB
Progress (3): 2.9 MB | 14 kB | 120 kB
                                     
Downloaded from aiban-tianyin-core: https://aiban-maven.pkg.coding.net/repository/tianyin/core/com/google/errorprone/javac-shaded/9+181-r4173-1/javac-shaded-9+181-r4173-1.jar (2.9 MB at 1.4 MB/s)
Downloading from aiban-tianyin-core: https://aiban-maven.pkg.coding.net/repository/tianyin/core/org/apache/geronimo/specs/geronimo-jaxws_2.2_spec/1.2/geronimo-jaxws_2.2_spec-1.2.jar
Downloaded from aiban-tianyin-core: https://aiban-maven.pkg.coding.net/repository/tianyin/core/org/apache/axis2/axis2-jibx/1.8.2/axis2-jibx-1.8.2.jar (14 kB at 6.3 kB/s)
Downloading from aiban-tianyin-core: https://aiban-maven.pkg.coding.net/repository/tianyin/core/com/sun/mail/jakarta.mail/1.6.5/jakarta.mail-1.6.5.jar
Downloaded from aiban-tianyin-core: https://aiban-maven.pkg.coding.net/repository/tianyin/core/xpp3/xpp3/1.1.3.4.O/xpp3-1.1.3.4.O.jar (120 kB at 54 kB/s)
Downloading from aiban-tianyin-core: https://aiban-maven.pkg.coding.net/repository/tianyin/core/xml-resolver/xml-resolver/1.2/xml-resolver-1.2.jar
Progress (1): 4.0 kB
Progress (1): 8.1 kB
Progress (1): 12 kB 
Progress (1): 12 kB
Progress (2): 12 kB | 4.1 kB
Progress (2): 12 kB | 8.2 kB
Progress (2): 12 kB | 12 kB 
Progress (2): 12 kB | 16 kB
Progress (2): 12 kB | 20 kB
Progress (2): 12 kB | 25 kB
Progress (2): 12 kB | 28 kB
Progress (2): 12 kB | 32 kB
Progress (2): 12 kB | 36 kB
Progress (2): 12 kB | 39 kB
Progress (2): 12 kB | 42 kB
Progress (2): 12 kB | 46 kB
Progress (2): 12 kB | 50 kB
Progress (2): 12 kB | 53 kB
Progress (2): 12 kB | 57 kB
Progress (2): 12 kB | 60 kB
Progress (2): 12 kB | 60 kB
Progress (3): 12 kB | 60 kB | 2.6 kB
Progress (3): 12 kB | 60 kB | 5.4 kB
Progress (3): 12 kB | 60 kB | 9.5 kB
Progress (3): 12 kB | 60 kB | 14 kB 
Progress (3): 12 kB | 60 kB | 18 kB
Progress (3): 12 kB | 60 kB | 21 kB
Progress (3): 12 kB | 60 kB | 23 kB
Progress (4): 12 kB | 60 kB | 23 kB | 2.6 kB
Progress (4): 12 kB | 60 kB | 28 kB | 2.6 kB
Progress (4): 12 kB | 60 kB | 32 kB | 2.6 kB
Progress (4): 12 kB | 60 kB | 36 kB | 2.6 kB
Progress (4): 12 kB | 60 kB | 39 kB | 2.6 kB
Progress (4): 12 kB | 60 kB | 39 kB | 6.7 kB
Progress (4): 12 kB | 60 kB | 39 kB | 11 kB 
Progress (4): 12 kB | 60 kB | 39 kB | 14 kB
Progress (4): 12 kB | 60 kB | 39 kB | 17 kB
Progress (4): 12 kB | 60 kB | 39 kB | 19 kB
Progress (4): 12 kB | 60 kB | 39 kB | 23 kB
Progress (4): 12 kB | 60 kB | 39 kB | 26 kB
Progress (4): 12 kB | 60 kB | 39 kB | 31 kB
Progress (4): 12 kB | 60 kB | 39 kB | 35 kB
Progress (4): 12 kB | 60 kB | 39 kB | 38 kB
Progress (4): 12 kB | 60 kB | 39 kB | 42 kB
Progress (4): 12 kB | 60 kB | 39 kB | 44 kB
Progress (4): 12 kB | 60 kB | 39 kB | 48 kB
Progress (4): 12 kB | 60 kB | 39 kB | 53 kB
Progress (4): 12 kB | 60 kB | 39 kB | 56 kB
Progress (4): 12 kB | 60 kB | 39 kB | 60 kB
Progress (4): 12 kB | 60 kB | 39 kB | 63 kB
Progress (4): 12 kB | 60 kB | 39 kB | 66 kB
Progress (4): 12 kB | 60 kB | 39 kB | 68 kB
Progress (4): 12 kB | 60 kB | 39 kB | 71 kB
Progress (4): 12 kB | 60 kB | 39 kB | 74 kB
Progress (4): 12 kB | 60 kB | 39 kB | 78 kB
Progress (4): 12 kB | 60 kB | 39 kB | 82 kB
Progress (4): 12 kB | 60 kB | 39 kB | 84 kB
Progress (4): 12 kB | 60 kB | 42 kB | 84 kB
Progress (4): 12 kB | 60 kB | 46 kB | 84 kB
Progress (4): 12 kB | 60 kB | 50 kB | 84 kB
Progress (4): 12 kB | 60 kB | 54 kB | 84 kB
Progress (4): 12 kB | 60 kB | 57 kB | 84 kB
Progress (4): 12 kB | 60 kB | 61 kB | 84 kB
Progress (4): 12 kB | 60 kB | 65 kB | 84 kB
Progress (4): 12 kB | 60 kB | 69 kB | 84 kB
Progress (4): 12 kB | 60 kB | 74 kB | 84 kB
Progress (4): 12 kB | 60 kB | 77 kB | 84 kB
Progress (4): 12 kB | 60 kB | 80 kB | 84 kB
Progress (4): 12 kB | 60 kB | 82 kB | 84 kB
Progress (4): 12 kB | 60 kB | 87 kB | 84 kB
Progress (4): 12 kB | 60 kB | 91 kB | 84 kB
Progress (4): 12 kB | 60 kB | 95 kB | 84 kB
Progress (4): 12 kB | 60 kB | 99 kB | 84 kB
Progress (4): 12 kB | 60 kB | 101 kB | 84 kB
Progress (4): 12 kB | 60 kB | 103 kB | 84 kB
Progress (4): 12 kB | 60 kB | 108 kB | 84 kB
Progress (4): 12 kB | 60 kB | 110 kB | 84 kB
Progress (4): 12 kB | 60 kB | 115 kB | 84 kB
Progress (4): 12 kB | 60 kB | 118 kB | 84 kB
Progress (4): 12 kB | 60 kB | 120 kB | 84 kB
Progress (4): 12 kB | 60 kB | 123 kB | 84 kB
Progress (4): 12 kB | 60 kB | 126 kB | 84 kB
Progress (4): 12 kB | 60 kB | 130 kB | 84 kB
Progress (5): 12 kB | 60 kB | 130 kB | 84 kB | 4.1 kB
Progress (5): 12 kB | 60 kB | 130 kB | 84 kB | 8.2 kB
Progress (5): 12 kB | 60 kB | 130 kB | 84 kB | 12 kB 
Progress (5): 12 kB | 60 kB | 130 kB | 84 kB | 16 kB
Progress (5): 12 kB | 60 kB | 130 kB | 84 kB | 20 kB
Progress (5): 12 kB | 60 kB | 130 kB | 84 kB | 25 kB
Progress (5): 12 kB | 60 kB | 130 kB | 84 kB | 29 kB
Progress (5): 12 kB | 60 kB | 130 kB | 84 kB | 32 kB
Progress (5): 12 kB | 60 kB | 130 kB | 84 kB | 36 kB
Progress (5): 12 kB | 60 kB | 130 kB | 84 kB | 39 kB
Progress (5): 12 kB | 60 kB | 130 kB | 84 kB | 43 kB
Progress (5): 12 kB | 60 kB | 130 kB | 84 kB | 46 kB
Progress (5): 12 kB | 60 kB | 130 kB | 84 kB | 50 kB
Progress (5): 12 kB | 60 kB | 130 kB | 84 kB | 54 kB
Progress (5): 12 kB | 60 kB | 130 kB | 84 kB | 58 kB
Progress (5): 12 kB | 60 kB | 130 kB | 84 kB | 62 kB
Progress (5): 12 kB | 60 kB | 130 kB | 84 kB | 66 kB
Progress (5): 12 kB | 60 kB | 130 kB | 84 kB | 70 kB
Progress (5): 12 kB | 60 kB | 130 kB | 84 kB | 74 kB
Progress (5): 12 kB | 60 kB | 130 kB | 84 kB | 77 kB
Progress (5): 12 kB | 60 kB | 130 kB | 84 kB | 81 kB
Progress (5): 12 kB | 60 kB | 130 kB | 84 kB | 85 kB
Progress (5): 12 kB | 60 kB | 130 kB | 84 kB | 89 kB
Progress (5): 12 kB | 60 kB | 130 kB | 84 kB | 92 kB
Progress (5): 12 kB | 60 kB | 130 kB | 84 kB | 95 kB
Progress (5): 12 kB | 60 kB | 130 kB | 84 kB | 98 kB
Progress (5): 12 kB | 60 kB | 130 kB | 84 kB | 101 kB
Progress (5): 12 kB | 60 kB | 130 kB | 84 kB | 103 kB
Progress (5): 12 kB | 60 kB | 130 kB | 84 kB | 108 kB
Progress (5): 12 kB | 60 kB | 130 kB | 84 kB | 112 kB
Progress (5): 12 kB | 60 kB | 130 kB | 84 kB | 116 kB
Progress (5): 12 kB | 60 kB | 133 kB | 84 kB | 116 kB
Progress (5): 12 kB | 60 kB | 133 kB | 84 kB | 119 kB
Progress (5): 12 kB | 60 kB | 136 kB | 84 kB | 119 kB
Progress (5): 12 kB | 60 kB | 136 kB | 84 kB | 122 kB
Progress (5): 12 kB | 60 kB | 136 kB | 84 kB | 126 kB
Progress (5): 12 kB | 60 kB | 136 kB | 84 kB | 130 kB
Progress (5): 12 kB | 60 kB | 136 kB | 84 kB | 133 kB
Progress (5): 12 kB | 60 kB | 140 kB | 84 kB | 133 kB
Progress (5): 12 kB | 60 kB | 144 kB | 84 kB | 133 kB
Progress (5): 12 kB | 60 kB | 148 kB | 84 kB | 133 kB
Progress (5): 12 kB | 60 kB | 152 kB | 84 kB | 133 kB
Progress (5): 12 kB | 60 kB | 152 kB | 84 kB | 137 kB
Progress (5): 12 kB | 60 kB | 156 kB | 84 kB | 137 kB
Progress (5): 12 kB | 60 kB | 158 kB | 84 kB | 137 kB
Progress (5): 12 kB | 60 kB | 163 kB | 84 kB | 137 kB
Progress (5): 12 kB | 60 kB | 166 kB | 84 kB | 137 kB
Progress (5): 12 kB | 60 kB | 168 kB | 84 kB | 137 kB
Progress (5): 12 kB | 60 kB | 172 kB | 84 kB | 137 kB
Progress (5): 12 kB | 60 kB | 176 kB | 84 kB | 137 kB
Progress (5): 12 kB | 60 kB | 179 kB | 84 kB | 137 kB
Progress (5): 12 kB | 60 kB | 182 kB | 84 kB | 137 kB
Progress (5): 12 kB | 60 kB | 185 kB | 84 kB | 137 kB
Progress (5): 12 kB | 60 kB | 189 kB | 84 kB | 137 kB
Progress (5): 12 kB | 60 kB | 193 kB | 84 kB | 137 kB
Progress (5): 12 kB | 60 kB | 197 kB | 84 kB | 137 kB
Progress (5): 12 kB | 60 kB | 200 kB | 84 kB | 137 kB
Progress (5): 12 kB | 60 kB | 203 kB | 84 kB | 137 kB
Progress (5): 12 kB | 60 kB | 205 kB | 84 kB | 137 kB
Progress (5): 12 kB | 60 kB | 210 kB | 84 kB | 137 kB
Progress (5): 12 kB | 60 kB | 214 kB | 84 kB | 137 kB
Progress (5): 12 kB | 60 kB | 218 kB | 84 kB | 137 kB
Progress (5): 12 kB | 60 kB | 221 kB | 84 kB | 137 kB
Progress (5): 12 kB | 60 kB | 226 kB | 84 kB | 137 kB
Progress (5): 12 kB | 60 kB | 230 kB | 84 kB | 137 kB
Progress (5): 12 kB | 60 kB | 234 kB | 84 kB | 137 kB
Progress (5): 12 kB | 60 kB | 237 kB | 84 kB | 137 kB
Progress (5): 12 kB | 60 kB | 241 kB | 84 kB | 137 kB
Progress (5): 12 kB | 60 kB | 245 kB | 84 kB | 137 kB
Progress (5): 12 kB | 60 kB | 249 kB | 84 kB | 137 kB
Progress (5): 12 kB | 60 kB | 253 kB | 84 kB | 137 kB
Progress (5): 12 kB | 60 kB | 258 kB | 84 kB | 137 kB
Progress (5): 12 kB | 60 kB | 262 kB | 84 kB | 137 kB
Progress (5): 12 kB | 60 kB | 266 kB | 84 kB | 137 kB
Progress (5): 12 kB | 60 kB | 270 kB | 84 kB | 137 kB
Progress (5): 12 kB | 60 kB | 274 kB | 84 kB | 137 kB
Progress (5): 12 kB | 60 kB | 278 kB | 84 kB | 137 kB
Progress (5): 12 kB | 60 kB | 282 kB | 84 kB | 137 kB
Progress (5): 12 kB | 60 kB | 286 kB | 84 kB | 137 kB
Progress (5): 12 kB | 60 kB | 290 kB | 84 kB | 137 kB
Progress (5): 12 kB | 60 kB | 294 kB | 84 kB | 137 kB
Progress (5): 12 kB | 60 kB | 299 kB | 84 kB | 137 kB
Progress (5): 12 kB | 60 kB | 303 kB | 84 kB | 137 kB
Progress (5): 12 kB | 60 kB | 307 kB | 84 kB | 137 kB
Progress (5): 12 kB | 60 kB | 311 kB | 84 kB | 137 kB
Progress (5): 12 kB | 60 kB | 311 kB | 84 kB | 140 kB
Progress (5): 12 kB | 60 kB | 311 kB | 84 kB | 143 kB
Progress (5): 12 kB | 60 kB | 311 kB | 84 kB | 146 kB
Progress (5): 12 kB | 60 kB | 311 kB | 84 kB | 148 kB
Progress (5): 12 kB | 60 kB | 311 kB | 84 kB | 151 kB
Progress (5): 12 kB | 60 kB | 311 kB | 84 kB | 154 kB
Progress (5): 12 kB | 60 kB | 311 kB | 84 kB | 158 kB
Progress (5): 12 kB | 60 kB | 311 kB | 84 kB | 161 kB
Progress (5): 12 kB | 60 kB | 311 kB | 84 kB | 165 kB
Progress (5): 12 kB | 60 kB | 311 kB | 84 kB | 168 kB
Progress (5): 12 kB | 60 kB | 311 kB | 84 kB | 171 kB
Progress (5): 12 kB | 60 kB | 311 kB | 84 kB | 174 kB
Progress (5): 12 kB | 60 kB | 311 kB | 84 kB | 178 kB
Progress (5): 12 kB | 60 kB | 311 kB | 84 kB | 181 kB
Progress (5): 12 kB | 60 kB | 311 kB | 84 kB | 183 kB
Progress (5): 12 kB | 60 kB | 311 kB | 84 kB | 186 kB
Progress (5): 12 kB | 60 kB | 311 kB | 84 kB | 189 kB
Progress (5): 12 kB | 60 kB | 311 kB | 84 kB | 193 kB
Progress (5): 12 kB | 60 kB | 311 kB | 84 kB | 196 kB
Progress (5): 12 kB | 60 kB | 311 kB | 84 kB | 200 kB
Progress (5): 12 kB | 60 kB | 311 kB | 84 kB | 203 kB
Progress (5): 12 kB | 60 kB | 311 kB | 84 kB | 206 kB
Progress (5): 12 kB | 60 kB | 311 kB | 84 kB | 209 kB
Progress (5): 12 kB | 60 kB | 311 kB | 84 kB | 211 kB
Progress (5): 12 kB | 60 kB | 311 kB | 84 kB | 216 kB
                                                     
Downloaded from aiban-tianyin-core: https://aiban-maven.pkg.coding.net/repository/tianyin/core/org/apache/geronimo/specs/geronimo-annotation_1.0_spec/1.1.1/geronimo-annotation_1.0_spec-1.1.1.jar (12 kB at 5.1 kB/s)
Progress (4): 60 kB | 311 kB | 84 kB | 220 kB
                                             
Downloading from aiban-tianyin-core: https://aiban-maven.pkg.coding.net/repository/tianyin/core/org/glassfish/jaxb/jaxb-xjc/2.3.3/jaxb-xjc-2.3.3.jar
Progress (4): 60 kB | 311 kB | 84 kB | 224 kB
Progress (4): 60 kB | 311 kB | 84 kB | 228 kB
Progress (4): 60 kB | 311 kB | 84 kB | 231 kB
Progress (4): 60 kB | 311 kB | 84 kB | 234 kB
Progress (4): 60 kB | 311 kB | 84 kB | 238 kB
Progress (4): 60 kB | 311 kB | 84 kB | 241 kB
Progress (4): 60 kB | 311 kB | 84 kB | 245 kB
Progress (4): 60 kB | 311 kB | 84 kB | 248 kB
Progress (4): 60 kB | 311 kB | 84 kB | 252 kB
Progress (4): 60 kB | 311 kB | 84 kB | 255 kB
Progress (4): 60 kB | 311 kB | 84 kB | 258 kB
Progress (4): 60 kB | 311 kB | 84 kB | 261 kB
Progress (4): 60 kB | 311 kB | 84 kB | 263 kB
Progress (4): 60 kB | 311 kB | 84 kB | 266 kB
Progress (4): 60 kB | 311 kB | 84 kB | 270 kB
Progress (4): 60 kB | 311 kB | 84 kB | 275 kB
Progress (4): 60 kB | 311 kB | 84 kB | 278 kB
Progress (4): 60 kB | 311 kB | 84 kB | 280 kB
Progress (4): 60 kB | 311 kB | 84 kB | 283 kB
Progress (4): 60 kB | 311 kB | 84 kB | 286 kB
Progress (4): 60 kB | 311 kB | 84 kB | 290 kB
Progress (4): 60 kB | 311 kB | 84 kB | 294 kB
Progress (4): 60 kB | 311 kB | 84 kB | 298 kB
Progress (4): 60 kB | 315 kB | 84 kB | 298 kB
Progress (4): 60 kB | 315 kB | 84 kB | 302 kB
Progress (4): 60 kB | 319 kB | 84 kB | 302 kB
Progress (4): 60 kB | 319 kB | 84 kB | 306 kB
Progress (4): 60 kB | 323 kB | 84 kB | 306 kB
Progress (4): 60 kB | 323 kB | 84 kB | 310 kB
Progress (4): 60 kB | 323 kB | 84 kB | 313 kB
Progress (4): 60 kB | 323 kB | 84 kB | 316 kB
Progress (4): 60 kB | 323 kB | 84 kB | 318 kB
Progress (4): 60 kB | 323 kB | 84 kB | 322 kB
Progress (4): 60 kB | 323 kB | 84 kB | 326 kB
Progress (4): 60 kB | 323 kB | 84 kB | 330 kB
Progress (4): 60 kB | 323 kB | 84 kB | 334 kB
Progress (4): 60 kB | 323 kB | 84 kB | 339 kB
Progress (4): 60 kB | 323 kB | 84 kB | 342 kB
Progress (4): 60 kB | 327 kB | 84 kB | 342 kB
Progress (4): 60 kB | 327 kB | 84 kB | 345 kB
Progress (4): 60 kB | 331 kB | 84 kB | 345 kB
Progress (4): 60 kB | 331 kB | 84 kB | 347 kB
Progress (4): 60 kB | 331 kB | 84 kB | 350 kB
Progress (4): 60 kB | 331 kB | 84 kB | 353 kB
Progress (4): 60 kB | 331 kB | 84 kB | 355 kB
Progress (4): 60 kB | 331 kB | 84 kB | 358 kB
Progress (4): 60 kB | 335 kB | 84 kB | 358 kB
Progress (4): 60 kB | 335 kB | 84 kB | 362 kB
Progress (4): 60 kB | 339 kB | 84 kB | 362 kB
Progress (4): 60 kB | 344 kB | 84 kB | 362 kB
Progress (4): 60 kB | 344 kB | 84 kB | 366 kB
Progress (4): 60 kB | 344 kB | 84 kB | 371 kB
Progress (4): 60 kB | 344 kB | 84 kB | 375 kB
Progress (4): 60 kB | 344 kB | 84 kB | 379 kB
Progress (4): 60 kB | 348 kB | 84 kB | 379 kB
Progress (4): 60 kB | 348 kB | 84 kB | 383 kB
Progress (4): 60 kB | 348 kB | 84 kB | 387 kB
Progress (4): 60 kB | 348 kB | 84 kB | 391 kB
Progress (4): 60 kB | 348 kB | 84 kB | 395 kB
Progress (4): 60 kB | 348 kB | 84 kB | 399 kB
Progress (4): 60 kB | 352 kB | 84 kB | 399 kB
Progress (4): 60 kB | 356 kB | 84 kB | 399 kB
Progress (4): 60 kB | 360 kB | 84 kB | 399 kB
Progress (4): 60 kB | 364 kB | 84 kB | 399 kB
Progress (4): 60 kB | 368 kB | 84 kB | 399 kB
Progress (4): 60 kB | 372 kB | 84 kB | 399 kB
Progress (4): 60 kB | 376 kB | 84 kB | 399 kB
Progress (4): 60 kB | 380 kB | 84 kB | 399 kB
Progress (4): 60 kB | 385 kB | 84 kB | 399 kB
Progress (4): 60 kB | 389 kB | 84 kB | 399 kB
Progress (4): 60 kB | 393 kB | 84 kB | 399 kB
Progress (4): 60 kB | 397 kB | 84 kB | 399 kB
Progress (4): 60 kB | 401 kB | 84 kB | 399 kB
Progress (4): 60 kB | 405 kB | 84 kB | 399 kB
Progress (4): 60 kB | 409 kB | 84 kB | 399 kB
Progress (4): 60 kB | 413 kB | 84 kB | 399 kB
Progress (4): 60 kB | 417 kB | 84 kB | 399 kB
Progress (4): 60 kB | 421 kB | 84 kB | 399 kB
Progress (4): 60 kB | 426 kB | 84 kB | 399 kB
Progress (4): 60 kB | 430 kB | 84 kB | 399 kB
Progress (4): 60 kB | 434 kB | 84 kB | 399 kB
Progress (4): 60 kB | 434 kB | 84 kB | 403 kB
Progress (4): 60 kB | 434 kB | 84 kB | 407 kB
Progress (4): 60 kB | 434 kB | 84 kB | 412 kB
Progress (4): 60 kB | 434 kB | 84 kB | 416 kB
Progress (4): 60 kB | 434 kB | 84 kB | 420 kB
Progress (4): 60 kB | 434 kB | 84 kB | 424 kB
Progress (4): 60 kB | 434 kB | 84 kB | 428 kB
Progress (4): 60 kB | 434 kB | 84 kB | 432 kB
Progress (4): 60 kB | 434 kB | 84 kB | 436 kB
Progress (4): 60 kB | 438 kB | 84 kB | 436 kB
Progress (4): 60 kB | 438 kB | 84 kB | 440 kB
Progress (4): 60 kB | 438 kB | 84 kB | 444 kB
Progress (4): 60 kB | 438 kB | 84 kB | 448 kB
Progress (4): 60 kB | 438 kB | 84 kB | 452 kB
Progress (4): 60 kB | 438 kB | 84 kB | 457 kB
Progress (4): 60 kB | 438 kB | 84 kB | 461 kB
Progress (4): 60 kB | 442 kB | 84 kB | 461 kB
Progress (4): 60 kB | 446 kB | 84 kB | 461 kB
Progress (4): 60 kB | 450 kB | 84 kB | 461 kB
Progress (4): 60 kB | 454 kB | 84 kB | 461 kB
Progress (4): 60 kB | 458 kB | 84 kB | 461 kB
Progress (4): 60 kB | 462 kB | 84 kB | 461 kB
Progress (4): 60 kB | 466 kB | 84 kB | 461 kB
Progress (4): 60 kB | 471 kB | 84 kB | 461 kB
Progress (4): 60 kB | 475 kB | 84 kB | 461 kB
Progress (4): 60 kB | 479 kB | 84 kB | 461 kB
Progress (4): 60 kB | 483 kB | 84 kB | 461 kB
Progress (4): 60 kB | 487 kB | 84 kB | 461 kB
Progress (4): 60 kB | 491 kB | 84 kB | 461 kB
Progress (4): 60 kB | 495 kB | 84 kB | 461 kB
Progress (4): 60 kB | 499 kB | 84 kB | 461 kB
Progress (4): 60 kB | 503 kB | 84 kB | 461 kB
Progress (4): 60 kB | 507 kB | 84 kB | 461 kB
Progress (4): 60 kB | 512 kB | 84 kB | 461 kB
Progress (4): 60 kB | 516 kB | 84 kB | 461 kB
Progress (4): 60 kB | 520 kB | 84 kB | 461 kB
Progress (4): 60 kB | 524 kB | 84 kB | 461 kB
Progress (4): 60 kB | 528 kB | 84 kB | 461 kB
Progress (4): 60 kB | 532 kB | 84 kB | 461 kB
Progress (4): 60 kB | 536 kB | 84 kB | 461 kB
Progress (4): 60 kB | 540 kB | 84 kB | 461 kB
Progress (4): 60 kB | 544 kB | 84 kB | 461 kB
Progress (4): 60 kB | 548 kB | 84 kB | 461 kB
Progress (4): 60 kB | 552 kB | 84 kB | 461 kB
Progress (4): 60 kB | 557 kB | 84 kB | 461 kB
Progress (4): 60 kB | 561 kB | 84 kB | 461 kB
Progress (4): 60 kB | 565 kB | 84 kB | 461 kB
Progress (4): 60 kB | 569 kB | 84 kB | 461 kB
Progress (4): 60 kB | 573 kB | 84 kB | 461 kB
Progress (4): 60 kB | 577 kB | 84 kB | 461 kB
Progress (4): 60 kB | 581 kB | 84 kB | 461 kB
Progress (4): 60 kB | 585 kB | 84 kB | 461 kB
Progress (4): 60 kB | 589 kB | 84 kB | 461 kB
Progress (4): 60 kB | 593 kB | 84 kB | 461 kB
Progress (4): 60 kB | 598 kB | 84 kB | 461 kB
Progress (4): 60 kB | 602 kB | 84 kB | 461 kB
Progress (4): 60 kB | 606 kB | 84 kB | 461 kB
Progress (4): 60 kB | 610 kB | 84 kB | 461 kB
Progress (4): 60 kB | 614 kB | 84 kB | 461 kB
Progress (4): 60 kB | 618 kB | 84 kB | 461 kB
Progress (4): 60 kB | 622 kB | 84 kB | 461 kB
Progress (4): 60 kB | 626 kB | 84 kB | 461 kB
Progress (4): 60 kB | 630 kB | 84 kB | 461 kB
Progress (4): 60 kB | 634 kB | 84 kB | 461 kB
Progress (4): 60 kB | 638 kB | 84 kB | 461 kB
Progress (4): 60 kB | 643 kB | 84 kB | 461 kB
Progress (4): 60 kB | 647 kB | 84 kB | 461 kB
Progress (4): 60 kB | 651 kB | 84 kB | 461 kB
Progress (4): 60 kB | 655 kB | 84 kB | 461 kB
Progress (4): 60 kB | 655 kB | 84 kB | 465 kB
Progress (4): 60 kB | 655 kB | 84 kB | 469 kB
Progress (4): 60 kB | 655 kB | 84 kB | 473 kB
Progress (4): 60 kB | 655 kB | 84 kB | 477 kB
Progress (4): 60 kB | 655 kB | 84 kB | 481 kB
Progress (4): 60 kB | 655 kB | 84 kB | 485 kB
Progress (4): 60 kB | 655 kB | 84 kB | 489 kB
Progress (4): 60 kB | 655 kB | 84 kB | 493 kB
Progress (4): 60 kB | 655 kB | 84 kB | 497 kB
Progress (4): 60 kB | 655 kB | 84 kB | 502 kB
Progress (4): 60 kB | 655 kB | 84 kB | 506 kB
Progress (4): 60 kB | 655 kB | 84 kB | 510 kB
Progress (4): 60 kB | 655 kB | 84 kB | 514 kB
Progress (4): 60 kB | 655 kB | 84 kB | 518 kB
Progress (4): 60 kB | 655 kB | 84 kB | 522 kB
Progress (4): 60 kB | 655 kB | 84 kB | 526 kB
Progress (4): 60 kB | 655 kB | 84 kB | 530 kB
Progress (4): 60 kB | 655 kB | 84 kB | 534 kB
Progress (4): 60 kB | 655 kB | 84 kB | 538 kB
Progress (4): 60 kB | 655 kB | 84 kB | 543 kB
Progress (4): 60 kB | 655 kB | 84 kB | 547 kB
Progress (4): 60 kB | 655 kB | 84 kB | 551 kB
Progress (4): 60 kB | 655 kB | 84 kB | 555 kB
Progress (4): 60 kB | 655 kB | 84 kB | 559 kB
Progress (4): 60 kB | 655 kB | 84 kB | 563 kB
Progress (4): 60 kB | 655 kB | 84 kB | 567 kB
Progress (4): 60 kB | 655 kB | 84 kB | 571 kB
Progress (4): 60 kB | 655 kB | 84 kB | 575 kB
Progress (4): 60 kB | 655 kB | 84 kB | 579 kB
Progress (4): 60 kB | 655 kB | 84 kB | 583 kB
Progress (4): 60 kB | 655 kB | 84 kB | 588 kB
Progress (4): 60 kB | 655 kB | 84 kB | 592 kB
Progress (4): 60 kB | 655 kB | 84 kB | 596 kB
Progress (4): 60 kB | 655 kB | 84 kB | 600 kB
Progress (4): 60 kB | 655 kB | 84 kB | 604 kB
Progress (4): 60 kB | 659 kB | 84 kB | 604 kB
Progress (4): 60 kB | 659 kB | 84 kB | 608 kB
Progress (4): 60 kB | 663 kB | 84 kB | 608 kB
Progress (4): 60 kB | 667 kB | 84 kB | 608 kB
Progress (4): 60 kB | 670 kB | 84 kB | 608 kB
Progress (4): 60 kB | 670 kB | 84 kB | 612 kB
Progress (4): 60 kB | 670 kB | 84 kB | 616 kB
Progress (4): 60 kB | 670 kB | 84 kB | 620 kB
Progress (4): 60 kB | 670 kB | 84 kB | 624 kB
Progress (4): 60 kB | 670 kB | 84 kB | 628 kB
Progress (4): 60 kB | 670 kB | 84 kB | 633 kB
Progress (4): 60 kB | 670 kB | 84 kB | 637 kB
Progress (4): 60 kB | 670 kB | 84 kB | 641 kB
Progress (4): 60 kB | 670 kB | 84 kB | 645 kB
Progress (4): 60 kB | 670 kB | 84 kB | 649 kB
Progress (4): 60 kB | 670 kB | 84 kB | 653 kB
Progress (4): 60 kB | 670 kB | 84 kB | 657 kB
Progress (4): 60 kB | 670 kB | 84 kB | 661 kB
Progress (4): 60 kB | 670 kB | 84 kB | 665 kB
Progress (4): 60 kB | 670 kB | 84 kB | 669 kB
Progress (4): 60 kB | 670 kB | 84 kB | 674 kB
Progress (4): 60 kB | 670 kB | 84 kB | 676 kB
Progress (4): 60 kB | 670 kB | 84 kB | 678 kB
Progress (4): 60 kB | 670 kB | 84 kB | 683 kB
Progress (4): 60 kB | 670 kB | 84 kB | 686 kB
Progress (4): 60 kB | 670 kB | 84 kB | 688 kB
Progress (4): 60 kB | 670 kB | 84 kB | 691 kB
Progress (4): 60 kB | 670 kB | 84 kB | 695 kB
Progress (4): 60 kB | 670 kB | 84 kB | 699 kB
Progress (4): 60 kB | 670 kB | 84 kB | 702 kB
Progress (4): 60 kB | 670 kB | 84 kB | 706 kB
Progress (4): 60 kB | 670 kB | 84 kB | 710 kB
Progress (4): 60 kB | 670 kB | 84 kB | 714 kB
Progress (4): 60 kB | 670 kB | 84 kB | 718 kB
Progress (4): 60 kB | 670 kB | 84 kB | 722 kB
Progress (4): 60 kB | 670 kB | 84 kB | 727 kB
Progress (4): 60 kB | 670 kB | 84 kB | 731 kB
Progress (4): 60 kB | 670 kB | 84 kB | 735 kB
Progress (4): 60 kB | 670 kB | 84 kB | 739 kB
Progress (4): 60 kB | 670 kB | 84 kB | 743 kB
Progress (4): 60 kB | 670 kB | 84 kB | 747 kB
Progress (4): 60 kB | 670 kB | 84 kB | 751 kB
Progress (4): 60 kB | 670 kB | 84 kB | 752 kB
                                             
Downloaded from aiban-tianyin-core: https://aiban-maven.pkg.coding.net/repository/tianyin/core/xml-resolver/xml-resolver/1.2/xml-resolver-1.2.jar (84 kB at 33 kB/s)
Downloading from aiban-tianyin-core: https://aiban-maven.pkg.coding.net/repository/tianyin/core/org/glassfish/jaxb/xsom/2.3.3/xsom-2.3.3.jar
Downloaded from aiban-tianyin-core: https://aiban-maven.pkg.coding.net/repository/tianyin/core/org/apache/geronimo/specs/geronimo-jaxws_2.2_spec/1.2/geronimo-jaxws_2.2_spec-1.2.jar (60 kB at 24 kB/s)
Downloading from aiban-tianyin-core: https://aiban-maven.pkg.coding.net/repository/tianyin/core/com/sun/xml/bind/external/relaxng-datatype/4.0.5/relaxng-datatype-4.0.5.jar
Downloaded from aiban-tianyin-core: https://aiban-maven.pkg.coding.net/repository/tianyin/core/com/sun/mail/jakarta.mail/1.6.5/jakarta.mail-1.6.5.jar (670 kB at 255 kB/s)
Downloading from aiban-tianyin-core: https://aiban-maven.pkg.coding.net/repository/tianyin/core/org/glassfish/jaxb/codemodel/2.3.3/codemodel-2.3.3.jar
Downloaded from aiban-tianyin-core: https://aiban-maven.pkg.coding.net/repository/tianyin/core/com/sun/xml/bind/external/relaxng-datatype/4.0.5/relaxng-datatype-4.0.5.jar (0 B at 0 B/s)
Downloading from aiban-tianyin-core: https://aiban-maven.pkg.coding.net/repository/tianyin/core/com/sun/xml/bind/external/rngom/2.3.3/rngom-2.3.3.jar
Downloaded from aiban-tianyin-core: https://aiban-maven.pkg.coding.net/repository/tianyin/core/org/apache/axis2/axis2-jaxws/1.8.2/axis2-jaxws-1.8.2.jar (752 kB at 275 kB/s)
Downloading from aiban-tianyin-core: https://aiban-maven.pkg.coding.net/repository/tianyin/core/com/sun/xml/dtd-parser/dtd-parser/1.4.3/dtd-parser-1.4.3.jar
Progress (1): 4.1 kB
Progress (1): 8.2 kB
Progress (1): 11 kB 
Progress (1): 14 kB
Progress (1): 17 kB
Progress (1): 19 kB
Progress (1): 22 kB
Progress (1): 25 kB
Progress (1): 29 kB
Progress (1): 33 kB
Progress (1): 37 kB
Progress (1): 41 kB
Progress (1): 45 kB
Progress (1): 49 kB
Progress (1): 54 kB
Progress (1): 56 kB
Progress (1): 60 kB
Progress (1): 64 kB
Progress (1): 67 kB
Progress (1): 70 kB
Progress (1): 73 kB
Progress (1): 75 kB
Progress (1): 79 kB
Progress (1): 82 kB
Progress (1): 87 kB
Progress (1): 91 kB
Progress (1): 95 kB
Progress (1): 99 kB
Progress (1): 101 kB
Progress (1): 103 kB
Progress (1): 106 kB
Progress (1): 110 kB
Progress (1): 114 kB
Progress (1): 119 kB
Progress (1): 123 kB
Progress (1): 125 kB
Progress (1): 129 kB
Progress (1): 132 kB
Progress (1): 136 kB
Progress (1): 140 kB
Progress (1): 143 kB
Progress (1): 146 kB
Progress (1): 150 kB
Progress (1): 153 kB
Progress (1): 157 kB
Progress (1): 160 kB
Progress (1): 163 kB
Progress (1): 166 kB
Progress (1): 168 kB
Progress (1): 171 kB
Progress (1): 174 kB
Progress (1): 176 kB
Progress (1): 179 kB
Progress (1): 183 kB
Progress (1): 187 kB
Progress (1): 190 kB
Progress (1): 193 kB
Progress (1): 197 kB
Progress (1): 200 kB
Progress (1): 203 kB
Progress (1): 206 kB
Progress (1): 210 kB
Progress (1): 214 kB
Progress (2): 214 kB | 4.1 kB
Progress (2): 214 kB | 8.2 kB
Progress (2): 214 kB | 11 kB 
Progress (2): 218 kB | 11 kB
Progress (2): 222 kB | 11 kB
Progress (2): 226 kB | 11 kB
Progress (2): 230 kB | 11 kB
Progress (2): 234 kB | 11 kB
Progress (2): 237 kB | 11 kB
Progress (2): 239 kB | 11 kB
Progress (2): 242 kB | 11 kB
Progress (2): 246 kB | 11 kB
Progress (2): 250 kB | 11 kB
Progress (2): 250 kB | 14 kB
Progress (2): 255 kB | 14 kB
Progress (2): 255 kB | 17 kB
Progress (2): 259 kB | 17 kB
Progress (2): 259 kB | 21 kB
Progress (2): 263 kB | 21 kB
Progress (2): 263 kB | 25 kB
Progress (2): 267 kB | 25 kB
Progress (2): 267 kB | 29 kB
Progress (2): 271 kB | 29 kB
Progress (2): 275 kB | 29 kB
Progress (2): 278 kB | 29 kB
Progress (2): 282 kB | 29 kB
Progress (2): 282 kB | 33 kB
Progress (2): 282 kB | 37 kB
Progress (2): 282 kB | 41 kB
Progress (2): 282 kB | 45 kB
Progress (2): 282 kB | 49 kB
Progress (2): 282 kB | 53 kB
Progress (2): 284 kB | 53 kB
Progress (2): 284 kB | 57 kB
Progress (2): 287 kB | 57 kB
Progress (2): 290 kB | 57 kB
Progress (2): 293 kB | 57 kB
Progress (2): 296 kB | 57 kB
Progress (2): 299 kB | 57 kB
Progress (2): 301 kB | 57 kB
Progress (2): 304 kB | 57 kB
Progress (2): 307 kB | 57 kB
Progress (2): 310 kB | 57 kB
Progress (2): 314 kB | 57 kB
Progress (2): 318 kB | 57 kB
Progress (2): 321 kB | 57 kB
Progress (2): 325 kB | 57 kB
Progress (2): 329 kB | 57 kB
Progress (2): 333 kB | 57 kB
Progress (2): 337 kB | 57 kB
Progress (2): 341 kB | 57 kB
Progress (2): 346 kB | 57 kB
Progress (2): 350 kB | 57 kB
Progress (2): 353 kB | 57 kB
Progress (2): 356 kB | 57 kB
Progress (2): 360 kB | 57 kB
Progress (2): 364 kB | 57 kB
Progress (2): 368 kB | 57 kB
Progress (2): 371 kB | 57 kB
Progress (2): 375 kB | 57 kB
Progress (2): 378 kB | 57 kB
Progress (2): 381 kB | 57 kB
Progress (2): 384 kB | 57 kB
Progress (2): 388 kB | 57 kB
Progress (2): 392 kB | 57 kB
Progress (2): 396 kB | 57 kB
Progress (2): 400 kB | 57 kB
Progress (2): 404 kB | 57 kB
Progress (2): 408 kB | 57 kB
Progress (2): 411 kB | 57 kB
Progress (2): 414 kB | 57 kB
Progress (2): 418 kB | 57 kB
Progress (2): 422 kB | 57 kB
Progress (2): 426 kB | 57 kB
Progress (2): 430 kB | 57 kB
Progress (2): 434 kB | 57 kB
Progress (2): 438 kB | 57 kB
Progress (2): 442 kB | 57 kB
Progress (2): 445 kB | 57 kB
Progress (2): 449 kB | 57 kB
Progress (2): 452 kB | 57 kB
Progress (2): 455 kB | 57 kB
Progress (2): 457 kB | 57 kB
Progress (2): 461 kB | 57 kB
Progress (2): 465 kB | 57 kB
Progress (2): 469 kB | 57 kB
Progress (2): 473 kB | 57 kB
Progress (2): 477 kB | 57 kB
Progress (2): 482 kB | 57 kB
Progress (2): 485 kB | 57 kB
Progress (2): 489 kB | 57 kB
Progress (2): 492 kB | 57 kB
Progress (2): 496 kB | 57 kB
Progress (2): 501 kB | 57 kB
Progress (2): 504 kB | 57 kB
Progress (2): 507 kB | 57 kB
Progress (2): 509 kB | 57 kB
Progress (2): 512 kB | 57 kB
Progress (2): 516 kB | 57 kB
Progress (2): 520 kB | 57 kB
Progress (2): 523 kB | 57 kB
Progress (2): 527 kB | 57 kB
Progress (2): 531 kB | 57 kB
Progress (2): 535 kB | 57 kB
Progress (2): 538 kB | 57 kB
Progress (2): 542 kB | 57 kB
Progress (2): 546 kB | 57 kB
Progress (2): 551 kB | 57 kB
Progress (2): 555 kB | 57 kB
Progress (2): 558 kB | 57 kB
Progress (2): 562 kB | 57 kB
Progress (2): 566 kB | 57 kB
Progress (2): 569 kB | 57 kB
Progress (2): 572 kB | 57 kB
Progress (2): 575 kB | 57 kB
Progress (2): 575 kB | 61 kB
Progress (2): 579 kB | 61 kB
Progress (2): 579 kB | 63 kB
Progress (2): 579 kB | 66 kB
Progress (2): 579 kB | 68 kB
Progress (2): 579 kB | 72 kB
Progress (2): 579 kB | 77 kB
Progress (2): 582 kB | 77 kB
Progress (2): 582 kB | 81 kB
Progress (2): 584 kB | 81 kB
Progress (2): 587 kB | 81 kB
Progress (2): 591 kB | 81 kB
Progress (2): 595 kB | 81 kB
Progress (2): 599 kB | 81 kB
Progress (2): 603 kB | 81 kB
Progress (2): 608 kB | 81 kB
Progress (2): 612 kB | 81 kB
Progress (2): 616 kB | 81 kB
Progress (2): 620 kB | 81 kB
Progress (2): 624 kB | 81 kB
Progress (2): 628 kB | 81 kB
Progress (2): 628 kB | 85 kB
Progress (2): 632 kB | 85 kB
Progress (2): 632 kB | 87 kB
Progress (2): 636 kB | 87 kB
Progress (2): 640 kB | 87 kB
Progress (2): 644 kB | 87 kB
Progress (2): 649 kB | 87 kB
Progress (2): 653 kB | 87 kB
Progress (2): 657 kB | 87 kB
Progress (2): 661 kB | 87 kB
Progress (2): 665 kB | 87 kB
Progress (2): 669 kB | 87 kB
Progress (2): 673 kB | 87 kB
Progress (2): 677 kB | 87 kB
Progress (2): 681 kB | 87 kB
Progress (2): 685 kB | 87 kB
Progress (2): 689 kB | 87 kB
Progress (3): 689 kB | 87 kB | 4.0 kB
Progress (3): 694 kB | 87 kB | 4.0 kB
Progress (3): 694 kB | 87 kB | 8.1 kB
Progress (3): 694 kB | 87 kB | 12 kB 
Progress (3): 694 kB | 87 kB | 16 kB
Progress (3): 694 kB | 87 kB | 20 kB
Progress (3): 694 kB | 87 kB | 24 kB
Progress (3): 694 kB | 87 kB | 29 kB
Progress (3): 694 kB | 90 kB | 29 kB
Progress (3): 694 kB | 90 kB | 33 kB
Progress (3): 694 kB | 94 kB | 33 kB
Progress (3): 694 kB | 94 kB | 37 kB
Progress (3): 694 kB | 94 kB | 39 kB
Progress (3): 694 kB | 98 kB | 39 kB
Progress (3): 698 kB | 98 kB | 39 kB
Progress (3): 698 kB | 101 kB | 39 kB
Progress (3): 698 kB | 103 kB | 39 kB
Progress (3): 698 kB | 108 kB | 39 kB
Progress (3): 698 kB | 110 kB | 39 kB
Progress (3): 698 kB | 113 kB | 39 kB
Progress (3): 698 kB | 116 kB | 39 kB
Progress (3): 702 kB | 116 kB | 39 kB
Progress (3): 702 kB | 116 kB | 43 kB
Progress (3): 706 kB | 116 kB | 43 kB
Progress (3): 710 kB | 116 kB | 43 kB
Progress (3): 710 kB | 116 kB | 47 kB
Progress (3): 710 kB | 116 kB | 51 kB
Progress (3): 710 kB | 116 kB | 55 kB
Progress (3): 710 kB | 116 kB | 59 kB
Progress (3): 710 kB | 119 kB | 59 kB
Progress (3): 710 kB | 119 kB | 62 kB
Progress (3): 710 kB | 122 kB | 62 kB
Progress (3): 710 kB | 126 kB | 62 kB
Progress (3): 714 kB | 126 kB | 62 kB
Progress (3): 714 kB | 129 kB | 62 kB
Progress (3): 718 kB | 129 kB | 62 kB
Progress (3): 722 kB | 129 kB | 62 kB
Progress (3): 726 kB | 129 kB | 62 kB
Progress (3): 726 kB | 132 kB | 62 kB
Progress (3): 730 kB | 132 kB | 62 kB
Progress (3): 730 kB | 136 kB | 62 kB
Progress (3): 730 kB | 140 kB | 62 kB
Progress (3): 730 kB | 144 kB | 62 kB
Progress (3): 730 kB | 148 kB | 62 kB
Progress (3): 730 kB | 152 kB | 62 kB
Progress (3): 730 kB | 156 kB | 62 kB
Progress (3): 730 kB | 160 kB | 62 kB
Progress (3): 730 kB | 162 kB | 62 kB
Progress (3): 730 kB | 167 kB | 62 kB
Progress (3): 730 kB | 171 kB | 62 kB
Progress (3): 735 kB | 171 kB | 62 kB
Progress (3): 735 kB | 174 kB | 62 kB
Progress (3): 739 kB | 174 kB | 62 kB
Progress (3): 739 kB | 178 kB | 62 kB
Progress (3): 743 kB | 178 kB | 62 kB
Progress (3): 743 kB | 181 kB | 62 kB
Progress (3): 743 kB | 185 kB | 62 kB
Progress (3): 743 kB | 188 kB | 62 kB
Progress (3): 743 kB | 190 kB | 62 kB
Progress (3): 747 kB | 190 kB | 62 kB
Progress (3): 749 kB | 190 kB | 62 kB
Progress (3): 753 kB | 190 kB | 62 kB
Progress (3): 756 kB | 190 kB | 62 kB
Progress (3): 759 kB | 190 kB | 62 kB
Progress (3): 763 kB | 190 kB | 62 kB
Progress (3): 767 kB | 190 kB | 62 kB
Progress (3): 770 kB | 190 kB | 62 kB
Progress (3): 773 kB | 190 kB | 62 kB
Progress (3): 776 kB | 190 kB | 62 kB
Progress (3): 780 kB | 190 kB | 62 kB
Progress (3): 784 kB | 190 kB | 62 kB
Progress (3): 788 kB | 190 kB | 62 kB
Progress (3): 792 kB | 190 kB | 62 kB
Progress (3): 796 kB | 190 kB | 62 kB
Progress (3): 800 kB | 190 kB | 62 kB
Progress (3): 804 kB | 190 kB | 62 kB
Progress (3): 808 kB | 190 kB | 62 kB
Progress (3): 812 kB | 190 kB | 62 kB
Progress (3): 816 kB | 190 kB | 62 kB
Progress (3): 819 kB | 190 kB | 62 kB
Progress (3): 823 kB | 190 kB | 62 kB
Progress (3): 826 kB | 190 kB | 62 kB
Progress (3): 830 kB | 190 kB | 62 kB
Progress (4): 830 kB | 190 kB | 62 kB | 4.0 kB
Progress (4): 834 kB | 190 kB | 62 kB | 4.0 kB
Progress (4): 834 kB | 190 kB | 62 kB | 8.1 kB
Progress (4): 838 kB | 190 kB | 62 kB | 8.1 kB
Progress (4): 838 kB | 190 kB | 62 kB | 12 kB 
Progress (4): 841 kB | 190 kB | 62 kB | 12 kB
Progress (4): 844 kB | 190 kB | 62 kB | 12 kB
Progress (4): 847 kB | 190 kB | 62 kB | 12 kB
Progress (4): 847 kB | 190 kB | 62 kB | 15 kB
Progress (4): 851 kB | 190 kB | 62 kB | 15 kB
Progress (4): 851 kB | 190 kB | 62 kB | 18 kB
Progress (4): 851 kB | 190 kB | 62 kB | 21 kB
Progress (4): 851 kB | 190 kB | 62 kB | 24 kB
Progress (4): 851 kB | 190 kB | 62 kB | 28 kB
Progress (4): 851 kB | 190 kB | 62 kB | 32 kB
Progress (4): 855 kB | 190 kB | 62 kB | 32 kB
Progress (4): 855 kB | 190 kB | 62 kB | 36 kB
Progress (4): 859 kB | 190 kB | 62 kB | 36 kB
Progress (4): 859 kB | 190 kB | 62 kB | 40 kB
Progress (4): 864 kB | 190 kB | 62 kB | 40 kB
Progress (4): 864 kB | 190 kB | 62 kB | 43 kB
Progress (4): 868 kB | 190 kB | 62 kB | 43 kB
Progress (4): 868 kB | 190 kB | 62 kB | 46 kB
Progress (4): 872 kB | 190 kB | 62 kB | 46 kB
Progress (4): 872 kB | 190 kB | 62 kB | 49 kB
Progress (4): 872 kB | 190 kB | 62 kB | 53 kB
Progress (4): 872 kB | 190 kB | 62 kB | 56 kB
Progress (4): 872 kB | 190 kB | 62 kB | 60 kB
Progress (4): 876 kB | 190 kB | 62 kB | 60 kB
Progress (4): 876 kB | 190 kB | 62 kB | 64 kB
Progress (4): 880 kB | 190 kB | 62 kB | 64 kB
Progress (4): 884 kB | 190 kB | 62 kB | 64 kB
Progress (4): 888 kB | 190 kB | 62 kB | 64 kB
Progress (4): 892 kB | 190 kB | 62 kB | 64 kB
Progress (4): 896 kB | 190 kB | 62 kB | 64 kB
Progress (4): 896 kB | 195 kB | 62 kB | 64 kB
Progress (4): 900 kB | 195 kB | 62 kB | 64 kB
Progress (4): 900 kB | 198 kB | 62 kB | 64 kB
Progress (4): 904 kB | 198 kB | 62 kB | 64 kB
Progress (4): 906 kB | 198 kB | 62 kB | 64 kB
Progress (4): 906 kB | 202 kB | 62 kB | 64 kB
Progress (4): 906 kB | 206 kB | 62 kB | 64 kB
Progress (4): 906 kB | 210 kB | 62 kB | 64 kB
Progress (4): 906 kB | 213 kB | 62 kB | 64 kB
Progress (4): 906 kB | 216 kB | 62 kB | 64 kB
Progress (4): 906 kB | 218 kB | 62 kB | 64 kB
Progress (4): 906 kB | 221 kB | 62 kB | 64 kB
Progress (4): 906 kB | 224 kB | 62 kB | 64 kB
Progress (4): 906 kB | 228 kB | 62 kB | 64 kB
Progress (4): 906 kB | 231 kB | 62 kB | 64 kB
Progress (4): 906 kB | 234 kB | 62 kB | 64 kB
Progress (4): 906 kB | 238 kB | 62 kB | 64 kB
Progress (4): 906 kB | 242 kB | 62 kB | 64 kB
Progress (4): 906 kB | 246 kB | 62 kB | 64 kB
Progress (4): 906 kB | 248 kB | 62 kB | 64 kB
Progress (4): 906 kB | 251 kB | 62 kB | 64 kB
Progress (4): 906 kB | 255 kB | 62 kB | 64 kB
Progress (4): 906 kB | 259 kB | 62 kB | 64 kB
Progress (4): 906 kB | 263 kB | 62 kB | 64 kB
Progress (4): 906 kB | 266 kB | 62 kB | 64 kB
Progress (4): 906 kB | 270 kB | 62 kB | 64 kB
Progress (4): 906 kB | 275 kB | 62 kB | 64 kB
Progress (4): 906 kB | 279 kB | 62 kB | 64 kB
Progress (4): 906 kB | 283 kB | 62 kB | 64 kB
Progress (4): 906 kB | 285 kB | 62 kB | 64 kB
Progress (4): 906 kB | 287 kB | 62 kB | 64 kB
Progress (4): 906 kB | 290 kB | 62 kB | 64 kB
Progress (4): 906 kB | 294 kB | 62 kB | 64 kB
Progress (4): 906 kB | 298 kB | 62 kB | 64 kB
Progress (4): 906 kB | 301 kB | 62 kB | 64 kB
Progress (4): 906 kB | 304 kB | 62 kB | 64 kB
Progress (4): 906 kB | 308 kB | 62 kB | 64 kB
Progress (4): 906 kB | 312 kB | 62 kB | 64 kB
Progress (4): 906 kB | 317 kB | 62 kB | 64 kB
Progress (4): 906 kB | 321 kB | 62 kB | 64 kB
Progress (5): 906 kB | 321 kB | 62 kB | 64 kB | 4.1 kB
Progress (5): 906 kB | 323 kB | 62 kB | 64 kB | 4.1 kB
Progress (5): 906 kB | 326 kB | 62 kB | 64 kB | 4.1 kB
Progress (5): 906 kB | 331 kB | 62 kB | 64 kB | 4.1 kB
Progress (5): 906 kB | 335 kB | 62 kB | 64 kB | 4.1 kB
Progress (5): 906 kB | 335 kB | 62 kB | 64 kB | 8.2 kB
Progress (5): 906 kB | 338 kB | 62 kB | 64 kB | 8.2 kB
Progress (5): 906 kB | 338 kB | 62 kB | 64 kB | 12 kB 
Progress (5): 906 kB | 342 kB | 62 kB | 64 kB | 12 kB
Progress (5): 906 kB | 346 kB | 62 kB | 64 kB | 12 kB
Progress (5): 906 kB | 350 kB | 62 kB | 64 kB | 12 kB
Progress (5): 906 kB | 354 kB | 62 kB | 64 kB | 12 kB
Progress (5): 906 kB | 358 kB | 62 kB | 64 kB | 12 kB
Progress (5): 906 kB | 362 kB | 62 kB | 64 kB | 12 kB
Progress (5): 906 kB | 364 kB | 62 kB | 64 kB | 12 kB
Progress (5): 906 kB | 367 kB | 62 kB | 64 kB | 12 kB
Progress (5): 906 kB | 370 kB | 62 kB | 64 kB | 12 kB
Progress (5): 906 kB | 374 kB | 62 kB | 64 kB | 12 kB
Progress (5): 906 kB | 378 kB | 62 kB | 64 kB | 12 kB
Progress (5): 906 kB | 382 kB | 62 kB | 64 kB | 12 kB
Progress (5): 906 kB | 386 kB | 62 kB | 64 kB | 12 kB
Progress (5): 906 kB | 391 kB | 62 kB | 64 kB | 12 kB
Progress (5): 906 kB | 393 kB | 62 kB | 64 kB | 12 kB
Progress (5): 906 kB | 393 kB | 62 kB | 64 kB | 16 kB
Progress (5): 906 kB | 395 kB | 62 kB | 64 kB | 16 kB
Progress (5): 906 kB | 395 kB | 62 kB | 64 kB | 20 kB
Progress (5): 906 kB | 398 kB | 62 kB | 64 kB | 20 kB
Progress (5): 906 kB | 398 kB | 62 kB | 64 kB | 25 kB
Progress (5): 906 kB | 402 kB | 62 kB | 64 kB | 25 kB
Progress (5): 906 kB | 402 kB | 62 kB | 64 kB | 29 kB
Progress (5): 906 kB | 405 kB | 62 kB | 64 kB | 29 kB
Progress (5): 906 kB | 405 kB | 62 kB | 64 kB | 33 kB
Progress (5): 906 kB | 405 kB | 62 kB | 64 kB | 37 kB
Progress (5): 906 kB | 410 kB | 62 kB | 64 kB | 37 kB
Progress (5): 906 kB | 412 kB | 62 kB | 64 kB | 37 kB
Progress (5): 906 kB | 416 kB | 62 kB | 64 kB | 37 kB
Progress (5): 906 kB | 416 kB | 62 kB | 64 kB | 41 kB
Progress (5): 906 kB | 420 kB | 62 kB | 64 kB | 41 kB
Progress (5): 906 kB | 420 kB | 62 kB | 64 kB | 45 kB
Progress (5): 906 kB | 422 kB | 62 kB | 64 kB | 45 kB
Progress (5): 906 kB | 422 kB | 62 kB | 64 kB | 47 kB
Progress (5): 906 kB | 422 kB | 62 kB | 64 kB | 51 kB
Progress (5): 906 kB | 422 kB | 62 kB | 64 kB | 56 kB
Progress (5): 906 kB | 422 kB | 62 kB | 64 kB | 60 kB
Progress (5): 906 kB | 422 kB | 62 kB | 64 kB | 63 kB
Progress (5): 906 kB | 422 kB | 62 kB | 64 kB | 66 kB
Progress (5): 906 kB | 422 kB | 62 kB | 64 kB | 70 kB
Progress (5): 906 kB | 422 kB | 62 kB | 64 kB | 74 kB
Progress (5): 906 kB | 422 kB | 62 kB | 64 kB | 78 kB
Progress (5): 906 kB | 422 kB | 62 kB | 64 kB | 82 kB
Progress (5): 906 kB | 422 kB | 62 kB | 68 kB | 82 kB
Progress (5): 906 kB | 422 kB | 62 kB | 68 kB | 85 kB
Progress (5): 906 kB | 422 kB | 62 kB | 71 kB | 85 kB
Progress (5): 906 kB | 422 kB | 62 kB | 71 kB | 89 kB
Progress (5): 906 kB | 422 kB | 62 kB | 74 kB | 89 kB
Progress (5): 906 kB | 422 kB | 62 kB | 78 kB | 89 kB
Progress (5): 906 kB | 422 kB | 62 kB | 78 kB | 92 kB
Progress (5): 906 kB | 422 kB | 62 kB | 82 kB | 92 kB
Progress (5): 906 kB | 422 kB | 62 kB | 82 kB | 97 kB
Progress (5): 906 kB | 422 kB | 62 kB | 85 kB | 97 kB
Progress (5): 906 kB | 422 kB | 62 kB | 85 kB | 100 kB
Progress (5): 906 kB | 422 kB | 62 kB | 88 kB | 100 kB
Progress (5): 906 kB | 422 kB | 62 kB | 88 kB | 102 kB
Progress (5): 906 kB | 422 kB | 62 kB | 91 kB | 102 kB
Progress (5): 906 kB | 422 kB | 62 kB | 91 kB | 106 kB
Progress (5): 906 kB | 422 kB | 62 kB | 93 kB | 106 kB
Progress (5): 906 kB | 422 kB | 62 kB | 98 kB | 106 kB
Progress (5): 906 kB | 422 kB | 62 kB | 102 kB | 106 kB
Progress (5): 906 kB | 422 kB | 62 kB | 102 kB | 110 kB
Progress (5): 906 kB | 422 kB | 62 kB | 105 kB | 110 kB
Progress (5): 906 kB | 422 kB | 62 kB | 105 kB | 114 kB
Progress (5): 906 kB | 422 kB | 62 kB | 108 kB | 114 kB
Progress (5): 906 kB | 422 kB | 62 kB | 111 kB | 114 kB
Progress (5): 906 kB | 422 kB | 62 kB | 115 kB | 114 kB
Progress (5): 906 kB | 422 kB | 62 kB | 118 kB | 114 kB
Progress (5): 906 kB | 422 kB | 62 kB | 120 kB | 114 kB
Progress (5): 906 kB | 422 kB | 62 kB | 123 kB | 114 kB
Progress (5): 906 kB | 422 kB | 62 kB | 126 kB | 114 kB
Progress (5): 906 kB | 422 kB | 62 kB | 130 kB | 114 kB
Progress (5): 906 kB | 422 kB | 62 kB | 134 kB | 114 kB
Progress (5): 906 kB | 422 kB | 62 kB | 138 kB | 114 kB
Progress (5): 906 kB | 422 kB | 62 kB | 142 kB | 114 kB
Progress (5): 906 kB | 422 kB | 62 kB | 145 kB | 114 kB
Progress (5): 906 kB | 422 kB | 62 kB | 148 kB | 114 kB
Progress (5): 906 kB | 422 kB | 62 kB | 150 kB | 114 kB
Progress (5): 906 kB | 422 kB | 62 kB | 154 kB | 114 kB
Progress (5): 906 kB | 422 kB | 62 kB | 158 kB | 114 kB
Progress (5): 906 kB | 422 kB | 62 kB | 160 kB | 114 kB
Progress (5): 906 kB | 422 kB | 62 kB | 162 kB | 114 kB
Progress (5): 906 kB | 422 kB | 62 kB | 162 kB | 118 kB
Progress (5): 906 kB | 422 kB | 62 kB | 162 kB | 122 kB
Progress (5): 906 kB | 422 kB | 62 kB | 162 kB | 126 kB
Progress (5): 906 kB | 422 kB | 62 kB | 162 kB | 129 kB
Progress (5): 906 kB | 422 kB | 62 kB | 162 kB | 132 kB
Progress (5): 906 kB | 422 kB | 62 kB | 162 kB | 134 kB
Progress (5): 906 kB | 422 kB | 62 kB | 162 kB | 137 kB
Progress (5): 906 kB | 422 kB | 62 kB | 162 kB | 141 kB
Progress (5): 906 kB | 422 kB | 62 kB | 162 kB | 145 kB
Progress (5): 906 kB | 422 kB | 62 kB | 162 kB | 149 kB
Progress (5): 906 kB | 422 kB | 62 kB | 162 kB | 153 kB
Progress (5): 906 kB | 422 kB | 62 kB | 162 kB | 158 kB
Progress (5): 906 kB | 422 kB | 62 kB | 162 kB | 162 kB
Progress (5): 906 kB | 422 kB | 62 kB | 162 kB | 166 kB
Progress (5): 906 kB | 422 kB | 62 kB | 162 kB | 168 kB
Progress (5): 906 kB | 422 kB | 62 kB | 162 kB | 172 kB
Progress (5): 906 kB | 422 kB | 62 kB | 162 kB | 176 kB
Progress (5): 906 kB | 422 kB | 62 kB | 162 kB | 180 kB
Progress (5): 906 kB | 422 kB | 62 kB | 162 kB | 184 kB
Progress (5): 906 kB | 422 kB | 62 kB | 162 kB | 188 kB
Progress (5): 906 kB | 422 kB | 62 kB | 162 kB | 192 kB
Progress (5): 906 kB | 422 kB | 62 kB | 162 kB | 196 kB
Progress (5): 906 kB | 422 kB | 62 kB | 162 kB | 200 kB
Progress (5): 906 kB | 422 kB | 62 kB | 162 kB | 203 kB
Progress (5): 906 kB | 422 kB | 62 kB | 162 kB | 206 kB
Progress (5): 906 kB | 422 kB | 62 kB | 162 kB | 209 kB
Progress (5): 906 kB | 422 kB | 62 kB | 162 kB | 212 kB
Progress (5): 906 kB | 422 kB | 62 kB | 162 kB | 214 kB
Progress (5): 906 kB | 422 kB | 62 kB | 162 kB | 218 kB
Progress (5): 906 kB | 422 kB | 62 kB | 162 kB | 223 kB
Progress (5): 906 kB | 422 kB | 62 kB | 162 kB | 227 kB
Progress (5): 906 kB | 422 kB | 62 kB | 162 kB | 231 kB
Progress (5): 906 kB | 422 kB | 62 kB | 162 kB | 234 kB
Progress (5): 906 kB | 422 kB | 62 kB | 162 kB | 237 kB
Progress (5): 906 kB | 422 kB | 62 kB | 162 kB | 239 kB
Progress (5): 906 kB | 422 kB | 62 kB | 162 kB | 242 kB
Progress (5): 906 kB | 422 kB | 62 kB | 162 kB | 246 kB
Progress (5): 906 kB | 422 kB | 62 kB | 162 kB | 250 kB
Progress (5): 906 kB | 422 kB | 62 kB | 162 kB | 255 kB
Progress (5): 906 kB | 422 kB | 62 kB | 162 kB | 258 kB
Progress (5): 906 kB | 422 kB | 62 kB | 162 kB | 261 kB
Progress (5): 906 kB | 422 kB | 62 kB | 162 kB | 264 kB
Progress (5): 906 kB | 422 kB | 62 kB | 162 kB | 268 kB
Progress (5): 906 kB | 422 kB | 62 kB | 162 kB | 272 kB
Progress (5): 906 kB | 422 kB | 62 kB | 162 kB | 275 kB
Progress (5): 906 kB | 422 kB | 62 kB | 162 kB | 278 kB
Progress (5): 906 kB | 422 kB | 62 kB | 162 kB | 282 kB
Progress (5): 906 kB | 422 kB | 62 kB | 162 kB | 286 kB
Progress (5): 906 kB | 422 kB | 62 kB | 162 kB | 290 kB
Progress (5): 906 kB | 422 kB | 62 kB | 162 kB | 293 kB
Progress (5): 906 kB | 422 kB | 62 kB | 162 kB | 297 kB
Progress (5): 906 kB | 422 kB | 62 kB | 162 kB | 301 kB
Progress (5): 906 kB | 422 kB | 62 kB | 162 kB | 305 kB
Progress (5): 906 kB | 422 kB | 62 kB | 162 kB | 309 kB
Progress (5): 906 kB | 422 kB | 62 kB | 162 kB | 313 kB
Progress (5): 906 kB | 422 kB | 62 kB | 162 kB | 317 kB
Progress (5): 906 kB | 422 kB | 62 kB | 162 kB | 320 kB
Progress (5): 906 kB | 422 kB | 62 kB | 162 kB | 320 kB
                                                       
Downloaded from aiban-tianyin-core: https://aiban-maven.pkg.coding.net/repository/tianyin/core/org/glassfish/jaxb/codemodel/2.3.3/codemodel-2.3.3.jar (162 kB at 48 kB/s)
Downloaded from aiban-tianyin-core: https://aiban-maven.pkg.coding.net/repository/tianyin/core/org/glassfish/jaxb/jaxb-xjc/2.3.3/jaxb-xjc-2.3.3.jar (906 kB at 268 kB/s)
Downloading from aiban-tianyin-core: https://aiban-maven.pkg.coding.net/repository/tianyin/core/com/sun/istack/istack-commons-tools/3.0.11/istack-commons-tools-3.0.11.jar
Downloading from aiban-tianyin-core: https://aiban-maven.pkg.coding.net/repository/tianyin/core/xalan/xalan/2.7.3/xalan-2.7.3.jar
Downloaded from aiban-tianyin-core: https://aiban-maven.pkg.coding.net/repository/tianyin/core/org/glassfish/jaxb/xsom/2.3.3/xsom-2.3.3.jar (422 kB at 123 kB/s)
Downloading from aiban-tianyin-core: https://aiban-maven.pkg.coding.net/repository/tianyin/core/org/apache/axis2/axis2-jaxws-api/1.4.1/axis2-jaxws-api-1.4.1.jar
Downloaded from aiban-tianyin-core: https://aiban-maven.pkg.coding.net/repository/tianyin/core/com/sun/xml/bind/external/rngom/2.3.3/rngom-2.3.3.jar (320 kB at 93 kB/s)
Downloading from aiban-tianyin-core: https://aiban-maven.pkg.coding.net/repository/tianyin/core/jaxen/jaxen/1.2.0/jaxen-1.2.0.jar
Downloaded from aiban-tianyin-core: https://aiban-maven.pkg.coding.net/repository/tianyin/core/com/sun/xml/dtd-parser/dtd-parser/1.4.3/dtd-parser-1.4.3.jar (62 kB at 18 kB/s)
Downloading from aiban-tianyin-core: https://aiban-maven.pkg.coding.net/repository/tianyin/core/org/codehaus/woodstox/wstx-asl/3.2.4/wstx-asl-3.2.4.jar
Progress (1): 4.1 kB
Progress (1): 8.2 kB
Progress (1): 12 kB 
Progress (1): 16 kB
Progress (1): 20 kB
Progress (1): 24 kB
Progress (1): 28 kB
Progress (1): 29 kB
                   
Downloaded from aiban-tianyin-core: https://aiban-maven.pkg.coding.net/repository/tianyin/core/jaxen/jaxen/1.2.0/jaxen-1.2.0.jar (0 B at 0 B/s)
Downloading from aiban-tianyin-core: https://aiban-maven.pkg.coding.net/repository/tianyin/core/org/apache/geronimo/specs/geronimo-stax-api_1.0_spec/1.0.1/geronimo-stax-api_1.0_spec-1.0.1.jar
Progress (2): 29 kB | 4.1 kB
Progress (2): 29 kB | 8.2 kB
Progress (2): 29 kB | 11 kB 
Progress (2): 29 kB | 14 kB
Progress (2): 29 kB | 17 kB
Progress (2): 29 kB | 21 kB
Progress (2): 29 kB | 24 kB
Progress (2): 29 kB | 28 kB
Progress (2): 29 kB | 32 kB
Progress (2): 29 kB | 36 kB
Progress (2): 29 kB | 39 kB
Progress (2): 29 kB | 43 kB
Progress (2): 29 kB | 47 kB
Progress (2): 29 kB | 47 kB
Progress (3): 29 kB | 47 kB | 4.0 kB
Progress (3): 29 kB | 47 kB | 8.1 kB
Progress (3): 29 kB | 47 kB | 12 kB 
Progress (3): 29 kB | 47 kB | 15 kB
Progress (3): 29 kB | 47 kB | 18 kB
Progress (3): 29 kB | 47 kB | 21 kB
Progress (3): 29 kB | 47 kB | 25 kB
Progress (3): 29 kB | 47 kB | 29 kB
                                   
Downloaded from aiban-tianyin-core: https://aiban-maven.pkg.coding.net/repository/tianyin/core/com/sun/istack/istack-commons-tools/3.0.11/istack-commons-tools-3.0.11.jar (29 kB at 7.5 kB/s)
Downloading from aiban-tianyin-core: https://aiban-maven.pkg.coding.net/repository/tianyin/core/xerces/xercesImpl/2.8.1/xercesImpl-2.8.1.jar
Progress (3): 47 kB | 29 kB | 4.0 kB
Progress (3): 47 kB | 29 kB | 8.1 kB
Progress (3): 47 kB | 29 kB | 12 kB 
Progress (3): 47 kB | 29 kB | 15 kB
                                   
Downloaded from aiban-tianyin-core: https://aiban-maven.pkg.coding.net/repository/tianyin/core/org/apache/axis2/axis2-jaxws-api/1.4.1/axis2-jaxws-api-1.4.1.jar (47 kB at 12 kB/s)
Downloading from aiban-tianyin-core: https://aiban-maven.pkg.coding.net/repository/tianyin/core/org/apache/axis2/axis2-jws-api/1.4.1/axis2-jws-api-1.4.1.jar
Progress (2): 29 kB | 19 kB
                           
Downloaded from aiban-tianyin-core: https://aiban-maven.pkg.coding.net/repository/tianyin/core/xalan/xalan/2.7.3/xalan-2.7.3.jar (0 B at 0 B/s)
Progress (2): 29 kB | 23 kB
                           
Downloading from aiban-tianyin-core: https://aiban-maven.pkg.coding.net/repository/tianyin/core/org/apache/ant/ant/1.7.0/ant-1.7.0.jar
Downloaded from aiban-tianyin-core: https://aiban-maven.pkg.coding.net/repository/tianyin/core/org/apache/geronimo/specs/geronimo-stax-api_1.0_spec/1.0.1/geronimo-stax-api_1.0_spec-1.0.1.jar (29 kB at 7.2 kB/s)
Progress (1): 27 kB
                   
Downloading from aiban-tianyin-core: https://aiban-maven.pkg.coding.net/repository/tianyin/core/org/apache/ant/ant-launcher/1.7.0/ant-launcher-1.7.0.jar
Progress (1): 31 kB
Progress (1): 36 kB
Progress (1): 38 kB
Progress (1): 40 kB
Progress (1): 43 kB
Progress (1): 46 kB
Progress (1): 50 kB
Progress (1): 54 kB
Progress (1): 58 kB
Progress (1): 62 kB
Progress (1): 65 kB
Progress (1): 69 kB
Progress (1): 73 kB
Progress (1): 77 kB
Progress (1): 81 kB
Progress (1): 85 kB
Progress (1): 88 kB
Progress (1): 91 kB
Progress (1): 95 kB
Progress (1): 98 kB
Progress (1): 101 kB
Progress (1): 104 kB
Progress (1): 108 kB
Progress (1): 112 kB
Progress (1): 116 kB
Progress (1): 119 kB
Progress (1): 122 kB
Progress (1): 125 kB
Progress (1): 127 kB
Progress (1): 130 kB
Progress (1): 133 kB
Progress (1): 136 kB
Progress (1): 140 kB
Progress (1): 144 kB
Progress (1): 148 kB
Progress (1): 151 kB
Progress (1): 154 kB
Progress (1): 157 kB
Progress (1): 160 kB
Progress (1): 163 kB
Progress (1): 165 kB
Progress (1): 169 kB
Progress (1): 174 kB
Progress (1): 178 kB
Progress (1): 181 kB
Progress (1): 185 kB
Progress (1): 188 kB
Progress (1): 191 kB
Progress (1): 193 kB
Progress (1): 196 kB
Progress (1): 199 kB
Progress (1): 202 kB
Progress (1): 205 kB
Progress (1): 209 kB
Progress (1): 212 kB
Progress (1): 214 kB
Progress (1): 218 kB
Progress (1): 223 kB
Progress (1): 226 kB
Progress (1): 228 kB
Progress (1): 233 kB
                    
Downloaded from aiban-tianyin-core: https://aiban-maven.pkg.coding.net/repository/tianyin/core/xerces/xercesImpl/2.8.1/xercesImpl-2.8.1.jar (0 B at 0 B/s)
Progress (1): 237 kB
                    
Downloading from aiban-tianyin-core: https://aiban-maven.pkg.coding.net/repository/tianyin/core/org/apache/axis2/axis2-json/1.8.2/axis2-json-1.8.2.jar
Progress (1): 241 kB
Progress (1): 245 kB
Progress (1): 248 kB
Progress (1): 251 kB
Progress (1): 254 kB
Progress (1): 258 kB
Progress (1): 262 kB
Progress (1): 266 kB
Progress (1): 270 kB
Progress (1): 274 kB
Progress (1): 278 kB
Progress (1): 282 kB
Progress (1): 286 kB
Progress (1): 290 kB
Progress (1): 293 kB
Progress (1): 296 kB
Progress (1): 300 kB
Progress (1): 304 kB
Progress (1): 308 kB
Progress (1): 312 kB
Progress (1): 316 kB
Progress (1): 319 kB
Progress (1): 323 kB
Progress (1): 325 kB
Progress (1): 329 kB
Progress (1): 333 kB
Progress (1): 337 kB
Progress (1): 341 kB
Progress (1): 343 kB
Progress (1): 348 kB
Progress (1): 351 kB
Progress (1): 353 kB
Progress (1): 358 kB
Progress (1): 361 kB
Progress (1): 364 kB
Progress (1): 367 kB
Progress (1): 371 kB
Progress (1): 374 kB
Progress (1): 377 kB
Progress (1): 380 kB
Progress (1): 384 kB
Progress (1): 387 kB
Progress (1): 390 kB
Progress (1): 393 kB
Progress (1): 397 kB
Progress (1): 400 kB
Progress (1): 404 kB
Progress (1): 406 kB
Progress (1): 409 kB
Progress (1): 412 kB
Progress (1): 415 kB
Progress (1): 419 kB
Progress (1): 423 kB
Progress (1): 427 kB
Progress (1): 431 kB
Progress (1): 435 kB
Progress (1): 440 kB
Progress (1): 444 kB
Progress (1): 448 kB
Progress (1): 451 kB
Progress (1): 455 kB
Progress (1): 458 kB
Progress (1): 462 kB
Progress (1): 467 kB
Progress (1): 471 kB
Progress (1): 475 kB
Progress (1): 479 kB
Progress (1): 483 kB
Progress (1): 487 kB
Progress (1): 491 kB
Progress (1): 494 kB
Progress (1): 498 kB
Progress (1): 502 kB
Progress (1): 506 kB
Progress (1): 510 kB
Progress (1): 514 kB
Progress (1): 518 kB
Progress (1): 520 kB
Progress (2): 520 kB | 4.0 kB
Progress (2): 520 kB | 8.1 kB
Progress (2): 520 kB | 12 kB 
Progress (3): 520 kB | 12 kB | 4.1 kB
Progress (3): 520 kB | 12 kB | 8.2 kB
Progress (3): 520 kB | 12 kB | 12 kB 
Progress (3): 520 kB | 12 kB | 15 kB
Progress (4): 520 kB | 12 kB | 15 kB | 4.0 kB
Progress (4): 520 kB | 12 kB | 15 kB | 8.1 kB
Progress (4): 520 kB | 12 kB | 15 kB | 11 kB 
Progress (4): 520 kB | 12 kB | 15 kB | 14 kB
Progress (4): 520 kB | 12 kB | 15 kB | 18 kB
Progress (4): 520 kB | 12 kB | 15 kB | 22 kB
Progress (4): 520 kB | 12 kB | 15 kB | 24 kB
Progress (4): 520 kB | 12 kB | 15 kB | 28 kB
Progress (4): 520 kB | 12 kB | 15 kB | 31 kB
Progress (4): 520 kB | 12 kB | 15 kB | 35 kB
Progress (4): 520 kB | 12 kB | 15 kB | 40 kB
Progress (4): 520 kB | 12 kB | 15 kB | 43 kB
Progress (4): 520 kB | 12 kB | 15 kB | 47 kB
Progress (4): 520 kB | 12 kB | 15 kB | 51 kB
Progress (4): 520 kB | 12 kB | 15 kB | 53 kB
Progress (4): 520 kB | 12 kB | 15 kB | 57 kB
Progress (4): 520 kB | 12 kB | 15 kB | 61 kB
Progress (4): 520 kB | 12 kB | 15 kB | 65 kB
Progress (4): 520 kB | 12 kB | 15 kB | 69 kB
Progress (4): 520 kB | 12 kB | 15 kB | 73 kB
Progress (4): 520 kB | 12 kB | 15 kB | 77 kB
Progress (4): 520 kB | 12 kB | 15 kB | 80 kB
Progress (4): 520 kB | 12 kB | 15 kB | 84 kB
Progress (4): 520 kB | 12 kB | 15 kB | 88 kB
Progress (4): 520 kB | 12 kB | 15 kB | 92 kB
Progress (4): 520 kB | 12 kB | 15 kB | 96 kB
Progress (4): 520 kB | 12 kB | 15 kB | 100 kB
Progress (4): 520 kB | 12 kB | 15 kB | 103 kB
Progress (4): 520 kB | 12 kB | 15 kB | 107 kB
Progress (4): 520 kB | 12 kB | 15 kB | 111 kB
Progress (4): 520 kB | 12 kB | 15 kB | 115 kB
Progress (4): 520 kB | 12 kB | 15 kB | 119 kB
Progress (4): 520 kB | 12 kB | 15 kB | 123 kB
Progress (4): 520 kB | 12 kB | 15 kB | 126 kB
Progress (4): 520 kB | 12 kB | 15 kB | 128 kB
Progress (4): 520 kB | 12 kB | 15 kB | 131 kB
Progress (4): 520 kB | 12 kB | 15 kB | 135 kB
Progress (4): 520 kB | 12 kB | 15 kB | 139 kB
Progress (4): 520 kB | 12 kB | 15 kB | 143 kB
Progress (4): 520 kB | 12 kB | 15 kB | 147 kB
Progress (4): 520 kB | 12 kB | 15 kB | 151 kB
Progress (4): 520 kB | 12 kB | 15 kB | 155 kB
Progress (4): 520 kB | 12 kB | 15 kB | 159 kB
Progress (4): 520 kB | 12 kB | 15 kB | 162 kB
Progress (4): 520 kB | 12 kB | 15 kB | 164 kB
Progress (4): 520 kB | 12 kB | 15 kB | 169 kB
Progress (4): 520 kB | 12 kB | 15 kB | 173 kB
Progress (4): 520 kB | 12 kB | 15 kB | 177 kB
Progress (4): 520 kB | 12 kB | 15 kB | 181 kB
Progress (4): 520 kB | 12 kB | 15 kB | 185 kB
Progress (4): 520 kB | 12 kB | 15 kB | 189 kB
Progress (4): 520 kB | 12 kB | 15 kB | 193 kB
Progress (4): 520 kB | 12 kB | 15 kB | 197 kB
Progress (4): 520 kB | 12 kB | 15 kB | 200 kB
Progress (4): 520 kB | 12 kB | 15 kB | 204 kB
Progress (4): 520 kB | 12 kB | 15 kB | 208 kB
Progress (4): 520 kB | 12 kB | 15 kB | 211 kB
Progress (4): 520 kB | 12 kB | 15 kB | 215 kB
Progress (4): 520 kB | 12 kB | 15 kB | 219 kB
Progress (4): 520 kB | 12 kB | 15 kB | 223 kB
Progress (4): 520 kB | 12 kB | 15 kB | 227 kB
Progress (4): 520 kB | 12 kB | 15 kB | 229 kB
Progress (4): 520 kB | 12 kB | 15 kB | 232 kB
Progress (4): 520 kB | 12 kB | 15 kB | 235 kB
Progress (4): 520 kB | 12 kB | 15 kB | 239 kB
Progress (4): 520 kB | 12 kB | 15 kB | 242 kB
Progress (4): 520 kB | 12 kB | 15 kB | 246 kB
Progress (4): 520 kB | 12 kB | 15 kB | 249 kB
Progress (4): 520 kB | 12 kB | 15 kB | 252 kB
Progress (4): 520 kB | 12 kB | 15 kB | 254 kB
Progress (4): 520 kB | 12 kB | 15 kB | 259 kB
Progress (4): 520 kB | 12 kB | 15 kB | 263 kB
Progress (4): 520 kB | 12 kB | 15 kB | 266 kB
Progress (4): 520 kB | 12 kB | 15 kB | 269 kB
Progress (4): 520 kB | 12 kB | 15 kB | 272 kB
Progress (4): 520 kB | 12 kB | 15 kB | 275 kB
Progress (4): 520 kB | 12 kB | 15 kB | 279 kB
Progress (4): 520 kB | 12 kB | 15 kB | 283 kB
Progress (4): 520 kB | 12 kB | 15 kB | 287 kB
Progress (4): 520 kB | 12 kB | 15 kB | 291 kB
Progress (4): 520 kB | 12 kB | 15 kB | 296 kB
Progress (4): 520 kB | 12 kB | 15 kB | 299 kB
Progress (4): 520 kB | 12 kB | 15 kB | 302 kB
Progress (4): 520 kB | 12 kB | 15 kB | 305 kB
Progress (4): 520 kB | 12 kB | 15 kB | 309 kB
Progress (4): 520 kB | 12 kB | 15 kB | 311 kB
Progress (4): 520 kB | 12 kB | 15 kB | 314 kB
Progress (4): 520 kB | 12 kB | 15 kB | 318 kB
Progress (4): 520 kB | 12 kB | 15 kB | 321 kB
Progress (4): 520 kB | 12 kB | 15 kB | 324 kB
Progress (4): 520 kB | 12 kB | 15 kB | 328 kB
Progress (4): 520 kB | 12 kB | 15 kB | 332 kB
Progress (4): 520 kB | 12 kB | 15 kB | 336 kB
Progress (4): 520 kB | 12 kB | 15 kB | 340 kB
Progress (4): 520 kB | 12 kB | 15 kB | 344 kB
Progress (4): 520 kB | 12 kB | 15 kB | 348 kB
Progress (4): 520 kB | 12 kB | 15 kB | 352 kB
Progress (4): 520 kB | 12 kB | 15 kB | 356 kB
Progress (4): 520 kB | 12 kB | 15 kB | 358 kB
Progress (4): 520 kB | 12 kB | 15 kB | 361 kB
Progress (4): 520 kB | 12 kB | 15 kB | 365 kB
Progress (4): 520 kB | 12 kB | 15 kB | 369 kB
Progress (4): 520 kB | 12 kB | 15 kB | 373 kB
Progress (4): 520 kB | 12 kB | 15 kB | 377 kB
Progress (4): 520 kB | 12 kB | 15 kB | 381 kB
Progress (4): 520 kB | 12 kB | 15 kB | 384 kB
Progress (4): 520 kB | 12 kB | 15 kB | 387 kB
Progress (4): 520 kB | 12 kB | 15 kB | 391 kB
Progress (4): 520 kB | 12 kB | 15 kB | 395 kB
Progress (4): 520 kB | 12 kB | 15 kB | 398 kB
Progress (4): 520 kB | 12 kB | 15 kB | 402 kB
Progress (4): 520 kB | 12 kB | 15 kB | 406 kB
Progress (4): 520 kB | 12 kB | 15 kB | 410 kB
Progress (4): 520 kB | 12 kB | 15 kB | 414 kB
Progress (4): 520 kB | 12 kB | 15 kB | 418 kB
Progress (4): 520 kB | 12 kB | 15 kB | 420 kB
Progress (4): 520 kB | 12 kB | 15 kB | 425 kB
Progress (4): 520 kB | 12 kB | 15 kB | 429 kB
Progress (4): 520 kB | 12 kB | 15 kB | 432 kB
Progress (4): 520 kB | 12 kB | 15 kB | 435 kB
Progress (4): 520 kB | 12 kB | 15 kB | 438 kB
                                             
Downloaded from aiban-tianyin-core: https://aiban-maven.pkg.coding.net/repository/tianyin/core/org/codehaus/woodstox/wstx-asl/3.2.4/wstx-asl-3.2.4.jar (520 kB at 122 kB/s)
Downloading from aiban-tianyin-core: https://aiban-maven.pkg.coding.net/repository/tianyin/core/org/codehaus/jettison/jettison/1.5.0/jettison-1.5.0.jar
Progress (3): 12 kB | 15 kB | 442 kB
Progress (3): 12 kB | 15 kB | 446 kB
Progress (3): 12 kB | 15 kB | 450 kB
Progress (3): 12 kB | 15 kB | 453 kB
Progress (3): 12 kB | 15 kB | 457 kB
Progress (3): 12 kB | 15 kB | 461 kB
Progress (3): 12 kB | 15 kB | 465 kB
Progress (3): 12 kB | 15 kB | 469 kB
Progress (3): 12 kB | 15 kB | 473 kB
Progress (3): 12 kB | 15 kB | 477 kB
Progress (3): 12 kB | 15 kB | 480 kB
Progress (3): 12 kB | 15 kB | 482 kB
Progress (3): 12 kB | 15 kB | 486 kB
Progress (3): 12 kB | 15 kB | 490 kB
Progress (3): 12 kB | 15 kB | 493 kB
Progress (3): 12 kB | 15 kB | 496 kB
Progress (3): 12 kB | 15 kB | 500 kB
Progress (3): 12 kB | 15 kB | 504 kB
Progress (3): 12 kB | 15 kB | 508 kB
Progress (3): 12 kB | 15 kB | 512 kB
Progress (3): 12 kB | 15 kB | 516 kB
Progress (3): 12 kB | 15 kB | 521 kB
Progress (3): 12 kB | 15 kB | 525 kB
Progress (3): 12 kB | 15 kB | 529 kB
Progress (3): 12 kB | 15 kB | 531 kB
Progress (3): 12 kB | 15 kB | 533 kB
Progress (3): 12 kB | 15 kB | 536 kB
Progress (3): 12 kB | 15 kB | 539 kB
Progress (3): 12 kB | 15 kB | 543 kB
Progress (3): 12 kB | 15 kB | 547 kB
Progress (3): 12 kB | 15 kB | 550 kB
Progress (3): 12 kB | 15 kB | 554 kB
Progress (3): 12 kB | 15 kB | 558 kB
Progress (3): 12 kB | 15 kB | 563 kB
Progress (3): 12 kB | 15 kB | 567 kB
Progress (3): 12 kB | 15 kB | 571 kB
Progress (3): 12 kB | 15 kB | 575 kB
Progress (3): 12 kB | 15 kB | 579 kB
Progress (3): 12 kB | 15 kB | 582 kB
Progress (3): 12 kB | 15 kB | 584 kB
Progress (3): 12 kB | 15 kB | 588 kB
Progress (3): 12 kB | 15 kB | 593 kB
Progress (3): 12 kB | 15 kB | 597 kB
Progress (3): 12 kB | 15 kB | 599 kB
Progress (3): 12 kB | 15 kB | 604 kB
Progress (3): 12 kB | 15 kB | 608 kB
Progress (3): 12 kB | 15 kB | 612 kB
Progress (3): 12 kB | 15 kB | 616 kB
Progress (3): 12 kB | 15 kB | 620 kB
Progress (3): 12 kB | 15 kB | 624 kB
Progress (3): 12 kB | 15 kB | 628 kB
Progress (3): 12 kB | 15 kB | 632 kB
Progress (3): 12 kB | 15 kB | 636 kB
Progress (3): 12 kB | 15 kB | 639 kB
Progress (3): 12 kB | 15 kB | 643 kB
Progress (3): 12 kB | 15 kB | 648 kB
Progress (3): 12 kB | 15 kB | 650 kB
Progress (3): 12 kB | 15 kB | 653 kB
Progress (3): 12 kB | 15 kB | 657 kB
Progress (3): 12 kB | 15 kB | 661 kB
Progress (3): 12 kB | 15 kB | 666 kB
Progress (3): 12 kB | 15 kB | 670 kB
Progress (3): 12 kB | 15 kB | 674 kB
Progress (3): 12 kB | 15 kB | 678 kB
Progress (3): 12 kB | 15 kB | 682 kB
Progress (3): 12 kB | 15 kB | 686 kB
Progress (3): 12 kB | 15 kB | 690 kB
Progress (3): 12 kB | 15 kB | 694 kB
Progress (3): 12 kB | 15 kB | 697 kB
Progress (3): 12 kB | 15 kB | 701 kB
Progress (3): 12 kB | 15 kB | 706 kB
Progress (3): 12 kB | 15 kB | 710 kB
Progress (3): 12 kB | 15 kB | 714 kB
Progress (3): 12 kB | 15 kB | 718 kB
Progress (3): 12 kB | 15 kB | 722 kB
Progress (3): 12 kB | 15 kB | 726 kB
Progress (3): 12 kB | 15 kB | 730 kB
Progress (3): 12 kB | 15 kB | 734 kB
Progress (3): 12 kB | 15 kB | 738 kB
Progress (3): 12 kB | 15 kB | 742 kB
Progress (3): 12 kB | 15 kB | 747 kB
Progress (3): 12 kB | 15 kB | 751 kB
Progress (3): 12 kB | 15 kB | 755 kB
Progress (3): 12 kB | 15 kB | 757 kB
Progress (3): 12 kB | 15 kB | 759 kB
Progress (3): 12 kB | 15 kB | 762 kB
Progress (3): 12 kB | 15 kB | 766 kB
Progress (3): 12 kB | 15 kB | 771 kB
Progress (3): 12 kB | 15 kB | 775 kB
Progress (3): 12 kB | 15 kB | 779 kB
Progress (3): 12 kB | 15 kB | 783 kB
Progress (3): 12 kB | 15 kB | 787 kB
Progress (3): 12 kB | 15 kB | 791 kB
Progress (3): 12 kB | 15 kB | 795 kB
Progress (3): 12 kB | 15 kB | 799 kB
Progress (3): 12 kB | 15 kB | 803 kB
Progress (3): 12 kB | 15 kB | 805 kB
Progress (3): 12 kB | 15 kB | 809 kB
Progress (3): 12 kB | 15 kB | 813 kB
Progress (3): 12 kB | 15 kB | 817 kB
Progress (3): 12 kB | 15 kB | 821 kB
Progress (3): 12 kB | 15 kB | 824 kB
Progress (3): 12 kB | 15 kB | 827 kB
Progress (3): 12 kB | 15 kB | 829 kB
Progress (3): 12 kB | 15 kB | 832 kB
Progress (3): 12 kB | 15 kB | 836 kB
Progress (3): 12 kB | 15 kB | 841 kB
Progress (3): 12 kB | 15 kB | 845 kB
Progress (3): 12 kB | 15 kB | 848 kB
Progress (3): 12 kB | 15 kB | 852 kB
Progress (3): 12 kB | 15 kB | 856 kB
Progress (3): 12 kB | 15 kB | 860 kB
Progress (3): 12 kB | 15 kB | 864 kB
Progress (3): 12 kB | 15 kB | 867 kB
Progress (3): 12 kB | 15 kB | 871 kB
Progress (3): 12 kB | 15 kB | 875 kB
Progress (3): 12 kB | 15 kB | 879 kB
Progress (3): 12 kB | 15 kB | 883 kB
Progress (3): 12 kB | 15 kB | 887 kB
Progress (3): 12 kB | 15 kB | 891 kB
Progress (3): 12 kB | 15 kB | 895 kB
Progress (3): 12 kB | 15 kB | 898 kB
Progress (3): 12 kB | 15 kB | 902 kB
Progress (3): 12 kB | 15 kB | 906 kB
Progress (3): 12 kB | 15 kB | 910 kB
Progress (3): 12 kB | 15 kB | 913 kB
Progress (3): 12 kB | 15 kB | 917 kB
Progress (3): 12 kB | 15 kB | 921 kB
Progress (3): 12 kB | 15 kB | 925 kB
Progress (3): 12 kB | 15 kB | 929 kB
Progress (3): 12 kB | 15 kB | 934 kB
Progress (3): 12 kB | 15 kB | 938 kB
Progress (3): 12 kB | 15 kB | 940 kB
Progress (3): 12 kB | 15 kB | 943 kB
Progress (3): 12 kB | 15 kB | 947 kB
Progress (3): 12 kB | 15 kB | 951 kB
Progress (3): 12 kB | 15 kB | 955 kB
Progress (3): 12 kB | 15 kB | 959 kB
Progress (3): 12 kB | 15 kB | 963 kB
Progress (3): 12 kB | 15 kB | 965 kB
Progress (3): 12 kB | 15 kB | 968 kB
Progress (3): 12 kB | 15 kB | 971 kB
Progress (3): 12 kB | 15 kB | 974 kB
Progress (3): 12 kB | 15 kB | 978 kB
Progress (3): 12 kB | 15 kB | 982 kB
Progress (3): 12 kB | 15 kB | 986 kB
Progress (3): 12 kB | 15 kB | 990 kB
Progress (3): 12 kB | 15 kB | 994 kB
Progress (3): 12 kB | 15 kB | 998 kB
Progress (3): 12 kB | 15 kB | 1.0 MB
Progress (3): 12 kB | 15 kB | 1.0 MB
Progress (3): 12 kB | 15 kB | 1.0 MB
Progress (3): 12 kB | 15 kB | 1.0 MB
Progress (3): 12 kB | 15 kB | 1.0 MB
Progress (3): 12 kB | 15 kB | 1.0 MB
Progress (3): 12 kB | 15 kB | 1.0 MB
Progress (3): 12 kB | 15 kB | 1.0 MB
Progress (3): 12 kB | 15 kB | 1.0 MB
Progress (3): 12 kB | 15 kB | 1.0 MB
Progress (3): 12 kB | 15 kB | 1.0 MB
Progress (3): 12 kB | 15 kB | 1.0 MB
Progress (3): 12 kB | 15 kB | 1.0 MB
Progress (3): 12 kB | 15 kB | 1.0 MB
Progress (3): 12 kB | 15 kB | 1.1 MB
Progress (3): 12 kB | 15 kB | 1.1 MB
Progress (3): 12 kB | 15 kB | 1.1 MB
Progress (3): 12 kB | 15 kB | 1.1 MB
Progress (3): 12 kB | 15 kB | 1.1 MB
Progress (3): 12 kB | 15 kB | 1.1 MB
Progress (3): 12 kB | 15 kB | 1.1 MB
Progress (3): 12 kB | 15 kB | 1.1 MB
Progress (3): 12 kB | 15 kB | 1.1 MB
Progress (3): 12 kB | 15 kB | 1.1 MB
Progress (3): 12 kB | 15 kB | 1.1 MB
Progress (3): 12 kB | 15 kB | 1.1 MB
Progress (3): 12 kB | 15 kB | 1.1 MB
Progress (3): 12 kB | 15 kB | 1.1 MB
Progress (3): 12 kB | 15 kB | 1.1 MB
Progress (3): 12 kB | 15 kB | 1.1 MB
Progress (3): 12 kB | 15 kB | 1.1 MB
Progress (3): 12 kB | 15 kB | 1.1 MB
Progress (3): 12 kB | 15 kB | 1.1 MB
Progress (3): 12 kB | 15 kB | 1.1 MB
Progress (3): 12 kB | 15 kB | 1.1 MB
Progress (3): 12 kB | 15 kB | 1.1 MB
Progress (3): 12 kB | 15 kB | 1.1 MB
Progress (3): 12 kB | 15 kB | 1.1 MB
Progress (3): 12 kB | 15 kB | 1.1 MB
Progress (3): 12 kB | 15 kB | 1.1 MB
Progress (3): 12 kB | 15 kB | 1.2 MB
Progress (3): 12 kB | 15 kB | 1.2 MB
Progress (3): 12 kB | 15 kB | 1.2 MB
Progress (3): 12 kB | 15 kB | 1.2 MB
Progress (3): 12 kB | 15 kB | 1.2 MB
Progress (3): 12 kB | 15 kB | 1.2 MB
Progress (3): 12 kB | 15 kB | 1.2 MB
Progress (3): 12 kB | 15 kB | 1.2 MB
Progress (3): 12 kB | 15 kB | 1.2 MB
Progress (3): 12 kB | 15 kB | 1.2 MB
Progress (3): 12 kB | 15 kB | 1.2 MB
Progress (3): 12 kB | 15 kB | 1.2 MB
Progress (3): 12 kB | 15 kB | 1.2 MB
Progress (3): 12 kB | 15 kB | 1.2 MB
Progress (3): 12 kB | 15 kB | 1.2 MB
Progress (3): 12 kB | 15 kB | 1.2 MB
Progress (3): 12 kB | 15 kB | 1.2 MB
Progress (3): 12 kB | 15 kB | 1.2 MB
Progress (3): 12 kB | 15 kB | 1.2 MB
Progress (3): 12 kB | 15 kB | 1.2 MB
Progress (3): 12 kB | 15 kB | 1.2 MB
Progress (3): 12 kB | 15 kB | 1.2 MB
Progress (3): 12 kB | 15 kB | 1.2 MB
Progress (3): 12 kB | 15 kB | 1.2 MB
Progress (3): 12 kB | 15 kB | 1.2 MB
Progress (3): 12 kB | 15 kB | 1.2 MB
Progress (3): 12 kB | 15 kB | 1.3 MB
Progress (3): 12 kB | 15 kB | 1.3 MB
Progress (3): 12 kB | 15 kB | 1.3 MB
Progress (3): 12 kB | 15 kB | 1.3 MB
Progress (3): 12 kB | 15 kB | 1.3 MB
Progress (3): 12 kB | 15 kB | 1.3 MB
Progress (3): 12 kB | 15 kB | 1.3 MB
Progress (3): 12 kB | 15 kB | 1.3 MB
Progress (3): 12 kB | 15 kB | 1.3 MB
Progress (3): 12 kB | 15 kB | 1.3 MB
Progress (3): 12 kB | 15 kB | 1.3 MB
Progress (3): 12 kB | 15 kB | 1.3 MB
                                    
Downloaded from aiban-tianyin-core: https://aiban-maven.pkg.coding.net/repository/tianyin/core/org/apache/ant/ant-launcher/1.7.0/ant-launcher-1.7.0.jar (12 kB at 2.7 kB/s)
Downloading from aiban-tianyin-core: https://aiban-maven.pkg.coding.net/repository/tianyin/core/org/owasp/encoder/encoder/1.2.3/encoder-1.2.3.jar
Downloaded from aiban-tianyin-core: https://aiban-maven.pkg.coding.net/repository/tianyin/core/org/apache/axis2/axis2-jws-api/1.4.1/axis2-jws-api-1.4.1.jar (15 kB at 3.3 kB/s)
Downloading from aiban-tianyin-core: https://aiban-maven.pkg.coding.net/repository/tianyin/core/com/squareup/moshi/moshi/1.13.0/moshi-1.13.0.jar
Downloaded from aiban-tianyin-core: https://aiban-maven.pkg.coding.net/repository/tianyin/core/org/apache/ant/ant/1.7.0/ant-1.7.0.jar (1.3 MB at 288 kB/s)
Downloading from aiban-tianyin-core: https://aiban-maven.pkg.coding.net/repository/tianyin/core/com/squareup/okio/okio/2.10.0/okio-2.10.0.jar
Progress (1): 4.0 kB
Progress (1): 8.1 kB
Progress (1): 11 kB 
Progress (1): 14 kB
Progress (1): 18 kB
Progress (1): 22 kB
Progress (1): 26 kB
Progress (1): 29 kB
Progress (1): 34 kB
Progress (1): 37 kB
Progress (1): 38 kB
Progress (2): 38 kB | 4.0 kB
Progress (2): 38 kB | 8.1 kB
Progress (2): 38 kB | 12 kB 
Progress (2): 38 kB | 16 kB
Progress (2): 38 kB | 19 kB
Progress (2): 38 kB | 23 kB
Progress (2): 38 kB | 27 kB
Progress (2): 38 kB | 31 kB
Progress (2): 38 kB | 36 kB
Progress (2): 38 kB | 38 kB
Progress (2): 38 kB | 41 kB
Progress (2): 38 kB | 43 kB
Progress (2): 38 kB | 47 kB
Progress (2): 38 kB | 50 kB
Progress (2): 38 kB | 54 kB
Progress (2): 38 kB | 58 kB
Progress (2): 38 kB | 62 kB
Progress (2): 38 kB | 66 kB
Progress (2): 38 kB | 69 kB
Progress (2): 38 kB | 71 kB
Progress (2): 38 kB | 75 kB
Progress (2): 38 kB | 78 kB
Progress (2): 38 kB | 82 kB
Progress (2): 38 kB | 86 kB
Progress (2): 38 kB | 91 kB
Progress (2): 38 kB | 91 kB
                           
Downloaded from aiban-tianyin-core: https://aiban-maven.pkg.coding.net/repository/tianyin/core/org/owasp/encoder/encoder/1.2.3/encoder-1.2.3.jar (38 kB at 8.2 kB/s)
Downloading from aiban-tianyin-core: https://aiban-maven.pkg.coding.net/repository/tianyin/core/org/jetbrains/kotlin/kotlin-stdlib/1.3.72/kotlin-stdlib-1.3.72.jar
Progress (2): 91 kB | 4.0 kB
Progress (2): 91 kB | 8.1 kB
Progress (2): 91 kB | 11 kB 
Progress (2): 91 kB | 14 kB
Progress (2): 91 kB | 16 kB
Progress (2): 91 kB | 19 kB
Progress (2): 91 kB | 23 kB
Progress (2): 91 kB | 26 kB
Progress (2): 91 kB | 29 kB
Progress (2): 91 kB | 33 kB
Progress (2): 91 kB | 37 kB
Progress (2): 91 kB | 42 kB
Progress (2): 91 kB | 46 kB
Progress (2): 91 kB | 49 kB
Progress (2): 91 kB | 53 kB
Progress (2): 91 kB | 57 kB
Progress (2): 91 kB | 60 kB
Progress (2): 91 kB | 64 kB
Progress (2): 91 kB | 68 kB
Progress (2): 91 kB | 71 kB
Progress (2): 91 kB | 74 kB
Progress (2): 91 kB | 77 kB
Progress (2): 91 kB | 80 kB
Progress (2): 91 kB | 84 kB
Progress (2): 91 kB | 88 kB
Progress (2): 91 kB | 92 kB
Progress (2): 91 kB | 95 kB
Progress (2): 91 kB | 99 kB
Progress (2): 91 kB | 102 kB
Progress (2): 91 kB | 105 kB
Progress (2): 91 kB | 108 kB
Progress (2): 91 kB | 112 kB
Progress (2): 91 kB | 116 kB
Progress (2): 91 kB | 120 kB
Progress (2): 91 kB | 124 kB
Progress (2): 91 kB | 128 kB
Progress (2): 91 kB | 130 kB
Progress (2): 91 kB | 133 kB
Progress (2): 91 kB | 137 kB
Progress (2): 91 kB | 141 kB
Progress (2): 91 kB | 145 kB
Progress (2): 91 kB | 149 kB
Progress (2): 91 kB | 153 kB
Progress (2): 91 kB | 158 kB
Progress (2): 91 kB | 162 kB
Progress (2): 91 kB | 164 kB
Progress (2): 91 kB | 167 kB
Progress (2): 91 kB | 169 kB
Progress (2): 91 kB | 172 kB
Progress (2): 91 kB | 176 kB
Progress (2): 91 kB | 180 kB
Progress (2): 91 kB | 184 kB
Progress (2): 91 kB | 189 kB
Progress (2): 91 kB | 193 kB
Progress (2): 91 kB | 197 kB
Progress (2): 91 kB | 199 kB
Progress (2): 91 kB | 202 kB
Progress (2): 91 kB | 206 kB
Progress (2): 91 kB | 210 kB
Progress (2): 91 kB | 214 kB
Progress (2): 91 kB | 218 kB
Progress (2): 91 kB | 222 kB
Progress (2): 91 kB | 226 kB
Progress (2): 91 kB | 230 kB
Progress (2): 91 kB | 233 kB
Progress (2): 91 kB | 236 kB
Progress (2): 91 kB | 239 kB
Progress (2): 91 kB | 241 kB
Progress (2): 91 kB | 244 kB
Progress (2): 91 kB | 246 kB
Progress (2): 91 kB | 251 kB
Progress (2): 91 kB | 255 kB
Progress (2): 91 kB | 257 kB
Progress (3): 91 kB | 257 kB | 4.1 kB
Progress (3): 91 kB | 257 kB | 8.2 kB
Progress (3): 91 kB | 257 kB | 12 kB 
Progress (3): 91 kB | 257 kB | 15 kB
Progress (3): 91 kB | 257 kB | 18 kB
Progress (3): 91 kB | 257 kB | 21 kB
Progress (3): 91 kB | 257 kB | 25 kB
Progress (3): 91 kB | 257 kB | 29 kB
Progress (3): 91 kB | 257 kB | 33 kB
Progress (3): 91 kB | 257 kB | 37 kB
Progress (3): 91 kB | 257 kB | 39 kB
Progress (3): 91 kB | 257 kB | 43 kB
Progress (3): 91 kB | 257 kB | 47 kB
Progress (3): 91 kB | 257 kB | 51 kB
Progress (3): 91 kB | 257 kB | 55 kB
Progress (3): 91 kB | 257 kB | 59 kB
Progress (3): 91 kB | 257 kB | 63 kB
Progress (3): 91 kB | 257 kB | 66 kB
Progress (3): 91 kB | 257 kB | 68 kB
Progress (3): 91 kB | 257 kB | 72 kB
Progress (3): 91 kB | 257 kB | 75 kB
Progress (3): 91 kB | 257 kB | 79 kB
Progress (3): 91 kB | 257 kB | 84 kB
Progress (3): 91 kB | 257 kB | 88 kB
                                    
Downloaded from aiban-tianyin-core: https://aiban-maven.pkg.coding.net/repository/tianyin/core/org/apache/axis2/axis2-json/1.8.2/axis2-json-1.8.2.jar (91 kB at 19 kB/s)
Downloading from aiban-tianyin-core: https://aiban-maven.pkg.coding.net/repository/tianyin/core/org/jetbrains/annotations/13.0/annotations-13.0.jar
Progress (2): 257 kB | 91 kB
Progress (2): 257 kB | 95 kB
Progress (2): 257 kB | 98 kB
Progress (2): 257 kB | 102 kB
Progress (2): 257 kB | 106 kB
Progress (2): 257 kB | 109 kB
Progress (2): 257 kB | 112 kB
Progress (2): 257 kB | 115 kB
Progress (2): 257 kB | 119 kB
Progress (2): 257 kB | 123 kB
Progress (2): 257 kB | 126 kB
Progress (2): 257 kB | 129 kB
Progress (2): 257 kB | 133 kB
Progress (2): 257 kB | 137 kB
Progress (2): 257 kB | 141 kB
Progress (2): 257 kB | 145 kB
Progress (2): 257 kB | 149 kB
Progress (2): 257 kB | 153 kB
Progress (2): 257 kB | 157 kB
Progress (2): 257 kB | 161 kB
Progress (2): 257 kB | 162 kB
Progress (3): 257 kB | 162 kB | 4.1 kB
Progress (3): 257 kB | 162 kB | 6.9 kB
Progress (3): 257 kB | 162 kB | 11 kB 
Progress (3): 257 kB | 162 kB | 14 kB
Progress (3): 257 kB | 162 kB | 18 kB
Progress (3): 257 kB | 162 kB | 22 kB
Progress (3): 257 kB | 162 kB | 26 kB
Progress (3): 257 kB | 162 kB | 29 kB
Progress (3): 257 kB | 162 kB | 32 kB
Progress (3): 257 kB | 162 kB | 35 kB
Progress (3): 257 kB | 162 kB | 39 kB
Progress (3): 257 kB | 162 kB | 42 kB
Progress (3): 257 kB | 162 kB | 45 kB
Progress (3): 257 kB | 162 kB | 48 kB
Progress (3): 257 kB | 162 kB | 52 kB
Progress (3): 257 kB | 162 kB | 56 kB
Progress (3): 257 kB | 162 kB | 60 kB
Progress (3): 257 kB | 162 kB | 64 kB
Progress (3): 257 kB | 162 kB | 66 kB
Progress (3): 257 kB | 162 kB | 69 kB
                                     
Downloaded from aiban-tianyin-core: https://aiban-maven.pkg.coding.net/repository/tianyin/core/com/squareup/okio/okio/2.10.0/okio-2.10.0.jar (257 kB at 53 kB/s)
Progress (2): 162 kB | 72 kB
                            
Downloading from aiban-tianyin-core: https://aiban-maven.pkg.coding.net/repository/tianyin/core/org/jetbrains/kotlin/kotlin-stdlib-common/1.3.72/kotlin-stdlib-common-1.3.72.jar
Progress (2): 162 kB | 75 kB
Progress (2): 162 kB | 78 kB
Progress (2): 162 kB | 82 kB
Progress (2): 162 kB | 86 kB
Progress (2): 162 kB | 90 kB
Progress (2): 162 kB | 94 kB
Progress (2): 162 kB | 98 kB
Progress (2): 162 kB | 102 kB
Progress (2): 162 kB | 105 kB
Progress (2): 162 kB | 108 kB
Progress (2): 162 kB | 111 kB
Progress (2): 162 kB | 115 kB
Progress (2): 162 kB | 119 kB
Progress (2): 162 kB | 123 kB
Progress (2): 162 kB | 127 kB
Progress (2): 162 kB | 129 kB
Progress (2): 162 kB | 133 kB
Progress (2): 162 kB | 136 kB
Progress (2): 162 kB | 141 kB
Progress (2): 162 kB | 145 kB
Progress (2): 162 kB | 148 kB
Progress (2): 162 kB | 150 kB
Progress (2): 162 kB | 154 kB
Progress (3): 162 kB | 154 kB | 4.1 kB
Progress (3): 162 kB | 154 kB | 8.2 kB
Progress (3): 162 kB | 154 kB | 11 kB 
Progress (3): 162 kB | 154 kB | 14 kB
Progress (3): 162 kB | 154 kB | 17 kB
Progress (3): 162 kB | 154 kB | 20 kB
Progress (3): 162 kB | 154 kB | 24 kB
Progress (3): 162 kB | 154 kB | 28 kB
Progress (3): 162 kB | 154 kB | 32 kB
Progress (3): 162 kB | 154 kB | 35 kB
Progress (3): 162 kB | 154 kB | 38 kB
Progress (3): 162 kB | 154 kB | 41 kB
Progress (3): 162 kB | 154 kB | 44 kB
Progress (3): 162 kB | 157 kB | 44 kB
Progress (3): 162 kB | 157 kB | 47 kB
Progress (3): 162 kB | 160 kB | 47 kB
Progress (3): 162 kB | 160 kB | 51 kB
Progress (3): 162 kB | 163 kB | 51 kB
Progress (3): 162 kB | 163 kB | 55 kB
Progress (3): 162 kB | 163 kB | 57 kB
Progress (3): 162 kB | 166 kB | 57 kB
Progress (3): 162 kB | 166 kB | 60 kB
Progress (3): 162 kB | 169 kB | 60 kB
Progress (3): 162 kB | 172 kB | 60 kB
Progress (3): 162 kB | 175 kB | 60 kB
Progress (3): 162 kB | 179 kB | 60 kB
Progress (3): 162 kB | 183 kB | 60 kB
Progress (3): 162 kB | 186 kB | 60 kB
Progress (3): 162 kB | 188 kB | 60 kB
Progress (3): 162 kB | 191 kB | 60 kB
Progress (3): 162 kB | 194 kB | 60 kB
Progress (3): 162 kB | 194 kB | 64 kB
Progress (3): 162 kB | 197 kB | 64 kB
Progress (3): 162 kB | 200 kB | 64 kB
Progress (3): 162 kB | 203 kB | 64 kB
Progress (3): 162 kB | 206 kB | 64 kB
Progress (3): 162 kB | 208 kB | 64 kB
Progress (3): 162 kB | 213 kB | 64 kB
Progress (3): 162 kB | 216 kB | 64 kB
Progress (3): 162 kB | 220 kB | 64 kB
Progress (3): 162 kB | 223 kB | 64 kB
Progress (3): 162 kB | 227 kB | 64 kB
Progress (3): 162 kB | 230 kB | 64 kB
Progress (3): 162 kB | 233 kB | 64 kB
Progress (3): 162 kB | 235 kB | 64 kB
Progress (3): 162 kB | 238 kB | 64 kB
Progress (3): 162 kB | 241 kB | 64 kB
Progress (3): 162 kB | 244 kB | 64 kB
Progress (3): 162 kB | 247 kB | 64 kB
Progress (3): 162 kB | 250 kB | 64 kB
Progress (3): 162 kB | 254 kB | 64 kB
Progress (3): 162 kB | 258 kB | 64 kB
Progress (3): 162 kB | 261 kB | 64 kB
Progress (3): 162 kB | 264 kB | 64 kB
Progress (3): 162 kB | 268 kB | 64 kB
Progress (3): 162 kB | 272 kB | 64 kB
Progress (3): 162 kB | 275 kB | 64 kB
Progress (3): 162 kB | 278 kB | 64 kB
Progress (3): 162 kB | 281 kB | 64 kB
Progress (3): 162 kB | 284 kB | 64 kB
Progress (3): 162 kB | 287 kB | 64 kB
Progress (3): 162 kB | 290 kB | 64 kB
Progress (3): 162 kB | 292 kB | 64 kB
Progress (3): 162 kB | 297 kB | 64 kB
Progress (3): 162 kB | 301 kB | 64 kB
Progress (3): 162 kB | 304 kB | 64 kB
Progress (3): 162 kB | 308 kB | 64 kB
Progress (3): 162 kB | 312 kB | 64 kB
Progress (3): 162 kB | 315 kB | 64 kB
Progress (3): 162 kB | 319 kB | 64 kB
Progress (3): 162 kB | 323 kB | 64 kB
Progress (3): 162 kB | 328 kB | 64 kB
Progress (3): 162 kB | 332 kB | 64 kB
Progress (3): 162 kB | 336 kB | 64 kB
Progress (3): 162 kB | 340 kB | 64 kB
Progress (3): 162 kB | 344 kB | 64 kB
Progress (3): 162 kB | 348 kB | 64 kB
Progress (3): 162 kB | 352 kB | 64 kB
Progress (3): 162 kB | 356 kB | 64 kB
Progress (3): 162 kB | 360 kB | 64 kB
Progress (3): 162 kB | 364 kB | 64 kB
Progress (3): 162 kB | 368 kB | 64 kB
Progress (3): 162 kB | 368 kB | 67 kB
Progress (3): 162 kB | 371 kB | 67 kB
Progress (3): 162 kB | 371 kB | 70 kB
Progress (3): 162 kB | 374 kB | 70 kB
Progress (3): 162 kB | 377 kB | 70 kB
Progress (3): 162 kB | 379 kB | 70 kB
Progress (3): 162 kB | 379 kB | 72 kB
Progress (3): 162 kB | 382 kB | 72 kB
Progress (3): 162 kB | 382 kB | 77 kB
Progress (3): 162 kB | 386 kB | 77 kB
Progress (3): 162 kB | 386 kB | 80 kB
Progress (3): 162 kB | 390 kB | 80 kB
Progress (3): 162 kB | 390 kB | 82 kB
Progress (3): 162 kB | 395 kB | 82 kB
Progress (3): 162 kB | 395 kB | 85 kB
Progress (3): 162 kB | 395 kB | 88 kB
Progress (3): 162 kB | 395 kB | 89 kB
Progress (3): 162 kB | 399 kB | 89 kB
Progress (3): 162 kB | 403 kB | 89 kB
Progress (3): 162 kB | 406 kB | 89 kB
Progress (3): 162 kB | 409 kB | 89 kB
Progress (3): 162 kB | 413 kB | 89 kB
Progress (3): 162 kB | 417 kB | 89 kB
Progress (3): 162 kB | 421 kB | 89 kB
Progress (3): 162 kB | 424 kB | 89 kB
Progress (3): 162 kB | 426 kB | 89 kB
Progress (3): 162 kB | 429 kB | 89 kB
Progress (3): 162 kB | 433 kB | 89 kB
Progress (3): 162 kB | 437 kB | 89 kB
Progress (3): 162 kB | 442 kB | 89 kB
Progress (3): 162 kB | 446 kB | 89 kB
Progress (3): 162 kB | 450 kB | 89 kB
Progress (3): 162 kB | 454 kB | 89 kB
Progress (3): 162 kB | 457 kB | 89 kB
Progress (3): 162 kB | 461 kB | 89 kB
Progress (3): 162 kB | 465 kB | 89 kB
Progress (3): 162 kB | 469 kB | 89 kB
Progress (3): 162 kB | 473 kB | 89 kB
Progress (3): 162 kB | 477 kB | 89 kB
Progress (3): 162 kB | 481 kB | 89 kB
Progress (3): 162 kB | 485 kB | 89 kB
Progress (3): 162 kB | 489 kB | 89 kB
Progress (3): 162 kB | 493 kB | 89 kB
Progress (3): 162 kB | 497 kB | 89 kB
Progress (3): 162 kB | 501 kB | 89 kB
Progress (3): 162 kB | 504 kB | 89 kB
Progress (3): 162 kB | 507 kB | 89 kB
Progress (3): 162 kB | 511 kB | 89 kB
Progress (3): 162 kB | 515 kB | 89 kB
Progress (3): 162 kB | 519 kB | 89 kB
Progress (3): 162 kB | 523 kB | 89 kB
Progress (3): 162 kB | 526 kB | 89 kB
Progress (3): 162 kB | 530 kB | 89 kB
Progress (3): 162 kB | 533 kB | 89 kB
Progress (3): 162 kB | 536 kB | 89 kB
Progress (3): 162 kB | 538 kB | 89 kB
Progress (3): 162 kB | 542 kB | 89 kB
Progress (3): 162 kB | 546 kB | 89 kB
Progress (3): 162 kB | 550 kB | 89 kB
Progress (3): 162 kB | 554 kB | 89 kB
Progress (3): 162 kB | 557 kB | 89 kB
Progress (3): 162 kB | 559 kB | 89 kB
Progress (3): 162 kB | 562 kB | 89 kB
Progress (3): 162 kB | 565 kB | 89 kB
Progress (3): 162 kB | 568 kB | 89 kB
Progress (3): 162 kB | 572 kB | 89 kB
Progress (3): 162 kB | 576 kB | 89 kB
Progress (3): 162 kB | 579 kB | 89 kB
Progress (3): 162 kB | 583 kB | 89 kB
                                     
Downloaded from aiban-tianyin-core: https://aiban-maven.pkg.coding.net/repository/tianyin/core/org/jetbrains/annotations/13.0/annotations-13.0.jar (0 B at 0 B/s)
Progress (3): 162 kB | 586 kB | 89 kB
                                     
Downloading from aiban-tianyin-core: https://aiban-maven.pkg.coding.net/repository/tianyin/core/org/jetbrains/kotlin/kotlin-stdlib-jdk8/1.3.72/kotlin-stdlib-jdk8-1.3.72.jar
Progress (3): 162 kB | 591 kB | 89 kB
Progress (3): 162 kB | 595 kB | 89 kB
Progress (3): 162 kB | 599 kB | 89 kB
Progress (3): 162 kB | 603 kB | 89 kB
Progress (3): 162 kB | 607 kB | 89 kB
Progress (3): 162 kB | 611 kB | 89 kB
Progress (3): 162 kB | 615 kB | 89 kB
Progress (3): 162 kB | 618 kB | 89 kB
Progress (3): 162 kB | 622 kB | 89 kB
Progress (3): 162 kB | 625 kB | 89 kB
Progress (3): 162 kB | 628 kB | 89 kB
Progress (3): 162 kB | 631 kB | 89 kB
Progress (3): 162 kB | 633 kB | 89 kB
Progress (3): 162 kB | 638 kB | 89 kB
Progress (3): 162 kB | 642 kB | 89 kB
Progress (3): 162 kB | 645 kB | 89 kB
Progress (3): 162 kB | 648 kB | 89 kB
Progress (3): 162 kB | 650 kB | 89 kB
Progress (3): 162 kB | 653 kB | 89 kB
Progress (3): 162 kB | 657 kB | 89 kB
Progress (3): 162 kB | 661 kB | 89 kB
Progress (3): 162 kB | 665 kB | 89 kB
Progress (3): 162 kB | 669 kB | 89 kB
Progress (3): 162 kB | 673 kB | 89 kB
Progress (3): 162 kB | 676 kB | 89 kB
Progress (3): 162 kB | 679 kB | 89 kB
Progress (3): 162 kB | 682 kB | 89 kB
Progress (3): 162 kB | 686 kB | 89 kB
Progress (3): 162 kB | 690 kB | 89 kB
Progress (3): 162 kB | 694 kB | 89 kB
Progress (3): 162 kB | 698 kB | 89 kB
Progress (3): 162 kB | 702 kB | 89 kB
Progress (3): 162 kB | 705 kB | 89 kB
Progress (3): 162 kB | 707 kB | 89 kB
Progress (3): 162 kB | 711 kB | 89 kB
Progress (3): 162 kB | 714 kB | 89 kB
Progress (3): 162 kB | 717 kB | 89 kB
Progress (3): 162 kB | 721 kB | 89 kB
Progress (3): 162 kB | 724 kB | 89 kB
Progress (3): 162 kB | 728 kB | 89 kB
Progress (3): 162 kB | 732 kB | 89 kB
Progress (3): 162 kB | 735 kB | 89 kB
Progress (3): 162 kB | 738 kB | 89 kB
Progress (3): 162 kB | 741 kB | 89 kB
Progress (3): 162 kB | 744 kB | 89 kB
Progress (3): 162 kB | 747 kB | 89 kB
Progress (3): 162 kB | 749 kB | 89 kB
Progress (3): 162 kB | 752 kB | 89 kB
Progress (3): 162 kB | 756 kB | 89 kB
Progress (3): 162 kB | 760 kB | 89 kB
Progress (3): 162 kB | 765 kB | 89 kB
Progress (3): 162 kB | 768 kB | 89 kB
Progress (3): 162 kB | 771 kB | 89 kB
Progress (3): 162 kB | 774 kB | 89 kB
Progress (3): 162 kB | 778 kB | 89 kB
Progress (3): 162 kB | 781 kB | 89 kB
Progress (3): 162 kB | 785 kB | 89 kB
Progress (3): 162 kB | 789 kB | 89 kB
Progress (3): 162 kB | 793 kB | 89 kB
Progress (3): 162 kB | 797 kB | 89 kB
Progress (3): 162 kB | 801 kB | 89 kB
Progress (3): 162 kB | 805 kB | 89 kB
Progress (3): 162 kB | 809 kB | 89 kB
Progress (3): 162 kB | 813 kB | 89 kB
Progress (3): 162 kB | 818 kB | 89 kB
Progress (3): 162 kB | 822 kB | 89 kB
Progress (3): 162 kB | 826 kB | 89 kB
Progress (3): 162 kB | 830 kB | 89 kB
Progress (3): 162 kB | 834 kB | 89 kB
Progress (3): 162 kB | 838 kB | 89 kB
Progress (3): 162 kB | 842 kB | 89 kB
Progress (3): 162 kB | 846 kB | 89 kB
Progress (3): 162 kB | 850 kB | 89 kB
Progress (3): 162 kB | 854 kB | 89 kB
Progress (3): 162 kB | 859 kB | 89 kB
Progress (3): 162 kB | 863 kB | 89 kB
Progress (3): 162 kB | 867 kB | 89 kB
Progress (3): 162 kB | 870 kB | 89 kB
Progress (3): 162 kB | 874 kB | 89 kB
Progress (3): 162 kB | 877 kB | 89 kB
Progress (3): 162 kB | 880 kB | 89 kB
Progress (3): 162 kB | 884 kB | 89 kB
Progress (3): 162 kB | 887 kB | 89 kB
Progress (3): 162 kB | 890 kB | 89 kB
Progress (3): 162 kB | 894 kB | 89 kB
Progress (3): 162 kB | 898 kB | 89 kB
Progress (3): 162 kB | 902 kB | 89 kB
Progress (3): 162 kB | 906 kB | 89 kB
Progress (3): 162 kB | 909 kB | 89 kB
Progress (3): 162 kB | 913 kB | 89 kB
Progress (3): 162 kB | 917 kB | 89 kB
Progress (3): 162 kB | 920 kB | 89 kB
Progress (3): 162 kB | 924 kB | 89 kB
Progress (3): 162 kB | 928 kB | 89 kB
Progress (3): 162 kB | 932 kB | 89 kB
Progress (3): 162 kB | 936 kB | 89 kB
Progress (3): 162 kB | 940 kB | 89 kB
Progress (3): 162 kB | 944 kB | 89 kB
Progress (3): 162 kB | 948 kB | 89 kB
Progress (3): 162 kB | 952 kB | 89 kB
Progress (3): 162 kB | 956 kB | 89 kB
Progress (3): 162 kB | 959 kB | 89 kB
Progress (3): 162 kB | 963 kB | 89 kB
Progress (3): 162 kB | 967 kB | 89 kB
Progress (3): 162 kB | 971 kB | 89 kB
Progress (3): 162 kB | 975 kB | 89 kB
Progress (3): 162 kB | 978 kB | 89 kB
Progress (3): 162 kB | 981 kB | 89 kB
Progress (3): 162 kB | 984 kB | 89 kB
Progress (3): 162 kB | 987 kB | 89 kB
Progress (3): 162 kB | 990 kB | 89 kB
Progress (3): 162 kB | 993 kB | 89 kB
Progress (3): 162 kB | 997 kB | 89 kB
Progress (3): 162 kB | 1.0 MB | 89 kB
Progress (3): 162 kB | 1.0 MB | 89 kB
Progress (3): 162 kB | 1.0 MB | 89 kB
Progress (3): 162 kB | 1.0 MB | 89 kB
Progress (3): 162 kB | 1.0 MB | 89 kB
Progress (3): 162 kB | 1.0 MB | 89 kB
Progress (3): 162 kB | 1.0 MB | 89 kB
Progress (3): 162 kB | 1.0 MB | 89 kB
Progress (3): 162 kB | 1.0 MB | 89 kB
Progress (3): 162 kB | 1.0 MB | 89 kB
Progress (3): 162 kB | 1.0 MB | 89 kB
Progress (3): 162 kB | 1.0 MB | 89 kB
Progress (3): 162 kB | 1.0 MB | 89 kB
Progress (3): 162 kB | 1.1 MB | 89 kB
Progress (3): 162 kB | 1.1 MB | 89 kB
Progress (3): 162 kB | 1.1 MB | 89 kB
Progress (3): 162 kB | 1.1 MB | 89 kB
Progress (3): 162 kB | 1.1 MB | 89 kB
Progress (3): 162 kB | 1.1 MB | 89 kB
Progress (3): 162 kB | 1.1 MB | 89 kB
Progress (3): 162 kB | 1.1 MB | 89 kB
Progress (3): 162 kB | 1.1 MB | 89 kB
Progress (3): 162 kB | 1.1 MB | 89 kB
Progress (3): 162 kB | 1.1 MB | 89 kB
Progress (3): 162 kB | 1.1 MB | 89 kB
Progress (3): 162 kB | 1.1 MB | 89 kB
Progress (3): 162 kB | 1.1 MB | 89 kB
Progress (3): 162 kB | 1.1 MB | 89 kB
Progress (3): 162 kB | 1.1 MB | 89 kB
Progress (3): 162 kB | 1.1 MB | 89 kB
Progress (3): 162 kB | 1.1 MB | 89 kB
Progress (3): 162 kB | 1.1 MB | 89 kB
Progress (3): 162 kB | 1.1 MB | 89 kB
Progress (3): 162 kB | 1.1 MB | 89 kB
Progress (3): 162 kB | 1.1 MB | 89 kB
Progress (3): 162 kB | 1.1 MB | 89 kB
Progress (3): 162 kB | 1.1 MB | 89 kB
Progress (3): 162 kB | 1.1 MB | 89 kB
Progress (3): 162 kB | 1.1 MB | 89 kB
Progress (3): 162 kB | 1.2 MB | 89 kB
Progress (3): 162 kB | 1.2 MB | 89 kB
Progress (3): 162 kB | 1.2 MB | 89 kB
Progress (3): 162 kB | 1.2 MB | 89 kB
Progress (3): 162 kB | 1.2 MB | 89 kB
Progress (3): 162 kB | 1.2 MB | 89 kB
Progress (3): 162 kB | 1.2 MB | 89 kB
Progress (3): 162 kB | 1.2 MB | 89 kB
Progress (3): 162 kB | 1.2 MB | 89 kB
Progress (3): 162 kB | 1.2 MB | 89 kB
Progress (3): 162 kB | 1.2 MB | 89 kB
Progress (3): 162 kB | 1.2 MB | 89 kB
Progress (3): 162 kB | 1.2 MB | 89 kB
Progress (3): 162 kB | 1.2 MB | 89 kB
Progress (3): 162 kB | 1.2 MB | 89 kB
Progress (3): 162 kB | 1.2 MB | 89 kB
Progress (3): 162 kB | 1.2 MB | 89 kB
Progress (3): 162 kB | 1.2 MB | 89 kB
Progress (3): 162 kB | 1.2 MB | 89 kB
Progress (3): 162 kB | 1.2 MB | 89 kB
Progress (3): 162 kB | 1.2 MB | 89 kB
Progress (3): 162 kB | 1.2 MB | 89 kB
Progress (3): 162 kB | 1.2 MB | 89 kB
Progress (3): 162 kB | 1.2 MB | 89 kB
Progress (3): 162 kB | 1.2 MB | 89 kB
Progress (3): 162 kB | 1.2 MB | 89 kB
Progress (3): 162 kB | 1.3 MB | 89 kB
Progress (3): 162 kB | 1.3 MB | 89 kB
Progress (3): 162 kB | 1.3 MB | 89 kB
Progress (3): 162 kB | 1.3 MB | 89 kB
Progress (3): 162 kB | 1.3 MB | 89 kB
Progress (3): 162 kB | 1.3 MB | 89 kB
Progress (3): 162 kB | 1.3 MB | 89 kB
Progress (3): 162 kB | 1.3 MB | 89 kB
Progress (3): 162 kB | 1.3 MB | 89 kB
Progress (3): 162 kB | 1.3 MB | 89 kB
Progress (3): 162 kB | 1.3 MB | 89 kB
Progress (3): 162 kB | 1.3 MB | 89 kB
Progress (3): 162 kB | 1.3 MB | 89 kB
Progress (3): 162 kB | 1.3 MB | 89 kB
Progress (3): 162 kB | 1.3 MB | 89 kB
Progress (3): 162 kB | 1.3 MB | 89 kB
Progress (3): 162 kB | 1.3 MB | 89 kB
Progress (3): 162 kB | 1.3 MB | 89 kB
Progress (3): 162 kB | 1.3 MB | 89 kB
Progress (3): 162 kB | 1.3 MB | 89 kB
Progress (3): 162 kB | 1.3 MB | 89 kB
Progress (3): 162 kB | 1.3 MB | 89 kB
Progress (3): 162 kB | 1.3 MB | 89 kB
Progress (3): 162 kB | 1.3 MB | 89 kB
Progress (3): 162 kB | 1.3 MB | 89 kB
Progress (3): 162 kB | 1.3 MB | 89 kB
Progress (3): 162 kB | 1.3 MB | 89 kB
Progress (3): 162 kB | 1.3 MB | 89 kB
Progress (3): 162 kB | 1.4 MB | 89 kB
Progress (3): 162 kB | 1.4 MB | 89 kB
Progress (3): 162 kB | 1.4 MB | 89 kB
Progress (3): 162 kB | 1.4 MB | 89 kB
Progress (3): 162 kB | 1.4 MB | 89 kB
Progress (3): 162 kB | 1.4 MB | 89 kB
Progress (3): 162 kB | 1.4 MB | 89 kB
Progress (3): 162 kB | 1.4 MB | 89 kB
                                     
Downloaded from aiban-tianyin-core: https://aiban-maven.pkg.coding.net/repository/tianyin/core/com/squareup/moshi/moshi/1.13.0/moshi-1.13.0.jar (162 kB at 33 kB/s)
Downloading from aiban-tianyin-core: https://aiban-maven.pkg.coding.net/repository/tianyin/core/org/jetbrains/kotlin/kotlin-stdlib-jdk7/1.3.72/kotlin-stdlib-jdk7-1.3.72.jar
Downloaded from aiban-tianyin-core: https://aiban-maven.pkg.coding.net/repository/tianyin/core/org/jetbrains/kotlin/kotlin-stdlib-common/1.3.72/kotlin-stdlib-common-1.3.72.jar (0 B at 0 B/s)
Downloading from aiban-tianyin-core: https://aiban-maven.pkg.coding.net/repository/tianyin/core/com/squareup/moshi/moshi-adapters/1.13.0/moshi-adapters-1.13.0.jar
Progress (3): 1.4 MB | 89 kB | 2.6 kB
Progress (3): 1.4 MB | 89 kB | 6.7 kB
Progress (3): 1.4 MB | 89 kB | 11 kB 
Progress (3): 1.4 MB | 89 kB | 14 kB
Progress (3): 1.4 MB | 89 kB | 15 kB
                                    
Downloaded from aiban-tianyin-core: https://aiban-maven.pkg.coding.net/repository/tianyin/core/org/codehaus/jettison/jettison/1.5.0/jettison-1.5.0.jar (89 kB at 18 kB/s)
Downloading from aiban-tianyin-core: https://aiban-maven.pkg.coding.net/repository/tianyin/core/org/apache/axis2/axis2-metadata/1.8.2/axis2-metadata-1.8.2.jar
Downloaded from aiban-tianyin-core: https://aiban-maven.pkg.coding.net/repository/tianyin/core/org/jetbrains/kotlin/kotlin-stdlib/1.3.72/kotlin-stdlib-1.3.72.jar (1.4 MB at 270 kB/s)
Downloading from aiban-tianyin-core: https://aiban-maven.pkg.coding.net/repository/tianyin/core/com/sun/xml/ws/jaxws-tools/4.0.3/jaxws-tools-4.0.3.jar
Downloaded from aiban-tianyin-core: https://aiban-maven.pkg.coding.net/repository/tianyin/core/org/jetbrains/kotlin/kotlin-stdlib-jdk7/1.3.72/kotlin-stdlib-jdk7-1.3.72.jar (0 B at 0 B/s)
Downloading from aiban-tianyin-core: https://aiban-maven.pkg.coding.net/repository/tianyin/core/com/sun/xml/bind/jaxb-jxc/4.0.5/jaxb-jxc-4.0.5.jar
Downloaded from aiban-tianyin-core: https://aiban-maven.pkg.coding.net/repository/tianyin/core/org/jetbrains/kotlin/kotlin-stdlib-jdk8/1.3.72/kotlin-stdlib-jdk8-1.3.72.jar (15 kB at 3.0 kB/s)
Downloading from aiban-tianyin-core: https://aiban-maven.pkg.coding.net/repository/tianyin/core/org/apache/axis2/axis2-mtompolicy/1.8.2/axis2-mtompolicy-1.8.2.jar
Progress (1): 3.8 kB
Progress (1): 7.9 kB
Progress (1): 12 kB 
Progress (1): 14 kB
                   
Downloaded from aiban-tianyin-core: https://aiban-maven.pkg.coding.net/repository/tianyin/core/com/squareup/moshi/moshi-adapters/1.13.0/moshi-adapters-1.13.0.jar (14 kB at 2.6 kB/s)
Downloading from aiban-tianyin-core: https://aiban-maven.pkg.coding.net/repository/tianyin/core/org/apache/axis2/axis2-saaj/1.8.2/axis2-saaj-1.8.2.jar
Progress (1): 3.8 kB
Progress (1): 6.9 kB
Progress (1): 11 kB 
Progress (1): 14 kB
Progress (1): 18 kB
Progress (1): 22 kB
Progress (1): 26 kB
Progress (1): 30 kB
Progress (1): 34 kB
Progress (1): 37 kB
Progress (1): 40 kB
Progress (1): 43 kB
Progress (1): 47 kB
Progress (1): 51 kB
Progress (1): 54 kB
Progress (1): 59 kB
Progress (1): 62 kB
Progress (1): 64 kB
Progress (1): 67 kB
Progress (1): 70 kB
Progress (1): 74 kB
Progress (1): 78 kB
Progress (1): 82 kB
Progress (1): 87 kB
Progress (1): 91 kB
Progress (1): 95 kB
Progress (1): 97 kB
Progress (1): 100 kB
Progress (1): 104 kB
Progress (1): 106 kB
Progress (1): 111 kB
Progress (1): 115 kB
Progress (1): 118 kB
Progress (1): 119 kB
Progress (2): 119 kB | 4.1 kB
Progress (2): 119 kB | 8.2 kB
Progress (2): 119 kB | 11 kB 
Progress (2): 119 kB | 14 kB
Progress (2): 119 kB | 18 kB
Progress (2): 119 kB | 22 kB
Progress (2): 119 kB | 26 kB
Progress (2): 119 kB | 30 kB
Progress (2): 119 kB | 34 kB
Progress (3): 119 kB | 34 kB | 4.1 kB
Progress (4): 119 kB | 34 kB | 4.1 kB | 2.6 kB
Progress (4): 119 kB | 34 kB | 8.2 kB | 2.6 kB
Progress (4): 119 kB | 34 kB | 8.2 kB | 6.7 kB
Progress (4): 119 kB | 34 kB | 12 kB | 6.7 kB 
Progress (4): 119 kB | 34 kB | 12 kB | 11 kB 
Progress (4): 119 kB | 34 kB | 12 kB | 14 kB
Progress (4): 119 kB | 34 kB | 12 kB | 18 kB
Progress (4): 119 kB | 34 kB | 12 kB | 22 kB
Progress (4): 119 kB | 34 kB | 15 kB | 22 kB
Progress (4): 119 kB | 34 kB | 15 kB | 26 kB
Progress (4): 119 kB | 34 kB | 15 kB | 29 kB
Progress (4): 119 kB | 34 kB | 15 kB | 33 kB
Progress (4): 119 kB | 34 kB | 15 kB | 37 kB
Progress (4): 119 kB | 34 kB | 15 kB | 41 kB
Progress (4): 119 kB | 34 kB | 15 kB | 46 kB
Progress (4): 119 kB | 34 kB | 15 kB | 50 kB
Progress (4): 119 kB | 34 kB | 15 kB | 54 kB
Progress (4): 119 kB | 34 kB | 15 kB | 58 kB
Progress (4): 119 kB | 34 kB | 15 kB | 61 kB
Progress (4): 119 kB | 34 kB | 15 kB | 64 kB
Progress (4): 119 kB | 34 kB | 15 kB | 68 kB
Progress (4): 119 kB | 34 kB | 15 kB | 71 kB
Progress (4): 119 kB | 34 kB | 15 kB | 74 kB
Progress (4): 119 kB | 34 kB | 15 kB | 78 kB
Progress (4): 119 kB | 34 kB | 15 kB | 82 kB
Progress (4): 119 kB | 34 kB | 15 kB | 86 kB
Progress (4): 119 kB | 34 kB | 15 kB | 90 kB
Progress (4): 119 kB | 34 kB | 15 kB | 94 kB
Progress (4): 119 kB | 34 kB | 15 kB | 98 kB
Progress (4): 119 kB | 34 kB | 15 kB | 101 kB
Progress (4): 119 kB | 34 kB | 15 kB | 105 kB
Progress (4): 119 kB | 34 kB | 15 kB | 109 kB
Progress (4): 119 kB | 34 kB | 15 kB | 113 kB
Progress (4): 119 kB | 34 kB | 15 kB | 117 kB
Progress (4): 119 kB | 34 kB | 15 kB | 121 kB
Progress (4): 119 kB | 34 kB | 15 kB | 125 kB
Progress (4): 119 kB | 34 kB | 15 kB | 129 kB
Progress (4): 119 kB | 34 kB | 15 kB | 132 kB
Progress (4): 119 kB | 34 kB | 15 kB | 134 kB
Progress (4): 119 kB | 34 kB | 15 kB | 138 kB
Progress (4): 119 kB | 38 kB | 15 kB | 138 kB
Progress (4): 119 kB | 38 kB | 15 kB | 142 kB
Progress (4): 119 kB | 38 kB | 15 kB | 147 kB
Progress (4): 119 kB | 38 kB | 15 kB | 151 kB
Progress (4): 119 kB | 38 kB | 15 kB | 155 kB
Progress (4): 119 kB | 38 kB | 15 kB | 159 kB
Progress (4): 119 kB | 38 kB | 15 kB | 163 kB
Progress (4): 119 kB | 38 kB | 15 kB | 165 kB
Progress (4): 119 kB | 42 kB | 15 kB | 165 kB
Progress (4): 119 kB | 46 kB | 15 kB | 165 kB
Progress (4): 119 kB | 50 kB | 15 kB | 165 kB
Progress (4): 119 kB | 53 kB | 15 kB | 165 kB
Progress (4): 119 kB | 57 kB | 15 kB | 165 kB
Progress (4): 119 kB | 60 kB | 15 kB | 165 kB
Progress (4): 119 kB | 63 kB | 15 kB | 165 kB
Progress (4): 119 kB | 63 kB | 15 kB | 168 kB
Progress (4): 119 kB | 63 kB | 15 kB | 171 kB
Progress (4): 119 kB | 63 kB | 15 kB | 175 kB
Progress (4): 119 kB | 63 kB | 15 kB | 179 kB
Progress (4): 119 kB | 63 kB | 15 kB | 183 kB
Progress (4): 119 kB | 63 kB | 15 kB | 187 kB
Progress (4): 119 kB | 66 kB | 15 kB | 187 kB
Progress (4): 119 kB | 70 kB | 15 kB | 187 kB
Progress (4): 119 kB | 74 kB | 15 kB | 187 kB
Progress (4): 119 kB | 77 kB | 15 kB | 187 kB
Progress (4): 119 kB | 80 kB | 15 kB | 187 kB
Progress (4): 119 kB | 82 kB | 15 kB | 187 kB
Progress (4): 119 kB | 85 kB | 15 kB | 187 kB
Progress (4): 119 kB | 89 kB | 15 kB | 187 kB
Progress (4): 119 kB | 92 kB | 15 kB | 187 kB
Progress (4): 119 kB | 95 kB | 15 kB | 187 kB
Progress (4): 119 kB | 98 kB | 15 kB | 187 kB
Progress (4): 119 kB | 101 kB | 15 kB | 187 kB
Progress (4): 119 kB | 101 kB | 15 kB | 191 kB
Progress (4): 119 kB | 105 kB | 15 kB | 191 kB
Progress (4): 119 kB | 105 kB | 15 kB | 195 kB
Progress (4): 119 kB | 109 kB | 15 kB | 195 kB
Progress (4): 119 kB | 112 kB | 15 kB | 195 kB
Progress (4): 119 kB | 112 kB | 15 kB | 199 kB
Progress (4): 119 kB | 115 kB | 15 kB | 199 kB
Progress (4): 119 kB | 119 kB | 15 kB | 199 kB
Progress (4): 119 kB | 122 kB | 15 kB | 199 kB
Progress (4): 119 kB | 125 kB | 15 kB | 199 kB
Progress (4): 119 kB | 129 kB | 15 kB | 199 kB
Progress (4): 119 kB | 129 kB | 15 kB | 202 kB
Progress (4): 119 kB | 129 kB | 15 kB | 204 kB
Progress (4): 119 kB | 129 kB | 15 kB | 209 kB
Progress (4): 119 kB | 129 kB | 15 kB | 213 kB
Progress (4): 119 kB | 129 kB | 15 kB | 217 kB
Progress (4): 119 kB | 129 kB | 15 kB | 221 kB
Progress (4): 119 kB | 129 kB | 15 kB | 225 kB
Progress (4): 119 kB | 129 kB | 15 kB | 229 kB
Progress (4): 119 kB | 129 kB | 15 kB | 233 kB
Progress (4): 119 kB | 129 kB | 15 kB | 237 kB
Progress (4): 119 kB | 129 kB | 15 kB | 239 kB
Progress (4): 119 kB | 129 kB | 15 kB | 242 kB
Progress (4): 119 kB | 129 kB | 15 kB | 245 kB
Progress (4): 119 kB | 129 kB | 15 kB | 249 kB
Progress (4): 119 kB | 129 kB | 15 kB | 253 kB
Progress (4): 119 kB | 129 kB | 15 kB | 257 kB
Progress (4): 119 kB | 129 kB | 15 kB | 262 kB
Progress (4): 119 kB | 129 kB | 15 kB | 266 kB
Progress (4): 119 kB | 129 kB | 15 kB | 270 kB
Progress (4): 119 kB | 129 kB | 15 kB | 274 kB
Progress (4): 119 kB | 129 kB | 15 kB | 276 kB
Progress (4): 119 kB | 129 kB | 15 kB | 279 kB
Progress (4): 119 kB | 129 kB | 15 kB | 282 kB
Progress (4): 119 kB | 129 kB | 15 kB | 284 kB
Progress (4): 119 kB | 129 kB | 15 kB | 289 kB
Progress (4): 119 kB | 129 kB | 15 kB | 291 kB
Progress (4): 119 kB | 129 kB | 15 kB | 294 kB
Progress (4): 119 kB | 129 kB | 15 kB | 298 kB
Progress (4): 119 kB | 129 kB | 15 kB | 302 kB
Progress (4): 119 kB | 129 kB | 15 kB | 306 kB
Progress (4): 119 kB | 129 kB | 15 kB | 311 kB
Progress (4): 119 kB | 129 kB | 15 kB | 315 kB
Progress (4): 119 kB | 129 kB | 15 kB | 317 kB
Progress (4): 119 kB | 129 kB | 15 kB | 319 kB
Progress (4): 119 kB | 129 kB | 15 kB | 323 kB
Progress (4): 119 kB | 129 kB | 15 kB | 328 kB
Progress (4): 119 kB | 129 kB | 15 kB | 332 kB
Progress (4): 119 kB | 129 kB | 15 kB | 335 kB
Progress (4): 119 kB | 129 kB | 15 kB | 338 kB
Progress (4): 119 kB | 129 kB | 15 kB | 342 kB
Progress (4): 119 kB | 129 kB | 15 kB | 346 kB
Progress (4): 119 kB | 129 kB | 15 kB | 350 kB
Progress (4): 119 kB | 129 kB | 15 kB | 354 kB
Progress (4): 119 kB | 129 kB | 15 kB | 358 kB
Progress (4): 119 kB | 129 kB | 15 kB | 361 kB
Progress (4): 119 kB | 129 kB | 15 kB | 363 kB
Progress (4): 119 kB | 129 kB | 15 kB | 366 kB
Progress (4): 119 kB | 129 kB | 15 kB | 369 kB
Progress (4): 119 kB | 129 kB | 15 kB | 373 kB
Progress (4): 119 kB | 129 kB | 15 kB | 377 kB
Progress (4): 119 kB | 129 kB | 15 kB | 381 kB
Progress (4): 119 kB | 129 kB | 15 kB | 385 kB
Progress (4): 119 kB | 129 kB | 15 kB | 389 kB
Progress (4): 119 kB | 129 kB | 15 kB | 393 kB
Progress (4): 119 kB | 129 kB | 15 kB | 397 kB
Progress (4): 119 kB | 129 kB | 15 kB | 401 kB
Progress (4): 119 kB | 129 kB | 15 kB | 404 kB
Progress (4): 119 kB | 129 kB | 15 kB | 408 kB
Progress (4): 119 kB | 129 kB | 15 kB | 411 kB
Progress (4): 119 kB | 129 kB | 15 kB | 413 kB
Progress (4): 119 kB | 129 kB | 15 kB | 417 kB
Progress (4): 119 kB | 129 kB | 15 kB | 422 kB
Progress (4): 119 kB | 129 kB | 15 kB | 426 kB
Progress (4): 119 kB | 129 kB | 15 kB | 429 kB
Progress (4): 119 kB | 129 kB | 15 kB | 432 kB
Progress (4): 119 kB | 129 kB | 15 kB | 436 kB
Progress (4): 119 kB | 129 kB | 15 kB | 440 kB
Progress (4): 119 kB | 129 kB | 15 kB | 443 kB
Progress (4): 119 kB | 129 kB | 15 kB | 447 kB
Progress (4): 119 kB | 129 kB | 15 kB | 451 kB
Progress (4): 119 kB | 129 kB | 15 kB | 454 kB
Progress (4): 119 kB | 129 kB | 15 kB | 458 kB
Progress (4): 119 kB | 129 kB | 15 kB | 461 kB
Progress (4): 119 kB | 129 kB | 15 kB | 464 kB
Progress (4): 119 kB | 129 kB | 15 kB | 468 kB
Progress (4): 119 kB | 129 kB | 15 kB | 472 kB
Progress (4): 119 kB | 129 kB | 15 kB | 475 kB
Progress (4): 119 kB | 129 kB | 15 kB | 478 kB
Progress (4): 119 kB | 129 kB | 15 kB | 481 kB
Progress (4): 119 kB | 129 kB | 15 kB | 485 kB
Progress (4): 119 kB | 129 kB | 15 kB | 489 kB
Progress (4): 119 kB | 129 kB | 15 kB | 493 kB
Progress (4): 119 kB | 129 kB | 15 kB | 497 kB
Progress (4): 119 kB | 129 kB | 15 kB | 501 kB
Progress (4): 119 kB | 129 kB | 15 kB | 503 kB
Progress (4): 119 kB | 129 kB | 15 kB | 506 kB
Progress (4): 119 kB | 129 kB | 15 kB | 509 kB
Progress (4): 119 kB | 129 kB | 15 kB | 513 kB
Progress (4): 119 kB | 129 kB | 15 kB | 516 kB
Progress (4): 119 kB | 129 kB | 15 kB | 520 kB
Progress (4): 119 kB | 129 kB | 15 kB | 524 kB
Progress (4): 119 kB | 129 kB | 15 kB | 527 kB
Progress (4): 119 kB | 129 kB | 15 kB | 530 kB
Progress (4): 119 kB | 129 kB | 15 kB | 533 kB
Progress (4): 119 kB | 129 kB | 15 kB | 537 kB
Progress (4): 119 kB | 129 kB | 15 kB | 540 kB
Progress (4): 119 kB | 129 kB | 15 kB | 543 kB
Progress (4): 119 kB | 129 kB | 15 kB | 546 kB
Progress (4): 119 kB | 129 kB | 15 kB | 549 kB
Progress (4): 119 kB | 129 kB | 15 kB | 553 kB
Progress (4): 119 kB | 129 kB | 15 kB | 555 kB
Progress (4): 119 kB | 129 kB | 15 kB | 558 kB
Progress (4): 119 kB | 129 kB | 15 kB | 561 kB
Progress (4): 119 kB | 133 kB | 15 kB | 561 kB
Progress (4): 119 kB | 133 kB | 15 kB | 565 kB
Progress (4): 119 kB | 137 kB | 15 kB | 565 kB
Progress (4): 119 kB | 137 kB | 15 kB | 568 kB
Progress (4): 119 kB | 141 kB | 15 kB | 568 kB
Progress (4): 119 kB | 141 kB | 15 kB | 572 kB
Progress (4): 119 kB | 141 kB | 15 kB | 576 kB
Progress (4): 119 kB | 141 kB | 15 kB | 580 kB
Progress (4): 119 kB | 141 kB | 15 kB | 584 kB
Progress (4): 119 kB | 141 kB | 15 kB | 588 kB
Progress (4): 119 kB | 141 kB | 15 kB | 592 kB
Progress (4): 119 kB | 141 kB | 15 kB | 596 kB
Progress (4): 119 kB | 141 kB | 15 kB | 600 kB
Progress (4): 119 kB | 141 kB | 15 kB | 605 kB
Progress (4): 119 kB | 144 kB | 15 kB | 605 kB
Progress (4): 119 kB | 147 kB | 15 kB | 605 kB
Progress (4): 119 kB | 150 kB | 15 kB | 605 kB
Progress (4): 119 kB | 153 kB | 15 kB | 605 kB
Progress (4): 119 kB | 155 kB | 15 kB | 605 kB
Progress (4): 119 kB | 159 kB | 15 kB | 605 kB
Progress (4): 119 kB | 164 kB | 15 kB | 605 kB
Progress (4): 119 kB | 168 kB | 15 kB | 605 kB
Progress (4): 119 kB | 172 kB | 15 kB | 605 kB
Progress (4): 119 kB | 172 kB | 15 kB | 609 kB
Progress (4): 119 kB | 174 kB | 15 kB | 609 kB
Progress (4): 119 kB | 174 kB | 15 kB | 613 kB
Progress (4): 119 kB | 177 kB | 15 kB | 613 kB
Progress (4): 119 kB | 180 kB | 15 kB | 613 kB
Progress (4): 119 kB | 183 kB | 15 kB | 613 kB
Progress (4): 119 kB | 186 kB | 15 kB | 613 kB
Progress (4): 119 kB | 190 kB | 15 kB | 613 kB
Progress (4): 119 kB | 194 kB | 15 kB | 613 kB
Progress (4): 119 kB | 198 kB | 15 kB | 613 kB
Progress (4): 119 kB | 202 kB | 15 kB | 613 kB
Progress (4): 119 kB | 206 kB | 15 kB | 613 kB
Progress (4): 119 kB | 210 kB | 15 kB | 613 kB
Progress (4): 119 kB | 213 kB | 15 kB | 613 kB
Progress (4): 119 kB | 216 kB | 15 kB | 613 kB
Progress (4): 119 kB | 220 kB | 15 kB | 613 kB
Progress (4): 119 kB | 224 kB | 15 kB | 613 kB
Progress (4): 119 kB | 228 kB | 15 kB | 613 kB
Progress (4): 119 kB | 231 kB | 15 kB | 613 kB
Progress (4): 119 kB | 231 kB | 15 kB | 617 kB
Progress (4): 119 kB | 234 kB | 15 kB | 617 kB
Progress (4): 119 kB | 234 kB | 15 kB | 621 kB
Progress (4): 119 kB | 238 kB | 15 kB | 621 kB
Progress (4): 119 kB | 242 kB | 15 kB | 621 kB
Progress (4): 119 kB | 246 kB | 15 kB | 621 kB
Progress (4): 119 kB | 249 kB | 15 kB | 621 kB
Progress (4): 119 kB | 253 kB | 15 kB | 621 kB
Progress (4): 119 kB | 257 kB | 15 kB | 621 kB
Progress (4): 119 kB | 262 kB | 15 kB | 621 kB
Progress (4): 119 kB | 266 kB | 15 kB | 621 kB
Progress (4): 119 kB | 270 kB | 15 kB | 621 kB
Progress (4): 119 kB | 274 kB | 15 kB | 621 kB
Progress (4): 119 kB | 278 kB | 15 kB | 621 kB
Progress (4): 119 kB | 280 kB | 15 kB | 621 kB
Progress (4): 119 kB | 283 kB | 15 kB | 621 kB
Progress (4): 119 kB | 287 kB | 15 kB | 621 kB
Progress (4): 119 kB | 290 kB | 15 kB | 621 kB
Progress (4): 119 kB | 293 kB | 15 kB | 621 kB
Progress (4): 119 kB | 296 kB | 15 kB | 621 kB
Progress (4): 119 kB | 300 kB | 15 kB | 621 kB
Progress (4): 119 kB | 304 kB | 15 kB | 621 kB
Progress (4): 119 kB | 304 kB | 15 kB | 625 kB
Progress (4): 119 kB | 308 kB | 15 kB | 625 kB
Progress (4): 119 kB | 308 kB | 15 kB | 628 kB
Progress (4): 119 kB | 312 kB | 15 kB | 628 kB
Progress (4): 119 kB | 314 kB | 15 kB | 628 kB
Progress (4): 119 kB | 317 kB | 15 kB | 628 kB
Progress (4): 119 kB | 317 kB | 15 kB | 632 kB
Progress (4): 119 kB | 317 kB | 15 kB | 636 kB
Progress (4): 119 kB | 317 kB | 15 kB | 640 kB
Progress (4): 119 kB | 317 kB | 15 kB | 644 kB
Progress (4): 119 kB | 317 kB | 15 kB | 649 kB
Progress (4): 119 kB | 317 kB | 15 kB | 653 kB
Progress (4): 119 kB | 317 kB | 15 kB | 657 kB
Progress (4): 119 kB | 317 kB | 15 kB | 660 kB
Progress (4): 119 kB | 317 kB | 15 kB | 663 kB
Progress (4): 119 kB | 317 kB | 15 kB | 666 kB
Progress (4): 119 kB | 317 kB | 15 kB | 669 kB
Progress (4): 119 kB | 317 kB | 15 kB | 673 kB
Progress (4): 119 kB | 317 kB | 15 kB | 677 kB
Progress (4): 119 kB | 317 kB | 15 kB | 681 kB
Progress (4): 119 kB | 317 kB | 15 kB | 685 kB
Progress (4): 119 kB | 317 kB | 15 kB | 689 kB
Progress (4): 119 kB | 317 kB | 15 kB | 693 kB
Progress (4): 119 kB | 317 kB | 15 kB | 695 kB
Progress (4): 119 kB | 317 kB | 15 kB | 699 kB
Progress (4): 119 kB | 317 kB | 15 kB | 704 kB
Progress (4): 119 kB | 317 kB | 15 kB | 707 kB
Progress (4): 119 kB | 317 kB | 15 kB | 711 kB
Progress (4): 119 kB | 317 kB | 15 kB | 714 kB
Progress (4): 119 kB | 317 kB | 15 kB | 717 kB
Progress (4): 119 kB | 317 kB | 15 kB | 721 kB
Progress (4): 119 kB | 317 kB | 15 kB | 725 kB
Progress (4): 119 kB | 317 kB | 15 kB | 728 kB
Progress (4): 119 kB | 317 kB | 15 kB | 732 kB
Progress (4): 119 kB | 317 kB | 15 kB | 736 kB
Progress (4): 119 kB | 317 kB | 15 kB | 739 kB
Progress (4): 119 kB | 317 kB | 15 kB | 743 kB
Progress (4): 119 kB | 317 kB | 15 kB | 747 kB
Progress (4): 119 kB | 317 kB | 15 kB | 751 kB
Progress (4): 119 kB | 317 kB | 15 kB | 755 kB
Progress (4): 119 kB | 317 kB | 15 kB | 759 kB
Progress (4): 119 kB | 317 kB | 15 kB | 762 kB
Progress (4): 119 kB | 317 kB | 15 kB | 766 kB
Progress (4): 119 kB | 317 kB | 15 kB | 769 kB
Progress (4): 119 kB | 317 kB | 15 kB | 773 kB
Progress (4): 119 kB | 317 kB | 15 kB | 777 kB
Progress (4): 119 kB | 317 kB | 15 kB | 780 kB
Progress (4): 119 kB | 317 kB | 15 kB | 784 kB
Progress (4): 119 kB | 317 kB | 15 kB | 786 kB
Progress (4): 119 kB | 321 kB | 15 kB | 786 kB
Progress (4): 119 kB | 321 kB | 15 kB | 791 kB
Progress (4): 119 kB | 324 kB | 15 kB | 791 kB
Progress (4): 119 kB | 324 kB | 15 kB | 793 kB
Progress (4): 119 kB | 327 kB | 15 kB | 793 kB
Progress (4): 119 kB | 327 kB | 15 kB | 796 kB
Progress (4): 119 kB | 329 kB | 15 kB | 796 kB
Progress (4): 119 kB | 329 kB | 15 kB | 800 kB
Progress (4): 119 kB | 332 kB | 15 kB | 800 kB
Progress (4): 119 kB | 332 kB | 15 kB | 804 kB
Progress (4): 119 kB | 336 kB | 15 kB | 804 kB
Progress (4): 119 kB | 336 kB | 15 kB | 807 kB
Progress (4): 119 kB | 339 kB | 15 kB | 807 kB
Progress (4): 119 kB | 342 kB | 15 kB | 807 kB
Progress (4): 119 kB | 346 kB | 15 kB | 807 kB
Progress (4): 119 kB | 350 kB | 15 kB | 807 kB
Progress (4): 119 kB | 353 kB | 15 kB | 807 kB
Progress (4): 119 kB | 357 kB | 15 kB | 807 kB
Progress (4): 119 kB | 360 kB | 15 kB | 807 kB
Progress (4): 119 kB | 363 kB | 15 kB | 807 kB
Progress (4): 119 kB | 366 kB | 15 kB | 807 kB
Progress (4): 119 kB | 370 kB | 15 kB | 807 kB
Progress (4): 119 kB | 373 kB | 15 kB | 807 kB
Progress (4): 119 kB | 376 kB | 15 kB | 807 kB
Progress (4): 119 kB | 379 kB | 15 kB | 807 kB
Progress (4): 119 kB | 383 kB | 15 kB | 807 kB
Progress (4): 119 kB | 386 kB | 15 kB | 807 kB
Progress (4): 119 kB | 389 kB | 15 kB | 807 kB
Progress (4): 119 kB | 392 kB | 15 kB | 807 kB
Progress (4): 119 kB | 395 kB | 15 kB | 807 kB
Progress (4): 119 kB | 397 kB | 15 kB | 807 kB
Progress (4): 119 kB | 400 kB | 15 kB | 807 kB
Progress (4): 119 kB | 403 kB | 15 kB | 807 kB
Progress (4): 119 kB | 406 kB | 15 kB | 807 kB
Progress (4): 119 kB | 410 kB | 15 kB | 807 kB
Progress (4): 119 kB | 413 kB | 15 kB | 807 kB
Progress (4): 119 kB | 416 kB | 15 kB | 807 kB
Progress (4): 119 kB | 419 kB | 15 kB | 807 kB
Progress (4): 119 kB | 422 kB | 15 kB | 807 kB
Progress (4): 119 kB | 426 kB | 15 kB | 807 kB
Progress (4): 119 kB | 430 kB | 15 kB | 807 kB
Progress (4): 119 kB | 434 kB | 15 kB | 807 kB
Progress (4): 119 kB | 438 kB | 15 kB | 807 kB
Progress (4): 119 kB | 442 kB | 15 kB | 807 kB
Progress (4): 119 kB | 445 kB | 15 kB | 807 kB
Progress (4): 119 kB | 449 kB | 15 kB | 807 kB
                                              
Downloaded from aiban-tianyin-core: https://aiban-maven.pkg.coding.net/repository/tianyin/core/com/sun/xml/bind/jaxb-jxc/4.0.5/jaxb-jxc-4.0.5.jar (119 kB at 21 kB/s)
Downloading from aiban-tianyin-core: https://aiban-maven.pkg.coding.net/repository/tianyin/core/org/apache/logging/log4j/log4j-jcl/2.13.2/log4j-jcl-2.13.2.jar
Downloaded from aiban-tianyin-core: https://aiban-maven.pkg.coding.net/repository/tianyin/core/org/apache/axis2/axis2-mtompolicy/1.8.2/axis2-mtompolicy-1.8.2.jar (15 kB at 2.6 kB/s)
Downloading from aiban-tianyin-core: https://aiban-maven.pkg.coding.net/repository/tianyin/core/org/apache/logging/log4j/log4j-api/2.13.2/log4j-api-2.13.2.jar
Downloaded from aiban-tianyin-core: https://aiban-maven.pkg.coding.net/repository/tianyin/core/com/sun/xml/ws/jaxws-tools/4.0.3/jaxws-tools-4.0.3.jar (807 kB at 138 kB/s)
Downloading from aiban-tianyin-core: https://aiban-maven.pkg.coding.net/repository/tianyin/core/org/apache/axis2/axis2-saaj-api/1.4.1/axis2-saaj-api-1.4.1.jar
Progress (2): 449 kB | 4.0 kB
Progress (2): 449 kB | 8.1 kB
Progress (2): 449 kB | 11 kB 
Progress (2): 449 kB | 14 kB
Progress (2): 449 kB | 17 kB
Progress (2): 449 kB | 19 kB
Progress (2): 449 kB | 24 kB
Progress (2): 449 kB | 28 kB
Progress (2): 449 kB | 32 kB
Progress (2): 449 kB | 36 kB
Progress (2): 449 kB | 39 kB
Progress (2): 449 kB | 43 kB
Progress (2): 449 kB | 48 kB
Progress (2): 449 kB | 52 kB
Progress (2): 449 kB | 56 kB
Progress (2): 449 kB | 60 kB
Progress (2): 449 kB | 64 kB
Progress (2): 449 kB | 68 kB
Progress (2): 449 kB | 70 kB
Progress (2): 449 kB | 73 kB
Progress (2): 449 kB | 76 kB
Progress (2): 449 kB | 78 kB
Progress (2): 449 kB | 81 kB
Progress (2): 449 kB | 84 kB
Progress (2): 449 kB | 88 kB
Progress (2): 449 kB | 92 kB
Progress (2): 449 kB | 96 kB
Progress (2): 449 kB | 97 kB
                            
Downloaded from aiban-tianyin-core: https://aiban-maven.pkg.coding.net/repository/tianyin/core/org/apache/axis2/axis2-metadata/1.8.2/axis2-metadata-1.8.2.jar (449 kB at 76 kB/s)
Downloading from aiban-tianyin-core: https://aiban-maven.pkg.coding.net/repository/tianyin/core/org/apache/geronimo/specs/geronimo-javamail_1.4_spec/1.2/geronimo-javamail_1.4_spec-1.2.jar
Progress (2): 97 kB | 2.6 kB
Progress (2): 97 kB | 6.7 kB
Progress (2): 97 kB | 11 kB 
Progress (2): 97 kB | 14 kB
Progress (2): 97 kB | 17 kB
Progress (2): 97 kB | 19 kB
Progress (2): 97 kB | 23 kB
Progress (2): 97 kB | 28 kB
Progress (2): 97 kB | 31 kB
                           
Downloaded from aiban-tianyin-core: https://aiban-maven.pkg.coding.net/repository/tianyin/core/org/apache/axis2/axis2-saaj/1.8.2/axis2-saaj-1.8.2.jar (97 kB at 16 kB/s)
Downloading from aiban-tianyin-core: https://aiban-maven.pkg.coding.net/repository/tianyin/core/org/apache/geronimo/specs/geronimo-activation_1.1_spec/1.0.1/geronimo-activation_1.1_spec-1.0.1.jar
Progress (2): 31 kB | 4.1 kB
Progress (2): 31 kB | 8.2 kB
Progress (2): 31 kB | 11 kB 
Progress (2): 31 kB | 13 kB
Progress (3): 31 kB | 13 kB | 4.1 kB
Progress (3): 31 kB | 13 kB | 8.2 kB
Progress (3): 31 kB | 13 kB | 11 kB 
Progress (3): 31 kB | 13 kB | 14 kB
Progress (3): 31 kB | 13 kB | 18 kB
Progress (3): 31 kB | 13 kB | 22 kB
Progress (3): 31 kB | 13 kB | 26 kB
Progress (3): 31 kB | 13 kB | 30 kB
Progress (3): 31 kB | 13 kB | 34 kB
Progress (3): 31 kB | 13 kB | 38 kB
Progress (3): 31 kB | 13 kB | 40 kB
Progress (3): 31 kB | 13 kB | 43 kB
Progress (3): 31 kB | 13 kB | 46 kB
Progress (3): 31 kB | 13 kB | 50 kB
Progress (3): 31 kB | 13 kB | 54 kB
Progress (3): 31 kB | 13 kB | 58 kB
Progress (3): 31 kB | 13 kB | 61 kB
Progress (3): 31 kB | 13 kB | 65 kB
Progress (3): 31 kB | 13 kB | 68 kB
Progress (3): 31 kB | 13 kB | 71 kB
Progress (3): 31 kB | 13 kB | 74 kB
Progress (3): 31 kB | 13 kB | 77 kB
Progress (3): 31 kB | 13 kB | 81 kB
Progress (3): 31 kB | 13 kB | 84 kB
Progress (3): 31 kB | 13 kB | 87 kB
Progress (3): 31 kB | 13 kB | 89 kB
Progress (3): 31 kB | 13 kB | 94 kB
Progress (3): 31 kB | 13 kB | 98 kB
Progress (3): 31 kB | 13 kB | 101 kB
Progress (3): 31 kB | 13 kB | 104 kB
Progress (3): 31 kB | 13 kB | 107 kB
Progress (3): 31 kB | 13 kB | 111 kB
Progress (3): 31 kB | 13 kB | 114 kB
Progress (3): 31 kB | 13 kB | 117 kB
Progress (3): 31 kB | 13 kB | 119 kB
Progress (3): 31 kB | 13 kB | 122 kB
Progress (3): 31 kB | 13 kB | 125 kB
Progress (3): 31 kB | 13 kB | 128 kB
Progress (3): 31 kB | 13 kB | 131 kB
Progress (3): 31 kB | 13 kB | 134 kB
Progress (3): 31 kB | 13 kB | 138 kB
Progress (3): 31 kB | 13 kB | 141 kB
Progress (3): 31 kB | 13 kB | 145 kB
Progress (3): 31 kB | 13 kB | 149 kB
Progress (3): 31 kB | 13 kB | 152 kB
Progress (3): 31 kB | 13 kB | 155 kB
Progress (3): 31 kB | 13 kB | 158 kB
Progress (3): 31 kB | 13 kB | 161 kB
Progress (3): 31 kB | 13 kB | 164 kB
Progress (3): 31 kB | 13 kB | 167 kB
Progress (3): 31 kB | 13 kB | 169 kB
Progress (3): 31 kB | 13 kB | 174 kB
Progress (3): 31 kB | 13 kB | 177 kB
Progress (3): 31 kB | 13 kB | 181 kB
Progress (3): 31 kB | 13 kB | 184 kB
Progress (3): 31 kB | 13 kB | 187 kB
Progress (3): 31 kB | 13 kB | 191 kB
Progress (3): 31 kB | 13 kB | 194 kB
Progress (3): 31 kB | 13 kB | 198 kB
Progress (3): 31 kB | 13 kB | 201 kB
Progress (3): 31 kB | 13 kB | 204 kB
Progress (3): 31 kB | 13 kB | 206 kB
Progress (3): 31 kB | 13 kB | 209 kB
Progress (3): 31 kB | 13 kB | 213 kB
Progress (3): 31 kB | 13 kB | 217 kB
Progress (3): 31 kB | 13 kB | 219 kB
Progress (3): 31 kB | 13 kB | 222 kB
Progress (3): 31 kB | 13 kB | 225 kB
Progress (3): 31 kB | 13 kB | 229 kB
Progress (3): 31 kB | 13 kB | 232 kB
Progress (3): 31 kB | 13 kB | 235 kB
Progress (3): 31 kB | 13 kB | 238 kB
Progress (3): 31 kB | 13 kB | 241 kB
Progress (3): 31 kB | 13 kB | 244 kB
Progress (3): 31 kB | 13 kB | 247 kB
Progress (3): 31 kB | 13 kB | 249 kB
Progress (3): 31 kB | 13 kB | 252 kB
Progress (3): 31 kB | 13 kB | 256 kB
Progress (3): 31 kB | 13 kB | 259 kB
Progress (3): 31 kB | 13 kB | 262 kB
Progress (3): 31 kB | 13 kB | 266 kB
Progress (3): 31 kB | 13 kB | 269 kB
Progress (3): 31 kB | 13 kB | 272 kB
Progress (3): 31 kB | 13 kB | 275 kB
Progress (3): 31 kB | 13 kB | 278 kB
Progress (3): 31 kB | 13 kB | 282 kB
Progress (3): 31 kB | 13 kB | 286 kB
Progress (3): 31 kB | 13 kB | 290 kB
Progress (3): 31 kB | 13 kB | 292 kB
Progress (4): 31 kB | 13 kB | 292 kB | 4.0 kB
Progress (4): 31 kB | 13 kB | 292 kB | 8.1 kB
Progress (4): 31 kB | 13 kB | 292 kB | 11 kB 
Progress (4): 31 kB | 13 kB | 292 kB | 15 kB
Progress (4): 31 kB | 13 kB | 292 kB | 18 kB
Progress (4): 31 kB | 13 kB | 292 kB | 22 kB
Progress (4): 31 kB | 13 kB | 292 kB | 26 kB
                                            
Downloaded from aiban-tianyin-core: https://aiban-maven.pkg.coding.net/repository/tianyin/core/org/apache/axis2/axis2-saaj-api/1.4.1/axis2-saaj-api-1.4.1.jar (31 kB at 5.0 kB/s)
Progress (3): 13 kB | 292 kB | 30 kB
                                    
Downloading from aiban-tianyin-core: https://aiban-maven.pkg.coding.net/repository/tianyin/core/org/apache/axis2/axis2-spring/1.8.2/axis2-spring-1.8.2.jar
Progress (3): 13 kB | 292 kB | 34 kB
Progress (3): 13 kB | 292 kB | 36 kB
Progress (4): 13 kB | 292 kB | 36 kB | 4.0 kB
Progress (4): 13 kB | 292 kB | 36 kB | 8.1 kB
Progress (4): 13 kB | 292 kB | 36 kB | 12 kB 
Progress (4): 13 kB | 292 kB | 36 kB | 16 kB
Progress (4): 13 kB | 292 kB | 36 kB | 20 kB
Progress (4): 13 kB | 292 kB | 36 kB | 25 kB
Progress (4): 13 kB | 292 kB | 36 kB | 28 kB
Progress (4): 13 kB | 292 kB | 36 kB | 31 kB
Progress (4): 13 kB | 292 kB | 36 kB | 35 kB
Progress (4): 13 kB | 292 kB | 36 kB | 38 kB
Progress (4): 13 kB | 292 kB | 36 kB | 41 kB
Progress (4): 13 kB | 292 kB | 36 kB | 45 kB
Progress (4): 13 kB | 292 kB | 36 kB | 49 kB
Progress (4): 13 kB | 292 kB | 36 kB | 53 kB
Progress (4): 13 kB | 292 kB | 36 kB | 56 kB
Progress (4): 13 kB | 292 kB | 36 kB | 59 kB
                                            
Downloaded from aiban-tianyin-core: https://aiban-maven.pkg.coding.net/repository/tianyin/core/org/apache/logging/log4j/log4j-jcl/2.13.2/log4j-jcl-2.13.2.jar (13 kB at 2.0 kB/s)
Progress (3): 292 kB | 36 kB | 63 kB
                                    
Downloading from aiban-tianyin-core: https://aiban-maven.pkg.coding.net/repository/tianyin/core/org/springframework/spring-web/5.2.6.RELEASE/spring-web-5.2.6.RELEASE.jar
Progress (3): 292 kB | 36 kB | 66 kB
Progress (3): 292 kB | 36 kB | 69 kB
Progress (3): 292 kB | 36 kB | 71 kB
Progress (3): 292 kB | 36 kB | 74 kB
Progress (3): 292 kB | 36 kB | 78 kB
Progress (3): 292 kB | 36 kB | 82 kB
Progress (3): 292 kB | 36 kB | 86 kB
Progress (3): 292 kB | 36 kB | 90 kB
Progress (3): 292 kB | 36 kB | 94 kB
Progress (3): 292 kB | 36 kB | 97 kB
Progress (3): 292 kB | 36 kB | 101 kB
Progress (3): 292 kB | 36 kB | 103 kB
Progress (3): 292 kB | 36 kB | 106 kB
Progress (3): 292 kB | 36 kB | 110 kB
Progress (3): 292 kB | 36 kB | 114 kB
Progress (3): 292 kB | 36 kB | 119 kB
Progress (3): 292 kB | 36 kB | 123 kB
Progress (3): 292 kB | 36 kB | 127 kB
Progress (3): 292 kB | 36 kB | 131 kB
Progress (3): 292 kB | 36 kB | 133 kB
Progress (3): 292 kB | 36 kB | 136 kB
Progress (3): 292 kB | 36 kB | 139 kB
Progress (3): 292 kB | 36 kB | 143 kB
Progress (3): 292 kB | 36 kB | 147 kB
Progress (3): 292 kB | 36 kB | 150 kB
Progress (3): 292 kB | 36 kB | 153 kB
Progress (3): 292 kB | 36 kB | 156 kB
Progress (3): 292 kB | 36 kB | 160 kB
Progress (3): 292 kB | 36 kB | 164 kB
Progress (3): 292 kB | 36 kB | 167 kB
Progress (3): 292 kB | 36 kB | 169 kB
Progress (3): 292 kB | 36 kB | 172 kB
Progress (3): 292 kB | 36 kB | 176 kB
Progress (3): 292 kB | 36 kB | 180 kB
Progress (3): 292 kB | 36 kB | 184 kB
Progress (3): 292 kB | 36 kB | 189 kB
Progress (3): 292 kB | 36 kB | 193 kB
Progress (3): 292 kB | 36 kB | 197 kB
Progress (3): 292 kB | 36 kB | 200 kB
                                     
Downloaded from aiban-tianyin-core: https://aiban-maven.pkg.coding.net/repository/tianyin/core/org/apache/geronimo/specs/geronimo-activation_1.1_spec/1.0.1/geronimo-activation_1.1_spec-1.0.1.jar (36 kB at 5.6 kB/s)
Downloading from aiban-tianyin-core: https://aiban-maven.pkg.coding.net/repository/tianyin/core/org/apache/axis2/axis2-xmlbeans/1.8.2/axis2-xmlbeans-1.8.2.jar
Downloaded from aiban-tianyin-core: https://aiban-maven.pkg.coding.net/repository/tianyin/core/org/apache/logging/log4j/log4j-api/2.13.2/log4j-api-2.13.2.jar (292 kB at 45 kB/s)
Downloading from aiban-tianyin-core: https://aiban-maven.pkg.coding.net/repository/tianyin/core/org/apache/xmlbeans/xmlbeans/3.0.2/xmlbeans-3.0.2.jar
Downloaded from aiban-tianyin-core: https://aiban-maven.pkg.coding.net/repository/tianyin/core/org/apache/geronimo/specs/geronimo-javamail_1.4_spec/1.2/geronimo-javamail_1.4_spec-1.2.jar (200 kB at 31 kB/s)
Downloading from aiban-tianyin-core: https://aiban-maven.pkg.coding.net/repository/tianyin/core/org/apache/axis2/axis2-transport-base/1.8.2/axis2-transport-base-1.8.2.jar
Progress (1): 2.6 kB
Progress (1): 6.7 kB
Progress (1): 11 kB 
Progress (1): 14 kB
Progress (1): 15 kB
Progress (2): 15 kB | 2.6 kB
Progress (2): 15 kB | 6.7 kB
Progress (2): 15 kB | 10 kB 
Progress (3): 15 kB | 10 kB | 4.0 kB
Progress (3): 15 kB | 10 kB | 8.1 kB
Progress (3): 15 kB | 10 kB | 11 kB 
Progress (3): 15 kB | 10 kB | 14 kB
Progress (3): 15 kB | 10 kB | 16 kB
Progress (3): 15 kB | 10 kB | 19 kB
Progress (3): 15 kB | 10 kB | 22 kB
Progress (3): 15 kB | 10 kB | 25 kB
Progress (3): 15 kB | 10 kB | 29 kB
Progress (3): 15 kB | 10 kB | 33 kB
Progress (3): 15 kB | 10 kB | 37 kB
Progress (3): 15 kB | 10 kB | 41 kB
Progress (3): 15 kB | 10 kB | 46 kB
Progress (3): 15 kB | 10 kB | 50 kB
Progress (3): 15 kB | 10 kB | 54 kB
Progress (3): 15 kB | 10 kB | 56 kB
Progress (3): 15 kB | 10 kB | 60 kB
Progress (3): 15 kB | 10 kB | 63 kB
Progress (3): 15 kB | 10 kB | 67 kB
Progress (3): 15 kB | 10 kB | 71 kB
Progress (3): 15 kB | 10 kB | 74 kB
Progress (3): 15 kB | 10 kB | 77 kB
Progress (3): 15 kB | 10 kB | 81 kB
Progress (3): 15 kB | 10 kB | 85 kB
Progress (3): 15 kB | 10 kB | 88 kB
Progress (3): 15 kB | 10 kB | 92 kB
Progress (3): 15 kB | 10 kB | 96 kB
Progress (3): 15 kB | 10 kB | 99 kB
Progress (3): 15 kB | 10 kB | 102 kB
Progress (3): 15 kB | 10 kB | 105 kB
Progress (3): 15 kB | 10 kB | 109 kB
Progress (3): 15 kB | 10 kB | 113 kB
Progress (3): 15 kB | 10 kB | 116 kB
Progress (3): 15 kB | 10 kB | 119 kB
Progress (3): 15 kB | 10 kB | 123 kB
Progress (3): 15 kB | 10 kB | 127 kB
Progress (3): 15 kB | 10 kB | 130 kB
Progress (3): 15 kB | 10 kB | 133 kB
Progress (3): 15 kB | 10 kB | 136 kB
Progress (3): 15 kB | 10 kB | 140 kB
Progress (3): 15 kB | 10 kB | 143 kB
Progress (3): 15 kB | 10 kB | 147 kB
Progress (3): 15 kB | 10 kB | 150 kB
Progress (3): 15 kB | 10 kB | 154 kB
Progress (3): 15 kB | 10 kB | 157 kB
Progress (3): 15 kB | 10 kB | 161 kB
Progress (3): 15 kB | 10 kB | 165 kB
Progress (3): 15 kB | 10 kB | 168 kB
Progress (3): 15 kB | 10 kB | 172 kB
Progress (3): 15 kB | 10 kB | 175 kB
Progress (3): 15 kB | 10 kB | 179 kB
Progress (3): 15 kB | 10 kB | 182 kB
Progress (3): 15 kB | 10 kB | 186 kB
Progress (3): 15 kB | 10 kB | 190 kB
Progress (3): 15 kB | 10 kB | 194 kB
Progress (3): 15 kB | 10 kB | 199 kB
Progress (3): 15 kB | 10 kB | 203 kB
Progress (3): 15 kB | 10 kB | 207 kB
Progress (3): 15 kB | 10 kB | 211 kB
Progress (3): 15 kB | 10 kB | 215 kB
Progress (3): 15 kB | 10 kB | 219 kB
Progress (3): 15 kB | 10 kB | 223 kB
Progress (3): 15 kB | 10 kB | 227 kB
Progress (3): 15 kB | 10 kB | 230 kB
Progress (3): 15 kB | 10 kB | 233 kB
Progress (3): 15 kB | 10 kB | 236 kB
Progress (3): 15 kB | 10 kB | 239 kB
Progress (3): 15 kB | 10 kB | 242 kB
Progress (3): 15 kB | 10 kB | 246 kB
Progress (3): 15 kB | 10 kB | 250 kB
Progress (3): 15 kB | 10 kB | 255 kB
Progress (3): 15 kB | 10 kB | 259 kB
Progress (3): 15 kB | 10 kB | 263 kB
Progress (3): 15 kB | 10 kB | 267 kB
Progress (3): 15 kB | 10 kB | 271 kB
Progress (3): 15 kB | 10 kB | 274 kB
Progress (3): 15 kB | 10 kB | 278 kB
Progress (3): 15 kB | 10 kB | 282 kB
Progress (3): 15 kB | 10 kB | 284 kB
Progress (3): 15 kB | 10 kB | 287 kB
Progress (3): 15 kB | 10 kB | 290 kB
Progress (3): 15 kB | 10 kB | 293 kB
Progress (3): 15 kB | 10 kB | 297 kB
Progress (3): 15 kB | 10 kB | 301 kB
Progress (3): 15 kB | 10 kB | 305 kB
Progress (3): 15 kB | 10 kB | 309 kB
Progress (3): 15 kB | 10 kB | 313 kB
Progress (3): 15 kB | 10 kB | 316 kB
Progress (3): 15 kB | 10 kB | 319 kB
Progress (3): 15 kB | 10 kB | 321 kB
Progress (3): 15 kB | 10 kB | 325 kB
Progress (3): 15 kB | 10 kB | 330 kB
Progress (3): 15 kB | 10 kB | 332 kB
Progress (3): 15 kB | 10 kB | 335 kB
Progress (3): 15 kB | 10 kB | 338 kB
Progress (3): 15 kB | 10 kB | 341 kB
Progress (3): 15 kB | 10 kB | 345 kB
Progress (3): 15 kB | 10 kB | 349 kB
Progress (3): 15 kB | 10 kB | 352 kB
Progress (3): 15 kB | 10 kB | 355 kB
Progress (3): 15 kB | 10 kB | 358 kB
Progress (3): 15 kB | 10 kB | 360 kB
Progress (3): 15 kB | 10 kB | 365 kB
Progress (3): 15 kB | 10 kB | 369 kB
Progress (3): 15 kB | 10 kB | 371 kB
Progress (3): 15 kB | 10 kB | 374 kB
Progress (3): 15 kB | 10 kB | 378 kB
Progress (3): 15 kB | 10 kB | 382 kB
Progress (3): 15 kB | 10 kB | 386 kB
Progress (3): 15 kB | 10 kB | 390 kB
Progress (3): 15 kB | 10 kB | 392 kB
Progress (3): 15 kB | 10 kB | 397 kB
Progress (3): 15 kB | 10 kB | 400 kB
Progress (3): 15 kB | 10 kB | 404 kB
Progress (3): 15 kB | 10 kB | 406 kB
Progress (3): 15 kB | 10 kB | 409 kB
Progress (3): 15 kB | 10 kB | 412 kB
Progress (3): 15 kB | 10 kB | 416 kB
Progress (3): 15 kB | 10 kB | 420 kB
Progress (3): 15 kB | 10 kB | 424 kB
Progress (3): 15 kB | 10 kB | 428 kB
Progress (3): 15 kB | 10 kB | 432 kB
Progress (3): 15 kB | 10 kB | 437 kB
Progress (3): 15 kB | 10 kB | 441 kB
Progress (3): 15 kB | 10 kB | 445 kB
Progress (3): 15 kB | 10 kB | 447 kB
Progress (3): 15 kB | 10 kB | 451 kB
Progress (3): 15 kB | 10 kB | 455 kB
Progress (3): 15 kB | 10 kB | 459 kB
Progress (3): 15 kB | 10 kB | 463 kB
Progress (3): 15 kB | 10 kB | 467 kB
Progress (3): 15 kB | 10 kB | 472 kB
Progress (3): 15 kB | 10 kB | 476 kB
Progress (3): 15 kB | 10 kB | 480 kB
Progress (3): 15 kB | 10 kB | 482 kB
Progress (3): 15 kB | 10 kB | 485 kB
Progress (3): 15 kB | 10 kB | 489 kB
Progress (3): 15 kB | 10 kB | 493 kB
Progress (3): 15 kB | 10 kB | 497 kB
Progress (3): 15 kB | 10 kB | 501 kB
Progress (3): 15 kB | 10 kB | 505 kB
Progress (3): 15 kB | 10 kB | 508 kB
Progress (3): 15 kB | 10 kB | 512 kB
Progress (3): 15 kB | 10 kB | 516 kB
Progress (3): 15 kB | 10 kB | 519 kB
Progress (3): 15 kB | 10 kB | 522 kB
Progress (3): 15 kB | 10 kB | 525 kB
Progress (3): 15 kB | 10 kB | 528 kB
Progress (3): 15 kB | 10 kB | 531 kB
Progress (3): 15 kB | 10 kB | 535 kB
Progress (3): 15 kB | 10 kB | 539 kB
Progress (3): 15 kB | 10 kB | 543 kB
Progress (3): 15 kB | 10 kB | 548 kB
Progress (3): 15 kB | 10 kB | 551 kB
Progress (3): 15 kB | 10 kB | 554 kB
Progress (3): 15 kB | 10 kB | 558 kB
Progress (3): 15 kB | 10 kB | 562 kB
Progress (3): 15 kB | 10 kB | 566 kB
Progress (3): 15 kB | 10 kB | 570 kB
Progress (3): 15 kB | 10 kB | 574 kB
Progress (3): 15 kB | 10 kB | 577 kB
Progress (3): 15 kB | 10 kB | 581 kB
Progress (3): 15 kB | 10 kB | 584 kB
Progress (3): 15 kB | 10 kB | 587 kB
Progress (3): 15 kB | 10 kB | 590 kB
Progress (3): 15 kB | 10 kB | 594 kB
Progress (3): 15 kB | 10 kB | 598 kB
Progress (3): 15 kB | 10 kB | 602 kB
Progress (3): 15 kB | 10 kB | 606 kB
Progress (3): 15 kB | 10 kB | 610 kB
Progress (3): 15 kB | 10 kB | 614 kB
Progress (3): 15 kB | 10 kB | 618 kB
Progress (3): 15 kB | 10 kB | 621 kB
Progress (3): 15 kB | 10 kB | 626 kB
Progress (3): 15 kB | 10 kB | 629 kB
Progress (3): 15 kB | 10 kB | 631 kB
Progress (3): 15 kB | 10 kB | 635 kB
Progress (3): 15 kB | 10 kB | 639 kB
Progress (3): 15 kB | 10 kB | 643 kB
Progress (3): 15 kB | 10 kB | 645 kB
Progress (3): 15 kB | 10 kB | 648 kB
Progress (3): 15 kB | 10 kB | 652 kB
Progress (3): 15 kB | 10 kB | 655 kB
Progress (3): 15 kB | 10 kB | 659 kB
Progress (3): 15 kB | 10 kB | 663 kB
Progress (3): 15 kB | 10 kB | 667 kB
Progress (3): 15 kB | 10 kB | 671 kB
Progress (3): 15 kB | 10 kB | 675 kB
Progress (3): 15 kB | 10 kB | 679 kB
Progress (3): 15 kB | 10 kB | 683 kB
Progress (3): 15 kB | 10 kB | 688 kB
Progress (3): 15 kB | 10 kB | 690 kB
Progress (3): 15 kB | 10 kB | 694 kB
Progress (3): 15 kB | 10 kB | 698 kB
Progress (3): 15 kB | 10 kB | 702 kB
Progress (3): 15 kB | 10 kB | 706 kB
Progress (3): 15 kB | 10 kB | 710 kB
Progress (3): 15 kB | 10 kB | 714 kB
Progress (3): 15 kB | 10 kB | 718 kB
Progress (3): 15 kB | 10 kB | 721 kB
Progress (3): 15 kB | 10 kB | 725 kB
Progress (3): 15 kB | 10 kB | 729 kB
Progress (3): 15 kB | 10 kB | 733 kB
Progress (3): 15 kB | 10 kB | 737 kB
Progress (3): 15 kB | 10 kB | 739 kB
Progress (3): 15 kB | 10 kB | 744 kB
Progress (3): 15 kB | 10 kB | 748 kB
Progress (3): 15 kB | 10 kB | 751 kB
Progress (3): 15 kB | 10 kB | 754 kB
Progress (3): 15 kB | 10 kB | 757 kB
Progress (3): 15 kB | 10 kB | 761 kB
Progress (3): 15 kB | 10 kB | 765 kB
Progress (3): 15 kB | 10 kB | 768 kB
Progress (3): 15 kB | 10 kB | 772 kB
Progress (3): 15 kB | 10 kB | 777 kB
Progress (3): 15 kB | 10 kB | 780 kB
Progress (3): 15 kB | 10 kB | 783 kB
Progress (3): 15 kB | 10 kB | 787 kB
Progress (3): 15 kB | 10 kB | 791 kB
Progress (3): 15 kB | 10 kB | 795 kB
Progress (3): 15 kB | 10 kB | 799 kB
Progress (3): 15 kB | 10 kB | 803 kB
Progress (3): 15 kB | 10 kB | 807 kB
Progress (3): 15 kB | 10 kB | 811 kB
Progress (3): 15 kB | 10 kB | 815 kB
Progress (3): 15 kB | 10 kB | 819 kB
Progress (3): 15 kB | 10 kB | 824 kB
Progress (3): 15 kB | 10 kB | 828 kB
Progress (3): 15 kB | 10 kB | 832 kB
Progress (3): 15 kB | 10 kB | 836 kB
Progress (3): 15 kB | 10 kB | 840 kB
Progress (3): 15 kB | 10 kB | 844 kB
Progress (3): 15 kB | 10 kB | 848 kB
Progress (3): 15 kB | 10 kB | 852 kB
Progress (3): 15 kB | 10 kB | 856 kB
Progress (3): 15 kB | 10 kB | 858 kB
Progress (3): 15 kB | 10 kB | 861 kB
Progress (3): 15 kB | 10 kB | 865 kB
Progress (3): 15 kB | 10 kB | 869 kB
Progress (3): 15 kB | 10 kB | 873 kB
Progress (3): 15 kB | 10 kB | 878 kB
Progress (3): 15 kB | 10 kB | 882 kB
Progress (3): 15 kB | 10 kB | 886 kB
Progress (3): 15 kB | 10 kB | 890 kB
Progress (3): 15 kB | 10 kB | 894 kB
Progress (3): 15 kB | 10 kB | 897 kB
Progress (3): 15 kB | 10 kB | 901 kB
Progress (3): 15 kB | 10 kB | 905 kB
Progress (3): 15 kB | 10 kB | 909 kB
Progress (3): 15 kB | 10 kB | 913 kB
Progress (3): 15 kB | 10 kB | 917 kB
Progress (3): 15 kB | 10 kB | 920 kB
Progress (3): 15 kB | 10 kB | 923 kB
Progress (3): 15 kB | 10 kB | 927 kB
Progress (3): 15 kB | 10 kB | 930 kB
Progress (3): 15 kB | 10 kB | 934 kB
Progress (3): 15 kB | 10 kB | 938 kB
Progress (3): 15 kB | 10 kB | 942 kB
Progress (3): 15 kB | 10 kB | 946 kB
Progress (3): 15 kB | 10 kB | 950 kB
Progress (3): 15 kB | 10 kB | 954 kB
Progress (3): 15 kB | 10 kB | 958 kB
Progress (3): 15 kB | 10 kB | 962 kB
Progress (3): 15 kB | 10 kB | 966 kB
Progress (3): 15 kB | 10 kB | 970 kB
Progress (3): 15 kB | 10 kB | 974 kB
Progress (3): 15 kB | 10 kB | 978 kB
Progress (3): 15 kB | 10 kB | 981 kB
Progress (3): 15 kB | 10 kB | 984 kB
Progress (3): 15 kB | 10 kB | 987 kB
Progress (3): 15 kB | 10 kB | 991 kB
Progress (3): 15 kB | 10 kB | 994 kB
Progress (3): 15 kB | 10 kB | 998 kB
Progress (3): 15 kB | 10 kB | 1.0 MB
Progress (3): 15 kB | 10 kB | 1.0 MB
Progress (3): 15 kB | 10 kB | 1.0 MB
Progress (3): 15 kB | 10 kB | 1.0 MB
Progress (3): 15 kB | 10 kB | 1.0 MB
Progress (3): 15 kB | 10 kB | 1.0 MB
Progress (3): 15 kB | 10 kB | 1.0 MB
Progress (3): 15 kB | 10 kB | 1.0 MB
Progress (3): 15 kB | 10 kB | 1.0 MB
Progress (3): 15 kB | 10 kB | 1.0 MB
Progress (3): 15 kB | 10 kB | 1.0 MB
Progress (3): 15 kB | 10 kB | 1.0 MB
Progress (3): 15 kB | 10 kB | 1.0 MB
Progress (3): 15 kB | 10 kB | 1.0 MB
Progress (3): 15 kB | 10 kB | 1.1 MB
Progress (3): 15 kB | 10 kB | 1.1 MB
Progress (3): 15 kB | 10 kB | 1.1 MB
Progress (3): 15 kB | 10 kB | 1.1 MB
Progress (3): 15 kB | 10 kB | 1.1 MB
Progress (3): 15 kB | 10 kB | 1.1 MB
Progress (3): 15 kB | 10 kB | 1.1 MB
Progress (3): 15 kB | 10 kB | 1.1 MB
Progress (3): 15 kB | 10 kB | 1.1 MB
Progress (3): 15 kB | 10 kB | 1.1 MB
Progress (3): 15 kB | 10 kB | 1.1 MB
Progress (3): 15 kB | 10 kB | 1.1 MB
Progress (3): 15 kB | 10 kB | 1.1 MB
Progress (3): 15 kB | 10 kB | 1.1 MB
Progress (3): 15 kB | 10 kB | 1.1 MB
Progress (3): 15 kB | 10 kB | 1.1 MB
Progress (3): 15 kB | 10 kB | 1.1 MB
Progress (3): 15 kB | 10 kB | 1.1 MB
Progress (3): 15 kB | 10 kB | 1.1 MB
Progress (3): 15 kB | 10 kB | 1.1 MB
Progress (3): 15 kB | 10 kB | 1.1 MB
Progress (3): 15 kB | 10 kB | 1.1 MB
Progress (3): 15 kB | 10 kB | 1.1 MB
Progress (3): 15 kB | 10 kB | 1.1 MB
Progress (3): 15 kB | 10 kB | 1.1 MB
Progress (3): 15 kB | 10 kB | 1.2 MB
Progress (3): 15 kB | 10 kB | 1.2 MB
Progress (3): 15 kB | 10 kB | 1.2 MB
Progress (3): 15 kB | 10 kB | 1.2 MB
Progress (3): 15 kB | 10 kB | 1.2 MB
Progress (3): 15 kB | 10 kB | 1.2 MB
Progress (3): 15 kB | 10 kB | 1.2 MB
Progress (3): 15 kB | 10 kB | 1.2 MB
Progress (3): 15 kB | 10 kB | 1.2 MB
Progress (3): 15 kB | 10 kB | 1.2 MB
Progress (3): 15 kB | 10 kB | 1.2 MB
Progress (3): 15 kB | 10 kB | 1.2 MB
Progress (3): 15 kB | 10 kB | 1.2 MB
Progress (3): 15 kB | 10 kB | 1.2 MB
Progress (3): 15 kB | 10 kB | 1.2 MB
Progress (3): 15 kB | 10 kB | 1.2 MB
Progress (3): 15 kB | 10 kB | 1.2 MB
Progress (3): 15 kB | 10 kB | 1.2 MB
Progress (3): 15 kB | 10 kB | 1.2 MB
Progress (3): 15 kB | 10 kB | 1.2 MB
Progress (3): 15 kB | 10 kB | 1.2 MB
Progress (3): 15 kB | 10 kB | 1.2 MB
Progress (3): 15 kB | 10 kB | 1.2 MB
Progress (3): 15 kB | 10 kB | 1.2 MB
Progress (3): 15 kB | 10 kB | 1.2 MB
Progress (3): 15 kB | 10 kB | 1.2 MB
Progress (3): 15 kB | 10 kB | 1.2 MB
Progress (3): 15 kB | 10 kB | 1.2 MB
Progress (3): 15 kB | 10 kB | 1.2 MB
Progress (3): 15 kB | 10 kB | 1.2 MB
Progress (3): 15 kB | 10 kB | 1.2 MB
Progress (3): 15 kB | 10 kB | 1.3 MB
Progress (3): 15 kB | 10 kB | 1.3 MB
Progress (3): 15 kB | 10 kB | 1.3 MB
Progress (3): 15 kB | 10 kB | 1.3 MB
Progress (3): 15 kB | 10 kB | 1.3 MB
Progress (3): 15 kB | 10 kB | 1.3 MB
Progress (3): 15 kB | 10 kB | 1.3 MB
Progress (3): 15 kB | 10 kB | 1.3 MB
Progress (3): 15 kB | 10 kB | 1.3 MB
Progress (3): 15 kB | 10 kB | 1.3 MB
Progress (3): 15 kB | 10 kB | 1.3 MB
Progress (3): 15 kB | 10 kB | 1.3 MB
Progress (3): 15 kB | 10 kB | 1.3 MB
Progress (3): 15 kB | 10 kB | 1.3 MB
Progress (3): 15 kB | 10 kB | 1.3 MB
Progress (3): 15 kB | 10 kB | 1.3 MB
Progress (3): 15 kB | 10 kB | 1.3 MB
Progress (3): 15 kB | 10 kB | 1.3 MB
Progress (3): 15 kB | 10 kB | 1.3 MB
Progress (3): 15 kB | 10 kB | 1.3 MB
Progress (3): 15 kB | 10 kB | 1.3 MB
Progress (3): 15 kB | 10 kB | 1.3 MB
Progress (3): 15 kB | 10 kB | 1.3 MB
Progress (3): 15 kB | 10 kB | 1.3 MB
Progress (3): 15 kB | 10 kB | 1.3 MB
Progress (3): 15 kB | 10 kB | 1.3 MB
Progress (3): 15 kB | 10 kB | 1.3 MB
Progress (3): 15 kB | 10 kB | 1.3 MB
Progress (3): 15 kB | 10 kB | 1.4 MB
Progress (3): 15 kB | 10 kB | 1.4 MB
Progress (3): 15 kB | 10 kB | 1.4 MB
Progress (3): 15 kB | 10 kB | 1.4 MB
Progress (3): 15 kB | 10 kB | 1.4 MB
Progress (3): 15 kB | 10 kB | 1.4 MB
Progress (3): 15 kB | 10 kB | 1.4 MB
Progress (3): 15 kB | 10 kB | 1.4 MB
Progress (3): 15 kB | 10 kB | 1.4 MB
Progress (3): 15 kB | 10 kB | 1.4 MB
Progress (3): 15 kB | 10 kB | 1.4 MB
Progress (3): 15 kB | 10 kB | 1.4 MB
Progress (3): 15 kB | 10 kB | 1.4 MB
Progress (3): 15 kB | 10 kB | 1.4 MB
Progress (3): 15 kB | 10 kB | 1.4 MB
Progress (3): 15 kB | 10 kB | 1.4 MB
Progress (3): 15 kB | 10 kB | 1.4 MB
Progress (3): 15 kB | 10 kB | 1.4 MB
Progress (3): 15 kB | 10 kB | 1.4 MB
Progress (3): 15 kB | 10 kB | 1.4 MB
Progress (3): 15 kB | 10 kB | 1.4 MB
Progress (3): 15 kB | 10 kB | 1.4 MB
Progress (3): 15 kB | 10 kB | 1.4 MB
Progress (3): 15 kB | 10 kB | 1.4 MB
Progress (3): 15 kB | 10 kB | 1.4 MB
Progress (3): 15 kB | 10 kB | 1.5 MB
Progress (3): 15 kB | 10 kB | 1.5 MB
Progress (3): 15 kB | 10 kB | 1.5 MB
Progress (3): 15 kB | 10 kB | 1.5 MB
Progress (3): 15 kB | 10 kB | 1.5 MB
Progress (3): 15 kB | 10 kB | 1.5 MB
Progress (3): 15 kB | 10 kB | 1.5 MB
Progress (3): 15 kB | 10 kB | 1.5 MB
Progress (3): 15 kB | 10 kB | 1.5 MB
Progress (3): 15 kB | 10 kB | 1.5 MB
Progress (3): 15 kB | 10 kB | 1.5 MB
Progress (3): 15 kB | 10 kB | 1.5 MB
Progress (3): 15 kB | 10 kB | 1.5 MB
Progress (3): 15 kB | 10 kB | 1.5 MB
Progress (3): 15 kB | 10 kB | 1.5 MB
Progress (3): 15 kB | 10 kB | 1.5 MB
Progress (3): 15 kB | 10 kB | 1.5 MB
Progress (3): 15 kB | 10 kB | 1.5 MB
Progress (3): 15 kB | 10 kB | 1.5 MB
Progress (3): 15 kB | 10 kB | 1.5 MB
Progress (3): 15 kB | 10 kB | 1.5 MB
Progress (3): 15 kB | 10 kB | 1.5 MB
Progress (3): 15 kB | 10 kB | 1.5 MB
Progress (3): 15 kB | 10 kB | 1.5 MB
Progress (3): 15 kB | 10 kB | 1.5 MB
Progress (3): 15 kB | 10 kB | 1.5 MB
Progress (3): 15 kB | 10 kB | 1.5 MB
Progress (3): 15 kB | 10 kB | 1.5 MB
Progress (3): 15 kB | 10 kB | 1.5 MB
Progress (3): 15 kB | 10 kB | 1.6 MB
Progress (3): 15 kB | 10 kB | 1.6 MB
Progress (3): 15 kB | 10 kB | 1.6 MB
Progress (3): 15 kB | 10 kB | 1.6 MB
Progress (3): 15 kB | 10 kB | 1.6 MB
Progress (3): 15 kB | 10 kB | 1.6 MB
Progress (3): 15 kB | 10 kB | 1.6 MB
Progress (3): 15 kB | 10 kB | 1.6 MB
Progress (3): 15 kB | 10 kB | 1.6 MB
Progress (3): 15 kB | 10 kB | 1.6 MB
Progress (3): 15 kB | 10 kB | 1.6 MB
Progress (3): 15 kB | 10 kB | 1.6 MB
Progress (3): 15 kB | 10 kB | 1.6 MB
Progress (3): 15 kB | 10 kB | 1.6 MB
Progress (3): 15 kB | 10 kB | 1.6 MB
Progress (3): 15 kB | 10 kB | 1.6 MB
Progress (3): 15 kB | 10 kB | 1.6 MB
Progress (3): 15 kB | 10 kB | 1.6 MB
Progress (3): 15 kB | 10 kB | 1.6 MB
Progress (3): 15 kB | 10 kB | 1.6 MB
Progress (3): 15 kB | 10 kB | 1.6 MB
Progress (3): 15 kB | 10 kB | 1.6 MB
Progress (3): 15 kB | 10 kB | 1.6 MB
Progress (3): 15 kB | 10 kB | 1.6 MB
Progress (3): 15 kB | 10 kB | 1.7 MB
Progress (3): 15 kB | 10 kB | 1.7 MB
Progress (3): 15 kB | 10 kB | 1.7 MB
Progress (3): 15 kB | 10 kB | 1.7 MB
Progress (3): 15 kB | 10 kB | 1.7 MB
Progress (3): 15 kB | 10 kB | 1.7 MB
Progress (3): 15 kB | 10 kB | 1.7 MB
Progress (3): 15 kB | 10 kB | 1.7 MB
Progress (3): 15 kB | 10 kB | 1.7 MB
Progress (3): 15 kB | 10 kB | 1.7 MB
Progress (3): 15 kB | 10 kB | 1.7 MB
Progress (3): 15 kB | 10 kB | 1.7 MB
Progress (3): 15 kB | 10 kB | 1.7 MB
Progress (3): 15 kB | 10 kB | 1.7 MB
Progress (3): 15 kB | 10 kB | 1.7 MB
Progress (3): 15 kB | 10 kB | 1.7 MB
Progress (3): 15 kB | 10 kB | 1.7 MB
Progress (3): 15 kB | 10 kB | 1.7 MB
Progress (3): 15 kB | 10 kB | 1.7 MB
Progress (3): 15 kB | 10 kB | 1.7 MB
Progress (3): 15 kB | 10 kB | 1.7 MB
Progress (3): 15 kB | 10 kB | 1.7 MB
Progress (3): 15 kB | 10 kB | 1.7 MB
                                    
Downloaded from aiban-tianyin-core: https://aiban-maven.pkg.coding.net/repository/tianyin/core/org/apache/axis2/axis2-spring/1.8.2/axis2-spring-1.8.2.jar (15 kB at 2.2 kB/s)
Downloading from aiban-tianyin-core: https://aiban-maven.pkg.coding.net/repository/tianyin/core/org/apache/axis2/axis2-transport-jms/1.8.2/axis2-transport-jms-1.8.2.jar
Progress (2): 10 kB | 1.7 MB
Progress (2): 10 kB | 1.7 MB
Progress (2): 10 kB | 1.7 MB
Progress (2): 10 kB | 1.7 MB
Progress (2): 10 kB | 1.7 MB
Progress (2): 10 kB | 1.8 MB
Progress (2): 10 kB | 1.8 MB
Progress (2): 10 kB | 1.8 MB
Progress (2): 10 kB | 1.8 MB
Progress (2): 10 kB | 1.8 MB
Progress (2): 10 kB | 1.8 MB
Progress (2): 10 kB | 1.8 MB
Progress (2): 10 kB | 1.8 MB
Progress (2): 10 kB | 1.8 MB
Progress (2): 10 kB | 1.8 MB
Progress (2): 10 kB | 1.8 MB
Progress (2): 10 kB | 1.8 MB
Progress (2): 10 kB | 1.8 MB
Progress (2): 10 kB | 1.8 MB
Progress (2): 10 kB | 1.8 MB
Progress (2): 10 kB | 1.8 MB
Progress (2): 10 kB | 1.8 MB
Progress (2): 10 kB | 1.8 MB
Progress (2): 10 kB | 1.8 MB
Progress (2): 10 kB | 1.8 MB
Progress (2): 10 kB | 1.8 MB
Progress (2): 10 kB | 1.8 MB
Progress (2): 10 kB | 1.8 MB
Progress (2): 10 kB | 1.8 MB
Progress (2): 10 kB | 1.8 MB
Progress (2): 10 kB | 1.9 MB
Progress (2): 10 kB | 1.9 MB
Progress (2): 10 kB | 1.9 MB
Progress (2): 10 kB | 1.9 MB
Progress (2): 10 kB | 1.9 MB
Progress (2): 10 kB | 1.9 MB
Progress (2): 10 kB | 1.9 MB
Progress (2): 10 kB | 1.9 MB
Progress (2): 10 kB | 1.9 MB
Progress (2): 10 kB | 1.9 MB
Progress (2): 10 kB | 1.9 MB
Progress (2): 10 kB | 1.9 MB
Progress (2): 10 kB | 1.9 MB
Progress (2): 10 kB | 1.9 MB
Progress (2): 10 kB | 1.9 MB
Progress (2): 10 kB | 1.9 MB
Progress (2): 10 kB | 1.9 MB
Progress (2): 10 kB | 1.9 MB
Progress (2): 10 kB | 1.9 MB
Progress (2): 10 kB | 1.9 MB
Progress (2): 10 kB | 1.9 MB
Progress (2): 10 kB | 1.9 MB
Progress (2): 10 kB | 1.9 MB
Progress (2): 10 kB | 1.9 MB
Progress (2): 10 kB | 1.9 MB
Progress (2): 10 kB | 2.0 MB
Progress (2): 10 kB | 2.0 MB
Progress (2): 10 kB | 2.0 MB
Progress (2): 10 kB | 2.0 MB
Progress (2): 10 kB | 2.0 MB
Progress (2): 10 kB | 2.0 MB
Progress (2): 10 kB | 2.0 MB
Progress (2): 10 kB | 2.0 MB
Progress (2): 10 kB | 2.0 MB
Progress (2): 10 kB | 2.0 MB
Progress (2): 10 kB | 2.0 MB
Progress (2): 10 kB | 2.0 MB
Progress (2): 10 kB | 2.0 MB
Progress (2): 10 kB | 2.0 MB
Progress (2): 10 kB | 2.0 MB
Progress (2): 10 kB | 2.0 MB
Progress (2): 10 kB | 2.0 MB
Progress (2): 10 kB | 2.0 MB
Progress (2): 10 kB | 2.0 MB
Progress (2): 10 kB | 2.0 MB
Progress (2): 10 kB | 2.0 MB
Progress (2): 10 kB | 2.0 MB
Progress (2): 10 kB | 2.0 MB
Progress (2): 10 kB | 2.0 MB
Progress (2): 10 kB | 2.0 MB
Progress (2): 10 kB | 2.1 MB
Progress (2): 10 kB | 2.1 MB
Progress (2): 10 kB | 2.1 MB
Progress (2): 10 kB | 2.1 MB
Progress (2): 10 kB | 2.1 MB
Progress (2): 10 kB | 2.1 MB
Progress (2): 10 kB | 2.1 MB
Progress (2): 10 kB | 2.1 MB
Progress (2): 10 kB | 2.1 MB
Progress (2): 10 kB | 2.1 MB
Progress (2): 10 kB | 2.1 MB
Progress (2): 10 kB | 2.1 MB
Progress (2): 10 kB | 2.1 MB
Progress (2): 10 kB | 2.1 MB
Progress (2): 10 kB | 2.1 MB
Progress (2): 10 kB | 2.1 MB
Progress (2): 10 kB | 2.1 MB
Progress (2): 10 kB | 2.1 MB
Progress (2): 10 kB | 2.1 MB
Progress (2): 10 kB | 2.1 MB
Progress (2): 10 kB | 2.1 MB
Progress (2): 10 kB | 2.1 MB
Progress (2): 10 kB | 2.1 MB
Progress (2): 10 kB | 2.1 MB
Progress (2): 10 kB | 2.1 MB
Progress (2): 10 kB | 2.1 MB
Progress (2): 10 kB | 2.2 MB
Progress (2): 10 kB | 2.2 MB
Progress (2): 10 kB | 2.2 MB
Progress (2): 10 kB | 2.2 MB
Progress (2): 10 kB | 2.2 MB
Progress (2): 10 kB | 2.2 MB
Progress (2): 10 kB | 2.2 MB
Progress (2): 10 kB | 2.2 MB
Progress (2): 10 kB | 2.2 MB
Progress (2): 10 kB | 2.2 MB
Progress (2): 10 kB | 2.2 MB
Progress (2): 10 kB | 2.2 MB
Progress (2): 10 kB | 2.2 MB
Progress (2): 10 kB | 2.2 MB
Progress (2): 10 kB | 2.2 MB
Progress (2): 10 kB | 2.2 MB
Progress (2): 10 kB | 2.2 MB
Progress (2): 10 kB | 2.2 MB
Progress (2): 10 kB | 2.2 MB
Progress (2): 10 kB | 2.2 MB
Progress (2): 10 kB | 2.2 MB
Progress (2): 10 kB | 2.2 MB
Progress (2): 10 kB | 2.2 MB
Progress (2): 10 kB | 2.2 MB
Progress (2): 10 kB | 2.2 MB
Progress (2): 10 kB | 2.2 MB
Progress (2): 10 kB | 2.3 MB
Progress (2): 10 kB | 2.3 MB
Progress (2): 10 kB | 2.3 MB
                            
Downloaded from aiban-tianyin-core: https://aiban-maven.pkg.coding.net/repository/tianyin/core/org/apache/axis2/axis2-xmlbeans/1.8.2/axis2-xmlbeans-1.8.2.jar (10 kB at 1.5 kB/s)
Downloading from aiban-tianyin-core: https://aiban-maven.pkg.coding.net/repository/tianyin/core/org/apache/geronimo/specs/geronimo-jms_1.1_spec/1.1.1/geronimo-jms_1.1_spec-1.1.1.jar
Progress (1): 2.3 MB
Progress (1): 2.3 MB
Progress (1): 2.3 MB
Progress (1): 2.3 MB
Progress (1): 2.3 MB
Progress (1): 2.3 MB
Progress (1): 2.3 MB
Progress (1): 2.3 MB
Progress (1): 2.3 MB
Progress (1): 2.3 MB
Progress (1): 2.3 MB
Progress (1): 2.3 MB
Progress (1): 2.3 MB
Progress (1): 2.3 MB
Progress (1): 2.3 MB
Progress (1): 2.3 MB
Progress (1): 2.3 MB
Progress (1): 2.3 MB
Progress (1): 2.3 MB
Progress (1): 2.3 MB
Progress (1): 2.3 MB
Progress (1): 2.3 MB
Progress (1): 2.4 MB
Progress (1): 2.4 MB
Progress (1): 2.4 MB
Progress (1): 2.4 MB
Progress (1): 2.4 MB
Progress (1): 2.4 MB
Progress (1): 2.4 MB
Progress (1): 2.4 MB
Progress (1): 2.4 MB
Progress (1): 2.4 MB
Progress (1): 2.4 MB
Progress (1): 2.4 MB
Progress (1): 2.4 MB
Progress (1): 2.4 MB
Progress (1): 2.4 MB
Progress (1): 2.4 MB
Progress (1): 2.4 MB
Progress (1): 2.4 MB
Progress (1): 2.4 MB
Progress (1): 2.4 MB
Progress (1): 2.4 MB
Progress (1): 2.4 MB
Progress (1): 2.4 MB
Progress (1): 2.4 MB
Progress (1): 2.5 MB
Progress (1): 2.5 MB
Progress (1): 2.5 MB
Progress (1): 2.5 MB
Progress (1): 2.5 MB
Progress (1): 2.5 MB
Progress (1): 2.5 MB
Progress (1): 2.5 MB
Progress (1): 2.5 MB
Progress (1): 2.5 MB
Progress (1): 2.5 MB
Progress (1): 2.5 MB
Progress (1): 2.5 MB
Progress (1): 2.5 MB
Progress (1): 2.5 MB
Progress (1): 2.5 MB
Progress (1): 2.5 MB
Progress (1): 2.5 MB
Progress (1): 2.5 MB
Progress (1): 2.5 MB
Progress (1): 2.5 MB
Progress (1): 2.5 MB
Progress (1): 2.5 MB
Progress (1): 2.5 MB
Progress (1): 2.5 MB
Progress (1): 2.6 MB
Progress (1): 2.6 MB
Progress (1): 2.6 MB
Progress (1): 2.6 MB
Progress (1): 2.6 MB
Progress (1): 2.6 MB
Progress (1): 2.6 MB
Progress (2): 2.6 MB | 4.0 kB
Progress (2): 2.6 MB | 8.1 kB
Progress (2): 2.6 MB | 11 kB 
Progress (2): 2.6 MB | 14 kB
Progress (2): 2.6 MB | 17 kB
Progress (2): 2.6 MB | 21 kB
Progress (2): 2.6 MB | 24 kB
Progress (2): 2.6 MB | 27 kB
Progress (2): 2.6 MB | 31 kB
Progress (2): 2.6 MB | 35 kB
Progress (2): 2.6 MB | 39 kB
Progress (2): 2.6 MB | 42 kB
Progress (2): 2.6 MB | 45 kB
Progress (2): 2.6 MB | 48 kB
Progress (2): 2.6 MB | 52 kB
Progress (2): 2.6 MB | 55 kB
Progress (2): 2.6 MB | 59 kB
Progress (2): 2.6 MB | 62 kB
Progress (2): 2.6 MB | 65 kB
Progress (2): 2.6 MB | 67 kB
Progress (2): 2.6 MB | 71 kB
Progress (2): 2.6 MB | 75 kB
Progress (2): 2.6 MB | 79 kB
Progress (2): 2.6 MB | 83 kB
Progress (2): 2.6 MB | 87 kB
Progress (2): 2.6 MB | 90 kB
Progress (2): 2.6 MB | 94 kB
Progress (2): 2.6 MB | 98 kB
Progress (2): 2.6 MB | 102 kB
Progress (2): 2.6 MB | 105 kB
Progress (2): 2.6 MB | 108 kB
Progress (2): 2.6 MB | 111 kB
Progress (3): 2.6 MB | 111 kB | 4.1 kB
Progress (3): 2.6 MB | 111 kB | 8.2 kB
Progress (3): 2.6 MB | 111 kB | 12 kB 
Progress (3): 2.6 MB | 111 kB | 15 kB
Progress (3): 2.6 MB | 111 kB | 19 kB
Progress (3): 2.6 MB | 111 kB | 23 kB
Progress (3): 2.6 MB | 115 kB | 23 kB
Progress (3): 2.6 MB | 115 kB | 28 kB
Progress (3): 2.6 MB | 115 kB | 32 kB
Progress (3): 2.6 MB | 115 kB | 36 kB
Progress (3): 2.6 MB | 115 kB | 39 kB
Progress (3): 2.6 MB | 119 kB | 39 kB
Progress (3): 2.6 MB | 122 kB | 39 kB
Progress (3): 2.6 MB | 125 kB | 39 kB
Progress (3): 2.6 MB | 128 kB | 39 kB
Progress (3): 2.6 MB | 131 kB | 39 kB
Progress (3): 2.6 MB | 133 kB | 39 kB
Progress (3): 2.6 MB | 137 kB | 39 kB
Progress (3): 2.6 MB | 141 kB | 39 kB
Progress (3): 2.6 MB | 145 kB | 39 kB
Progress (3): 2.6 MB | 150 kB | 39 kB
Progress (3): 2.6 MB | 154 kB | 39 kB
Progress (3): 2.6 MB | 158 kB | 39 kB
Progress (3): 2.6 MB | 160 kB | 39 kB
Progress (3): 2.6 MB | 160 kB | 42 kB
Progress (3): 2.6 MB | 164 kB | 42 kB
Progress (3): 2.6 MB | 164 kB | 45 kB
Progress (3): 2.6 MB | 167 kB | 45 kB
Progress (3): 2.6 MB | 167 kB | 48 kB
Progress (3): 2.6 MB | 167 kB | 51 kB
Progress (3): 2.6 MB | 167 kB | 53 kB
Progress (3): 2.6 MB | 167 kB | 58 kB
Progress (3): 2.6 MB | 171 kB | 58 kB
Progress (3): 2.6 MB | 175 kB | 58 kB
Progress (3): 2.6 MB | 178 kB | 58 kB
Progress (3): 2.6 MB | 183 kB | 58 kB
Progress (3): 2.6 MB | 187 kB | 58 kB
Progress (3): 2.6 MB | 191 kB | 58 kB
Progress (3): 2.6 MB | 195 kB | 58 kB
Progress (3): 2.6 MB | 198 kB | 58 kB
Progress (3): 2.6 MB | 201 kB | 58 kB
Progress (3): 2.6 MB | 205 kB | 58 kB
Progress (3): 2.6 MB | 207 kB | 58 kB
Progress (3): 2.6 MB | 211 kB | 58 kB
Progress (3): 2.6 MB | 216 kB | 58 kB
Progress (3): 2.6 MB | 220 kB | 58 kB
Progress (3): 2.6 MB | 223 kB | 58 kB
Progress (3): 2.6 MB | 226 kB | 58 kB
Progress (3): 2.6 MB | 230 kB | 58 kB
Progress (3): 2.6 MB | 233 kB | 58 kB
Progress (3): 2.6 MB | 233 kB | 62 kB
Progress (3): 2.6 MB | 236 kB | 62 kB
Progress (3): 2.6 MB | 236 kB | 66 kB
Progress (3): 2.6 MB | 236 kB | 69 kB
Progress (3): 2.6 MB | 236 kB | 73 kB
Progress (3): 2.6 MB | 236 kB | 76 kB
Progress (3): 2.6 MB | 236 kB | 79 kB
Progress (3): 2.6 MB | 236 kB | 81 kB
Progress (3): 2.6 MB | 236 kB | 84 kB
Progress (3): 2.6 MB | 236 kB | 87 kB
Progress (3): 2.6 MB | 236 kB | 90 kB
Progress (3): 2.6 MB | 236 kB | 94 kB
Progress (3): 2.6 MB | 236 kB | 97 kB
Progress (3): 2.6 MB | 236 kB | 100 kB
Progress (3): 2.6 MB | 236 kB | 103 kB
Progress (3): 2.6 MB | 236 kB | 106 kB
Progress (3): 2.6 MB | 240 kB | 106 kB
Progress (3): 2.6 MB | 240 kB | 109 kB
Progress (3): 2.6 MB | 242 kB | 109 kB
Progress (3): 2.6 MB | 245 kB | 109 kB
Progress (3): 2.6 MB | 249 kB | 109 kB
Progress (3): 2.6 MB | 253 kB | 109 kB
Progress (3): 2.6 MB | 257 kB | 109 kB
Progress (3): 2.6 MB | 261 kB | 109 kB
Progress (3): 2.6 MB | 265 kB | 109 kB
Progress (3): 2.6 MB | 269 kB | 109 kB
Progress (3): 2.6 MB | 272 kB | 109 kB
Progress (3): 2.6 MB | 275 kB | 109 kB
Progress (3): 2.6 MB | 278 kB | 109 kB
Progress (3): 2.6 MB | 281 kB | 109 kB
Progress (3): 2.6 MB | 283 kB | 109 kB
Progress (3): 2.6 MB | 287 kB | 109 kB
Progress (3): 2.6 MB | 290 kB | 109 kB
Progress (3): 2.6 MB | 294 kB | 109 kB
Progress (3): 2.6 MB | 297 kB | 109 kB
Progress (3): 2.6 MB | 300 kB | 109 kB
Progress (3): 2.6 MB | 303 kB | 109 kB
Progress (3): 2.6 MB | 306 kB | 109 kB
Progress (3): 2.6 MB | 310 kB | 109 kB
Progress (3): 2.6 MB | 314 kB | 109 kB
Progress (3): 2.6 MB | 318 kB | 109 kB
Progress (3): 2.6 MB | 322 kB | 109 kB
Progress (3): 2.6 MB | 326 kB | 109 kB
Progress (3): 2.6 MB | 330 kB | 109 kB
Progress (3): 2.6 MB | 334 kB | 109 kB
Progress (3): 2.6 MB | 338 kB | 109 kB
Progress (3): 2.6 MB | 342 kB | 109 kB
Progress (3): 2.6 MB | 346 kB | 109 kB
Progress (3): 2.6 MB | 350 kB | 109 kB
Progress (3): 2.6 MB | 353 kB | 109 kB
Progress (3): 2.6 MB | 356 kB | 109 kB
Progress (3): 2.6 MB | 359 kB | 109 kB
Progress (3): 2.6 MB | 362 kB | 109 kB
Progress (3): 2.6 MB | 366 kB | 109 kB
Progress (3): 2.6 MB | 369 kB | 109 kB
Progress (3): 2.6 MB | 372 kB | 109 kB
Progress (3): 2.6 MB | 376 kB | 109 kB
Progress (3): 2.6 MB | 379 kB | 109 kB
Progress (3): 2.6 MB | 383 kB | 109 kB
Progress (3): 2.6 MB | 385 kB | 109 kB
Progress (3): 2.6 MB | 388 kB | 109 kB
Progress (3): 2.6 MB | 392 kB | 109 kB
Progress (3): 2.6 MB | 395 kB | 109 kB
Progress (3): 2.6 MB | 398 kB | 109 kB
Progress (3): 2.6 MB | 402 kB | 109 kB
Progress (3): 2.6 MB | 406 kB | 109 kB
Progress (3): 2.6 MB | 410 kB | 109 kB
Progress (3): 2.6 MB | 414 kB | 109 kB
Progress (3): 2.6 MB | 416 kB | 109 kB
Progress (3): 2.6 MB | 420 kB | 109 kB
Progress (3): 2.6 MB | 425 kB | 109 kB
Progress (3): 2.6 MB | 428 kB | 109 kB
Progress (3): 2.6 MB | 430 kB | 109 kB
Progress (3): 2.6 MB | 433 kB | 109 kB
Progress (3): 2.6 MB | 436 kB | 109 kB
Progress (3): 2.6 MB | 440 kB | 109 kB
Progress (3): 2.6 MB | 444 kB | 109 kB
Progress (3): 2.6 MB | 447 kB | 109 kB
Progress (3): 2.6 MB | 451 kB | 109 kB
                                      
Downloaded from aiban-tianyin-core: https://aiban-maven.pkg.coding.net/repository/tianyin/core/org/apache/xmlbeans/xmlbeans/3.0.2/xmlbeans-3.0.2.jar (2.6 MB at 361 kB/s)
Progress (2): 455 kB | 109 kB
                             
Downloading from aiban-tianyin-core: https://aiban-maven.pkg.coding.net/repository/tianyin/core/org/apache/axis2/axis2-transport-mail/1.8.2/axis2-transport-mail-1.8.2.jar
Progress (2): 460 kB | 109 kB
Progress (2): 463 kB | 109 kB
Progress (2): 466 kB | 109 kB
Progress (2): 470 kB | 109 kB
Progress (2): 473 kB | 109 kB
Progress (2): 477 kB | 109 kB
Progress (2): 480 kB | 109 kB
Progress (2): 484 kB | 109 kB
Progress (2): 488 kB | 109 kB
Progress (2): 492 kB | 109 kB
Progress (2): 496 kB | 109 kB
Progress (3): 496 kB | 109 kB | 4.1 kB
Progress (3): 496 kB | 109 kB | 8.2 kB
Progress (3): 496 kB | 109 kB | 11 kB 
Progress (3): 496 kB | 109 kB | 14 kB
Progress (3): 496 kB | 109 kB | 18 kB
Progress (3): 496 kB | 109 kB | 21 kB
Progress (3): 496 kB | 109 kB | 25 kB
Progress (3): 496 kB | 109 kB | 29 kB
Progress (3): 496 kB | 109 kB | 32 kB
Progress (3): 496 kB | 109 kB | 32 kB
Progress (3): 500 kB | 109 kB | 32 kB
Progress (3): 504 kB | 109 kB | 32 kB
Progress (3): 508 kB | 109 kB | 32 kB
Progress (3): 512 kB | 109 kB | 32 kB
Progress (3): 515 kB | 109 kB | 32 kB
Progress (3): 519 kB | 109 kB | 32 kB
Progress (3): 523 kB | 109 kB | 32 kB
Progress (3): 526 kB | 109 kB | 32 kB
Progress (3): 529 kB | 109 kB | 32 kB
Progress (3): 532 kB | 109 kB | 32 kB
Progress (3): 534 kB | 109 kB | 32 kB
Progress (3): 537 kB | 109 kB | 32 kB
Progress (3): 540 kB | 109 kB | 32 kB
Progress (3): 543 kB | 109 kB | 32 kB
Progress (3): 545 kB | 109 kB | 32 kB
Progress (3): 548 kB | 109 kB | 32 kB
Progress (3): 551 kB | 109 kB | 32 kB
Progress (3): 554 kB | 109 kB | 32 kB
Progress (3): 557 kB | 109 kB | 32 kB
Progress (3): 559 kB | 109 kB | 32 kB
Progress (3): 563 kB | 109 kB | 32 kB
Progress (3): 568 kB | 109 kB | 32 kB
Progress (3): 572 kB | 109 kB | 32 kB
Progress (3): 576 kB | 109 kB | 32 kB
Progress (3): 580 kB | 109 kB | 32 kB
Progress (3): 584 kB | 109 kB | 32 kB
Progress (3): 586 kB | 109 kB | 32 kB
Progress (3): 590 kB | 109 kB | 32 kB
Progress (3): 593 kB | 109 kB | 32 kB
Progress (3): 597 kB | 109 kB | 32 kB
Progress (3): 601 kB | 109 kB | 32 kB
Progress (3): 604 kB | 109 kB | 32 kB
Progress (3): 607 kB | 109 kB | 32 kB
Progress (3): 611 kB | 109 kB | 32 kB
Progress (3): 614 kB | 109 kB | 32 kB
Progress (3): 618 kB | 109 kB | 32 kB
Progress (3): 622 kB | 109 kB | 32 kB
Progress (3): 626 kB | 109 kB | 32 kB
Progress (3): 630 kB | 109 kB | 32 kB
Progress (3): 635 kB | 109 kB | 32 kB
Progress (3): 638 kB | 109 kB | 32 kB
Progress (3): 642 kB | 109 kB | 32 kB
Progress (3): 646 kB | 109 kB | 32 kB
Progress (3): 649 kB | 109 kB | 32 kB
Progress (3): 653 kB | 109 kB | 32 kB
Progress (3): 657 kB | 109 kB | 32 kB
Progress (3): 661 kB | 109 kB | 32 kB
Progress (3): 665 kB | 109 kB | 32 kB
Progress (3): 669 kB | 109 kB | 32 kB
Progress (3): 673 kB | 109 kB | 32 kB
Progress (3): 677 kB | 109 kB | 32 kB
Progress (3): 680 kB | 109 kB | 32 kB
Progress (3): 684 kB | 109 kB | 32 kB
Progress (3): 688 kB | 109 kB | 32 kB
Progress (3): 692 kB | 109 kB | 32 kB
Progress (3): 696 kB | 109 kB | 32 kB
Progress (3): 699 kB | 109 kB | 32 kB
Progress (3): 701 kB | 109 kB | 32 kB
Progress (3): 704 kB | 109 kB | 32 kB
Progress (3): 708 kB | 109 kB | 32 kB
Progress (3): 711 kB | 109 kB | 32 kB
Progress (3): 715 kB | 109 kB | 32 kB
Progress (3): 719 kB | 109 kB | 32 kB
Progress (3): 723 kB | 109 kB | 32 kB
Progress (3): 727 kB | 109 kB | 32 kB
Progress (3): 729 kB | 109 kB | 32 kB
Progress (3): 732 kB | 109 kB | 32 kB
Progress (3): 735 kB | 109 kB | 32 kB
Progress (3): 739 kB | 109 kB | 32 kB
Progress (3): 743 kB | 109 kB | 32 kB
Progress (3): 746 kB | 109 kB | 32 kB
Progress (3): 749 kB | 109 kB | 32 kB
Progress (3): 751 kB | 109 kB | 32 kB
Progress (3): 756 kB | 109 kB | 32 kB
Progress (3): 759 kB | 109 kB | 32 kB
Progress (3): 761 kB | 109 kB | 32 kB
Progress (3): 766 kB | 109 kB | 32 kB
Progress (3): 769 kB | 109 kB | 32 kB
Progress (3): 771 kB | 109 kB | 32 kB
Progress (3): 774 kB | 109 kB | 32 kB
Progress (3): 778 kB | 109 kB | 32 kB
Progress (3): 782 kB | 109 kB | 32 kB
Progress (3): 786 kB | 109 kB | 32 kB
Progress (3): 790 kB | 109 kB | 32 kB
Progress (3): 794 kB | 109 kB | 32 kB
Progress (3): 798 kB | 109 kB | 32 kB
Progress (3): 802 kB | 109 kB | 32 kB
Progress (3): 806 kB | 109 kB | 32 kB
Progress (3): 810 kB | 109 kB | 32 kB
Progress (3): 813 kB | 109 kB | 32 kB
Progress (3): 817 kB | 109 kB | 32 kB
Progress (3): 820 kB | 109 kB | 32 kB
Progress (3): 823 kB | 109 kB | 32 kB
Progress (3): 826 kB | 109 kB | 32 kB
Progress (3): 830 kB | 109 kB | 32 kB
Progress (3): 834 kB | 109 kB | 32 kB
Progress (3): 838 kB | 109 kB | 32 kB
Progress (3): 842 kB | 109 kB | 32 kB
Progress (3): 846 kB | 109 kB | 32 kB
Progress (3): 850 kB | 109 kB | 32 kB
Progress (3): 853 kB | 109 kB | 32 kB
Progress (3): 856 kB | 109 kB | 32 kB
Progress (3): 858 kB | 109 kB | 32 kB
Progress (3): 862 kB | 109 kB | 32 kB
Progress (3): 867 kB | 109 kB | 32 kB
Progress (3): 871 kB | 109 kB | 32 kB
Progress (3): 875 kB | 109 kB | 32 kB
Progress (3): 878 kB | 109 kB | 32 kB
Progress (3): 881 kB | 109 kB | 32 kB
Progress (3): 884 kB | 109 kB | 32 kB
Progress (3): 886 kB | 109 kB | 32 kB
Progress (3): 891 kB | 109 kB | 32 kB
Progress (3): 895 kB | 109 kB | 32 kB
Progress (3): 898 kB | 109 kB | 32 kB
Progress (3): 902 kB | 109 kB | 32 kB
Progress (3): 906 kB | 109 kB | 32 kB
Progress (3): 910 kB | 109 kB | 32 kB
Progress (3): 914 kB | 109 kB | 32 kB
Progress (3): 918 kB | 109 kB | 32 kB
Progress (3): 922 kB | 109 kB | 32 kB
Progress (3): 926 kB | 109 kB | 32 kB
Progress (3): 930 kB | 109 kB | 32 kB
Progress (3): 934 kB | 109 kB | 32 kB
Progress (3): 938 kB | 109 kB | 32 kB
Progress (3): 943 kB | 109 kB | 32 kB
Progress (3): 947 kB | 109 kB | 32 kB
Progress (3): 951 kB | 109 kB | 32 kB
Progress (3): 955 kB | 109 kB | 32 kB
Progress (3): 959 kB | 109 kB | 32 kB
Progress (3): 963 kB | 109 kB | 32 kB
Progress (3): 967 kB | 109 kB | 32 kB
Progress (3): 971 kB | 109 kB | 32 kB
Progress (3): 975 kB | 109 kB | 32 kB
Progress (3): 979 kB | 109 kB | 32 kB
Progress (3): 984 kB | 109 kB | 32 kB
Progress (3): 988 kB | 109 kB | 32 kB
Progress (3): 992 kB | 109 kB | 32 kB
Progress (3): 996 kB | 109 kB | 32 kB
Progress (3): 1000 kB | 109 kB | 32 kB
Progress (3): 1.0 MB | 109 kB | 32 kB 
Progress (3): 1.0 MB | 109 kB | 32 kB
Progress (3): 1.0 MB | 109 kB | 32 kB
Progress (3): 1.0 MB | 109 kB | 32 kB
Progress (3): 1.0 MB | 109 kB | 32 kB
Progress (3): 1.0 MB | 109 kB | 32 kB
Progress (3): 1.0 MB | 109 kB | 32 kB
Progress (3): 1.0 MB | 109 kB | 32 kB
Progress (3): 1.0 MB | 109 kB | 32 kB
Progress (3): 1.0 MB | 109 kB | 32 kB
Progress (3): 1.0 MB | 109 kB | 32 kB
Progress (3): 1.0 MB | 109 kB | 32 kB
Progress (3): 1.1 MB | 109 kB | 32 kB
Progress (3): 1.1 MB | 109 kB | 32 kB
Progress (3): 1.1 MB | 109 kB | 32 kB
Progress (3): 1.1 MB | 109 kB | 32 kB
Progress (3): 1.1 MB | 109 kB | 32 kB
Progress (3): 1.1 MB | 109 kB | 32 kB
Progress (3): 1.1 MB | 109 kB | 32 kB
Progress (3): 1.1 MB | 109 kB | 32 kB
Progress (3): 1.1 MB | 109 kB | 32 kB
Progress (3): 1.1 MB | 109 kB | 32 kB
Progress (3): 1.1 MB | 109 kB | 32 kB
Progress (3): 1.1 MB | 109 kB | 32 kB
Progress (3): 1.1 MB | 109 kB | 32 kB
Progress (3): 1.1 MB | 109 kB | 32 kB
Progress (3): 1.1 MB | 109 kB | 32 kB
Progress (3): 1.1 MB | 109 kB | 32 kB
Progress (3): 1.1 MB | 109 kB | 32 kB
Progress (3): 1.1 MB | 109 kB | 32 kB
Progress (3): 1.1 MB | 109 kB | 32 kB
Progress (3): 1.1 MB | 109 kB | 32 kB
Progress (3): 1.1 MB | 109 kB | 32 kB
Progress (3): 1.1 MB | 109 kB | 32 kB
Progress (3): 1.1 MB | 109 kB | 32 kB
Progress (3): 1.1 MB | 109 kB | 32 kB
Progress (3): 1.1 MB | 109 kB | 32 kB
Progress (3): 1.2 MB | 109 kB | 32 kB
Progress (3): 1.2 MB | 109 kB | 32 kB
Progress (3): 1.2 MB | 109 kB | 32 kB
Progress (3): 1.2 MB | 109 kB | 32 kB
Progress (3): 1.2 MB | 109 kB | 32 kB
Progress (3): 1.2 MB | 109 kB | 32 kB
Progress (3): 1.2 MB | 109 kB | 32 kB
Progress (3): 1.2 MB | 109 kB | 32 kB
Progress (3): 1.2 MB | 109 kB | 32 kB
Progress (3): 1.2 MB | 109 kB | 32 kB
Progress (3): 1.2 MB | 109 kB | 32 kB
Progress (3): 1.2 MB | 109 kB | 32 kB
Progress (3): 1.2 MB | 109 kB | 32 kB
Progress (3): 1.2 MB | 109 kB | 32 kB
Progress (3): 1.2 MB | 109 kB | 32 kB
Progress (3): 1.2 MB | 109 kB | 32 kB
Progress (3): 1.2 MB | 109 kB | 32 kB
Progress (3): 1.2 MB | 109 kB | 32 kB
Progress (3): 1.2 MB | 109 kB | 32 kB
Progress (3): 1.2 MB | 109 kB | 32 kB
Progress (3): 1.2 MB | 109 kB | 32 kB
Progress (3): 1.2 MB | 109 kB | 32 kB
Progress (3): 1.2 MB | 109 kB | 32 kB
Progress (3): 1.2 MB | 109 kB | 32 kB
Progress (3): 1.2 MB | 109 kB | 32 kB
Progress (3): 1.2 MB | 109 kB | 32 kB
Progress (3): 1.2 MB | 109 kB | 32 kB
Progress (3): 1.3 MB | 109 kB | 32 kB
Progress (3): 1.3 MB | 109 kB | 32 kB
Progress (3): 1.3 MB | 109 kB | 32 kB
Progress (3): 1.3 MB | 109 kB | 32 kB
Progress (3): 1.3 MB | 109 kB | 32 kB
Progress (3): 1.3 MB | 109 kB | 32 kB
Progress (3): 1.3 MB | 109 kB | 32 kB
Progress (3): 1.3 MB | 109 kB | 32 kB
Progress (3): 1.3 MB | 109 kB | 32 kB
Progress (3): 1.3 MB | 109 kB | 32 kB
Progress (3): 1.3 MB | 109 kB | 32 kB
Progress (3): 1.3 MB | 109 kB | 32 kB
Progress (3): 1.3 MB | 109 kB | 32 kB
Progress (3): 1.3 MB | 109 kB | 32 kB
Progress (3): 1.3 MB | 109 kB | 32 kB
Progress (3): 1.3 MB | 109 kB | 32 kB
Progress (3): 1.3 MB | 109 kB | 32 kB
Progress (3): 1.3 MB | 109 kB | 32 kB
Progress (3): 1.3 MB | 109 kB | 32 kB
Progress (3): 1.3 MB | 109 kB | 32 kB
Progress (3): 1.3 MB | 109 kB | 32 kB
Progress (3): 1.3 MB | 109 kB | 32 kB
Progress (3): 1.3 MB | 109 kB | 32 kB
Progress (3): 1.3 MB | 109 kB | 32 kB
Progress (3): 1.3 MB | 109 kB | 32 kB
Progress (3): 1.4 MB | 109 kB | 32 kB
Progress (3): 1.4 MB | 109 kB | 32 kB
Progress (3): 1.4 MB | 109 kB | 32 kB
Progress (3): 1.4 MB | 109 kB | 32 kB
Progress (3): 1.4 MB | 109 kB | 32 kB
Progress (3): 1.4 MB | 109 kB | 32 kB
Progress (3): 1.4 MB | 109 kB | 32 kB
Progress (3): 1.4 MB | 109 kB | 32 kB
Progress (3): 1.4 MB | 109 kB | 32 kB
Progress (3): 1.4 MB | 109 kB | 32 kB
Progress (3): 1.4 MB | 109 kB | 32 kB
Progress (3): 1.4 MB | 109 kB | 32 kB
Progress (3): 1.4 MB | 109 kB | 32 kB
Progress (3): 1.4 MB | 109 kB | 32 kB
Progress (3): 1.4 MB | 109 kB | 32 kB
Progress (3): 1.4 MB | 109 kB | 32 kB
Progress (3): 1.4 MB | 109 kB | 32 kB
Progress (3): 1.4 MB | 109 kB | 32 kB
Progress (3): 1.4 MB | 109 kB | 32 kB
Progress (3): 1.4 MB | 109 kB | 32 kB
Progress (3): 1.4 MB | 109 kB | 32 kB
Progress (3): 1.4 MB | 109 kB | 32 kB
                                     
Downloaded from aiban-tianyin-core: https://aiban-maven.pkg.coding.net/repository/tianyin/core/org/apache/geronimo/specs/geronimo-jms_1.1_spec/1.1.1/geronimo-jms_1.1_spec-1.1.1.jar (32 kB at 4.5 kB/s)
Downloading from aiban-tianyin-core: https://aiban-maven.pkg.coding.net/repository/tianyin/core/org/apache/axis2/axis2-transport-tcp/1.8.2/axis2-transport-tcp-1.8.2.jar
Downloaded from aiban-tianyin-core: https://aiban-maven.pkg.coding.net/repository/tianyin/core/org/apache/axis2/axis2-transport-base/1.8.2/axis2-transport-base-1.8.2.jar (109 kB at 15 kB/s)
Downloading from aiban-tianyin-core: https://aiban-maven.pkg.coding.net/repository/tianyin/core/org/apache/axis2/axis2-transport-udp/1.8.2/axis2-transport-udp-1.8.2.jar
Downloaded from aiban-tianyin-core: https://aiban-maven.pkg.coding.net/repository/tianyin/core/org/springframework/spring-web/5.2.6.RELEASE/spring-web-5.2.6.RELEASE.jar (1.4 MB at 195 kB/s)
Progress (1): 4.0 kB
Progress (1): 8.1 kB
Progress (1): 12 kB 
Progress (1): 15 kB
Progress (1): 18 kB
Progress (1): 22 kB
Progress (1): 26 kB
Progress (1): 30 kB
Progress (1): 34 kB
Progress (1): 38 kB
Progress (1): 42 kB
Progress (1): 45 kB
Progress (1): 49 kB
Progress (1): 51 kB
Progress (1): 56 kB
Progress (1): 60 kB
Progress (1): 64 kB
Progress (1): 68 kB
Progress (1): 70 kB
Progress (1): 73 kB
Progress (1): 77 kB
Progress (1): 81 kB
Progress (1): 85 kB
Progress (2): 85 kB | 4.0 kB
Progress (2): 85 kB | 8.1 kB
Progress (2): 85 kB | 11 kB 
Progress (2): 85 kB | 14 kB
Progress (2): 85 kB | 18 kB
Progress (2): 85 kB | 22 kB
Progress (2): 85 kB | 26 kB
Progress (2): 85 kB | 30 kB
Progress (2): 85 kB | 34 kB
Progress (2): 85 kB | 38 kB
Progress (2): 85 kB | 41 kB
Progress (2): 85 kB | 42 kB
Progress (3): 85 kB | 42 kB | 4.0 kB
Progress (3): 85 kB | 42 kB | 8.1 kB
Progress (3): 85 kB | 42 kB | 12 kB 
Progress (3): 85 kB | 42 kB | 16 kB
Progress (3): 85 kB | 42 kB | 20 kB
Progress (3): 85 kB | 42 kB | 23 kB
                                   
Downloaded from aiban-tianyin-core: https://aiban-maven.pkg.coding.net/repository/tianyin/core/org/apache/axis2/axis2-transport-jms/1.8.2/axis2-transport-jms-1.8.2.jar (85 kB at 11 kB/s)
Progress (3): 42 kB | 23 kB | 4.0 kB
Progress (3): 42 kB | 23 kB | 8.1 kB
Progress (3): 42 kB | 23 kB | 11 kB 
Progress (3): 42 kB | 23 kB | 14 kB
Progress (3): 42 kB | 23 kB | 17 kB
Progress (3): 42 kB | 23 kB | 19 kB
Progress (3): 42 kB | 23 kB | 23 kB
Progress (3): 42 kB | 23 kB | 28 kB
Progress (3): 42 kB | 23 kB | 28 kB
                                   
Downloaded from aiban-tianyin-core: https://aiban-maven.pkg.coding.net/repository/tianyin/core/org/apache/axis2/axis2-transport-udp/1.8.2/axis2-transport-udp-1.8.2.jar (23 kB at 3.0 kB/s)
Downloaded from aiban-tianyin-core: https://aiban-maven.pkg.coding.net/repository/tianyin/core/org/apache/axis2/axis2-transport-mail/1.8.2/axis2-transport-mail-1.8.2.jar (42 kB at 5.3 kB/s)
Downloaded from aiban-tianyin-core: https://aiban-maven.pkg.coding.net/repository/tianyin/core/org/apache/axis2/axis2-transport-tcp/1.8.2/axis2-transport-tcp-1.8.2.jar (28 kB at 3.5 kB/s)
[[1;34mINFO[m] 
[[1;34mINFO[m] [1m--- [0;32mmaven-clean-plugin:3.1.0:clean[m [1m(default-clean)[m @ [36maxis2-spring-boot-starter[0;1m ---[m
[[1;34mINFO[m] Deleting /Users/wandl/workspaces/workspace-ddd4j/workspace-ddd4j-boot-starters/axis2-spring-boot-starter/target
[[1;34mINFO[m] 
[[1;34mINFO[m] [1m--- [0;32mmaven-enforcer-plugin:3.0.0-M3:enforce[m [1m(default-cli)[m @ [36maxis2-spring-boot-starter[0;1m ---[m
[[1;34mINFO[m] 
[[1;34mINFO[m] [1m--- [0;32mmaven-resources-plugin:3.1.0:resources[m [1m(default-resources)[m @ [36maxis2-spring-boot-starter[0;1m ---[m
[[1;34mINFO[m] Using 'UTF-8' encoding to copy filtered resources.
[[1;34mINFO[m] skip non existing resourceDirectory /Users/wandl/workspaces/workspace-ddd4j/workspace-ddd4j-boot-starters/axis2-spring-boot-starter/src/main/resources
[[1;34mINFO[m] skip non existing resourceDirectory /Users/wandl/workspaces/workspace-ddd4j/workspace-ddd4j-boot-starters/axis2-spring-boot-starter/src/main/resources
[[1;34mINFO[m] 
[[1;34mINFO[m] [1m--- [0;32mmaven-compiler-plugin:3.8.1:compile[m [1m(default-compile)[m @ [36maxis2-spring-boot-starter[0;1m ---[m
[[1;34mINFO[m] Changes detected - recompiling the module!
[[1;34mINFO[m] Compiling 2 source files to /Users/wandl/workspaces/workspace-ddd4j/workspace-ddd4j-boot-starters/axis2-spring-boot-starter/target/classes
[[1;34mINFO[m] 
[[1;34mINFO[m] [1m--- [0;32mmaven-resources-plugin:3.1.0:testResources[m [1m(default-testResources)[m @ [36maxis2-spring-boot-starter[0;1m ---[m
[[1;34mINFO[m] Not copying test resources
[[1;34mINFO[m] 
[[1;34mINFO[m] [1m--- [0;32mmaven-compiler-plugin:3.8.1:testCompile[m [1m(default-testCompile)[m @ [36maxis2-spring-boot-starter[0;1m ---[m
[[1;34mINFO[m] Not compiling test sources
[[1;34mINFO[m] 
[[1;34mINFO[m] [1m--- [0;32mmaven-surefire-plugin:2.22.1:test[m [1m(default-test)[m @ [36maxis2-spring-boot-starter[0;1m ---[m
[[1;34mINFO[m] Tests are skipped.
[[1;34mINFO[m] 
[[1;34mINFO[m] [1m--- [0;32mmaven-jar-plugin:3.1.1:jar[m [1m(default-jar)[m @ [36maxis2-spring-boot-starter[0;1m ---[m
[[1;34mINFO[m] Building jar: /Users/wandl/workspaces/workspace-ddd4j/workspace-ddd4j-boot-starters/axis2-spring-boot-starter/target/axis2-spring-boot-starter-2.3.x.20240823.RELEASE.jar
[[1;34mINFO[m] 
[[1;34mINFO[m] [1m--- [0;32mmaven-source-plugin:3.2.1:jar-no-fork[m [1m(attach-sources)[m @ [36maxis2-spring-boot-starter[0;1m ---[m
[[1;34mINFO[m] Building jar: /Users/wandl/workspaces/workspace-ddd4j/workspace-ddd4j-boot-starters/axis2-spring-boot-starter/target/axis2-spring-boot-starter-2.3.x.20240823.RELEASE-sources.jar
[[1;34mINFO[m] 
[[1;34mINFO[m] [1m--- [0;32mmaven-install-plugin:2.5.2:install[m [1m(default-install)[m @ [36maxis2-spring-boot-starter[0;1m ---[m
[[1;34mINFO[m] Installing /Users/wandl/workspaces/workspace-ddd4j/workspace-ddd4j-boot-starters/axis2-spring-boot-starter/target/axis2-spring-boot-starter-2.3.x.20240823.RELEASE.jar to /Users/wandl/.m2/repository/com/github/hiwepy/axis2-spring-boot-starter/2.3.x.20240823.RELEASE/axis2-spring-boot-starter-2.3.x.20240823.RELEASE.jar
[[1;34mINFO[m] Installing /Users/wandl/workspaces/workspace-ddd4j/workspace-ddd4j-boot-starters/axis2-spring-boot-starter/pom.xml to /Users/wandl/.m2/repository/com/github/hiwepy/axis2-spring-boot-starter/2.3.x.20240823.RELEASE/axis2-spring-boot-starter-2.3.x.20240823.RELEASE.pom
[[1;34mINFO[m] Installing /Users/wandl/workspaces/workspace-ddd4j/workspace-ddd4j-boot-starters/axis2-spring-boot-starter/target/axis2-spring-boot-starter-2.3.x.20240823.RELEASE-sources.jar to /Users/wandl/.m2/repository/com/github/hiwepy/axis2-spring-boot-starter/2.3.x.20240823.RELEASE/axis2-spring-boot-starter-2.3.x.20240823.RELEASE-sources.jar
[[1;34mINFO[m] 
[[1;34mINFO[m] [1m--- [0;32mmaven-deploy-plugin:2.8.2:deploy[m [1m(default-deploy)[m @ [36maxis2-spring-boot-starter[0;1m ---[m
[[1;34mINFO[m] Using alternate deployment repository maven-releases::default::https://packages.aliyun.com/5fdc0afd99b59ba3c5ead757/maven/maven-releases
Uploading to maven-releases: https://packages.aliyun.com/5fdc0afd99b59ba3c5ead757/maven/maven-releases/com/github/hiwepy/axis2-spring-boot-starter/2.3.x.20240823.RELEASE/axis2-spring-boot-starter-2.3.x.20240823.RELEASE.jar
Progress (1): 4.1/9.0 kB
Progress (1): 8.2/9.0 kB
Progress (1): 9.0 kB    
                    
Uploaded to maven-releases: https://packages.aliyun.com/5fdc0afd99b59ba3c5ead757/maven/maven-releases/com/github/hiwepy/axis2-spring-boot-starter/2.3.x.20240823.RELEASE/axis2-spring-boot-starter-2.3.x.20240823.RELEASE.jar (9.0 kB at 6.7 kB/s)
Uploading to maven-releases: https://packages.aliyun.com/5fdc0afd99b59ba3c5ead757/maven/maven-releases/com/github/hiwepy/axis2-spring-boot-starter/2.3.x.20240823.RELEASE/axis2-spring-boot-starter-2.3.x.20240823.RELEASE.pom
Progress (1): 4.1/33 kB
Progress (1): 8.2/33 kB
Progress (1): 12/33 kB 
Progress (1): 16/33 kB
Progress (1): 20/33 kB
Progress (1): 25/33 kB
Progress (1): 29/33 kB
Progress (1): 33/33 kB
Progress (1): 33 kB   
                   
Uploaded to maven-releases: https://packages.aliyun.com/5fdc0afd99b59ba3c5ead757/maven/maven-releases/com/github/hiwepy/axis2-spring-boot-starter/2.3.x.20240823.RELEASE/axis2-spring-boot-starter-2.3.x.20240823.RELEASE.pom (33 kB at 31 kB/s)
Downloading from maven-releases: https://packages.aliyun.com/5fdc0afd99b59ba3c5ead757/maven/maven-releases/com/github/hiwepy/axis2-spring-boot-starter/maven-metadata.xml
Uploading to maven-releases: https://packages.aliyun.com/5fdc0afd99b59ba3c5ead757/maven/maven-releases/com/github/hiwepy/axis2-spring-boot-starter/maven-metadata.xml
Progress (1): 356 B
                   
Uploaded to maven-releases: https://packages.aliyun.com/5fdc0afd99b59ba3c5ead757/maven/maven-releases/com/github/hiwepy/axis2-spring-boot-starter/maven-metadata.xml (356 B at 328 B/s)
Uploading to maven-releases: https://packages.aliyun.com/5fdc0afd99b59ba3c5ead757/maven/maven-releases/com/github/hiwepy/axis2-spring-boot-starter/2.3.x.20240823.RELEASE/axis2-spring-boot-starter-2.3.x.20240823.RELEASE-sources.jar
Progress (1): 4.1/8.1 kB
Progress (1): 8.1 kB    
                    
Uploaded to maven-releases: https://packages.aliyun.com/5fdc0afd99b59ba3c5ead757/maven/maven-releases/com/github/hiwepy/axis2-spring-boot-starter/2.3.x.20240823.RELEASE/axis2-spring-boot-starter-2.3.x.20240823.RELEASE-sources.jar (8.1 kB at 7.6 kB/s)
[[1;34mINFO[m] [1m------------------------------------------------------------------------[m
[[1;34mINFO[m] [1;32mBUILD SUCCESS[m
[[1;34mINFO[m] [1m------------------------------------------------------------------------[m
[[1;34mINFO[m] Total time:  50.326 s
[[1;34mINFO[m] Finished at: 2026-03-16T13:40:44+08:00
[[1;34mINFO[m] [1m------------------------------------------------------------------------[m
[axis2-spring-boot-starter/2.3.x] 成功
[[1;34mINFO[m] Scanning for projects...
[[1;34mINFO[m] 
[[1;34mINFO[m] [1m------------< [0;36mio.github.hiwepy:axis2-spring-boot-starter[0;1m >-------------[m
[[1;34mINFO[m] [1mBuilding io.github.hiwepy:axis2-spring-boot-starter 2.7.x.20240823.RELEASE[m
[[1;34mINFO[m] [1m--------------------------------[ jar ]---------------------------------[m
Downloading from aiban-tianyin-core: https://aiban-maven.pkg.coding.net/repository/tianyin/core/org/apache/logging/log4j/log4j-jcl/2.17.2/log4j-jcl-2.17.2.pom
Progress (1): 2.6 kB
Progress (1): 6.7 kB
Progress (1): 6.8 kB
                    
Downloaded from aiban-tianyin-core: https://aiban-maven.pkg.coding.net/repository/tianyin/core/org/apache/logging/log4j/log4j-jcl/2.17.2/log4j-jcl-2.17.2.pom (6.8 kB at 10 kB/s)
Downloading from aiban-tianyin-core: https://aiban-maven.pkg.coding.net/repository/tianyin/core/com/sun/mail/jakarta.mail/1.6.7/jakarta.mail-1.6.7.pom
Downloaded from aiban-tianyin-core: https://aiban-maven.pkg.coding.net/repository/tianyin/core/com/sun/mail/jakarta.mail/1.6.7/jakarta.mail-1.6.7.pom (0 B at 0 B/s)
Downloading from aiban-tianyin-core: https://aiban-maven.pkg.coding.net/repository/tianyin/core/org/glassfish/jaxb/jaxb-xjc/2.3.6/jaxb-xjc-2.3.6.pom
Progress (1): 4.0 kB
Progress (1): 6.9 kB
Progress (1): 9.7 kB
Progress (1): 11 kB 
                   
Downloaded from aiban-tianyin-core: https://aiban-maven.pkg.coding.net/repository/tianyin/core/org/glassfish/jaxb/jaxb-xjc/2.3.6/jaxb-xjc-2.3.6.pom (11 kB at 30 kB/s)
Downloading from aiban-tianyin-core: https://aiban-maven.pkg.coding.net/repository/tianyin/core/org/glassfish/jaxb/xsom/2.3.6/xsom-2.3.6.pom
Progress (1): 2.6 kB
Progress (1): 6.7 kB
Progress (1): 11 kB 
Progress (1): 14 kB
Progress (1): 17 kB
Progress (1): 20 kB
                   
Downloaded from aiban-tianyin-core: https://aiban-maven.pkg.coding.net/repository/tianyin/core/org/glassfish/jaxb/xsom/2.3.6/xsom-2.3.6.pom (20 kB at 43 kB/s)
Downloading from aiban-tianyin-core: https://aiban-maven.pkg.coding.net/repository/tianyin/core/org/glassfish/jaxb/codemodel/2.3.6/codemodel-2.3.6.pom
Progress (1): 1.7 kB
                    
Downloaded from aiban-tianyin-core: https://aiban-maven.pkg.coding.net/repository/tianyin/core/org/glassfish/jaxb/codemodel/2.3.6/codemodel-2.3.6.pom (1.7 kB at 4.0 kB/s)
Downloading from aiban-tianyin-core: https://aiban-maven.pkg.coding.net/repository/tianyin/core/com/sun/xml/bind/mvn/jaxb-codemodel-parent/2.3.6/jaxb-codemodel-parent-2.3.6.pom
Progress (1): 2.6 kB
Progress (1): 6.7 kB
Progress (1): 11 kB 
Progress (1): 14 kB
Progress (1): 16 kB
                   
Downloaded from aiban-tianyin-core: https://aiban-maven.pkg.coding.net/repository/tianyin/core/com/sun/xml/bind/mvn/jaxb-codemodel-parent/2.3.6/jaxb-codemodel-parent-2.3.6.pom (16 kB at 41 kB/s)
Downloading from aiban-tianyin-core: https://aiban-maven.pkg.coding.net/repository/tianyin/core/com/sun/xml/bind/external/rngom/2.3.6/rngom-2.3.6.pom
Progress (1): 2.4 kB
                    
Downloaded from aiban-tianyin-core: https://aiban-maven.pkg.coding.net/repository/tianyin/core/com/sun/xml/bind/external/rngom/2.3.6/rngom-2.3.6.pom (2.4 kB at 6.6 kB/s)
Downloading from aiban-tianyin-core: https://aiban-maven.pkg.coding.net/repository/tianyin/core/com/sun/xml/bind/mvn/jaxb-external-parent/2.3.6/jaxb-external-parent-2.3.6.pom
Progress (1): 2.6 kB
Progress (1): 6.7 kB
Progress (1): 11 kB 
Progress (1): 14 kB
Progress (1): 16 kB
                   
Downloaded from aiban-tianyin-core: https://aiban-maven.pkg.coding.net/repository/tianyin/core/com/sun/xml/bind/mvn/jaxb-external-parent/2.3.6/jaxb-external-parent-2.3.6.pom (16 kB at 44 kB/s)
Downloading from aiban-tianyin-core: https://aiban-maven.pkg.coding.net/repository/tianyin/core/org/jetbrains/kotlin/kotlin-stdlib/1.6.21/kotlin-stdlib-1.6.21.pom
Progress (1): 1.6 kB
                    
Downloaded from aiban-tianyin-core: https://aiban-maven.pkg.coding.net/repository/tianyin/core/org/jetbrains/kotlin/kotlin-stdlib/1.6.21/kotlin-stdlib-1.6.21.pom (1.6 kB at 5.8 kB/s)
Downloading from aiban-tianyin-core: https://aiban-maven.pkg.coding.net/repository/tianyin/core/org/jetbrains/kotlin/kotlin-stdlib-jdk8/1.6.21/kotlin-stdlib-jdk8-1.6.21.pom
Progress (1): 1.6 kB
                    
Downloaded from aiban-tianyin-core: https://aiban-maven.pkg.coding.net/repository/tianyin/core/org/jetbrains/kotlin/kotlin-stdlib-jdk8/1.6.21/kotlin-stdlib-jdk8-1.6.21.pom (1.6 kB at 5.8 kB/s)
Downloading from aiban-tianyin-core: https://aiban-maven.pkg.coding.net/repository/tianyin/core/org/springframework/spring-web/5.3.20/spring-web-5.3.20.pom
Progress (1): 2.2 kB
                    
Downloaded from aiban-tianyin-core: https://aiban-maven.pkg.coding.net/repository/tianyin/core/org/springframework/spring-web/5.3.20/spring-web-5.3.20.pom (2.2 kB at 7.2 kB/s)
Downloading from aiban-tianyin-core: https://aiban-maven.pkg.coding.net/repository/tianyin/core/com/sun/mail/jakarta.mail/1.6.7/jakarta.mail-1.6.7.jar
Downloading from aiban-tianyin-core: https://aiban-maven.pkg.coding.net/repository/tianyin/core/com/sun/xml/bind/external/rngom/2.3.6/rngom-2.3.6.jar
Downloading from aiban-tianyin-core: https://aiban-maven.pkg.coding.net/repository/tianyin/core/org/glassfish/jaxb/codemodel/2.3.6/codemodel-2.3.6.jar
Downloading from aiban-tianyin-core: https://aiban-maven.pkg.coding.net/repository/tianyin/core/org/glassfish/jaxb/xsom/2.3.6/xsom-2.3.6.jar
Downloading from aiban-tianyin-core: https://aiban-maven.pkg.coding.net/repository/tianyin/core/org/glassfish/jaxb/jaxb-xjc/2.3.6/jaxb-xjc-2.3.6.jar
Downloaded from aiban-tianyin-core: https://aiban-maven.pkg.coding.net/repository/tianyin/core/com/sun/mail/jakarta.mail/1.6.7/jakarta.mail-1.6.7.jar (0 B at 0 B/s)
Downloading from aiban-tianyin-core: https://aiban-maven.pkg.coding.net/repository/tianyin/core/org/jetbrains/kotlin/kotlin-stdlib/1.6.21/kotlin-stdlib-1.6.21.jar
Progress (1): 2.6 kB
Progress (1): 6.7 kB
Progress (1): 9.7 kB
Progress (1): 12 kB 
Progress (1): 15 kB
Progress (1): 19 kB
Progress (1): 22 kB
Progress (1): 26 kB
Progress (1): 30 kB
Progress (1): 34 kB
Progress (1): 38 kB
Progress (1): 40 kB
Progress (1): 43 kB
Progress (1): 47 kB
Progress (1): 52 kB
Progress (1): 56 kB
Progress (1): 60 kB
Progress (1): 64 kB
Progress (1): 68 kB
Progress (1): 72 kB
Progress (1): 75 kB
Progress (1): 80 kB
Progress (1): 84 kB
Progress (1): 88 kB
Progress (1): 92 kB
Progress (1): 96 kB
Progress (1): 100 kB
Progress (1): 104 kB
Progress (1): 108 kB
Progress (1): 112 kB
Progress (1): 116 kB
Progress (1): 120 kB
Progress (1): 125 kB
Progress (1): 129 kB
Progress (1): 133 kB
Progress (1): 137 kB
Progress (1): 141 kB
Progress (1): 145 kB
Progress (1): 149 kB
Progress (1): 153 kB
Progress (1): 157 kB
Progress (1): 161 kB
Progress (1): 166 kB
Progress (1): 170 kB
Progress (1): 174 kB
Progress (1): 178 kB
Progress (1): 182 kB
Progress (1): 186 kB
Progress (1): 190 kB
Progress (1): 194 kB
Progress (1): 198 kB
Progress (1): 202 kB
Progress (1): 206 kB
Progress (1): 211 kB
Progress (1): 215 kB
Progress (1): 219 kB
Progress (1): 223 kB
Progress (1): 227 kB
Progress (1): 231 kB
Progress (1): 235 kB
Progress (1): 239 kB
Progress (1): 243 kB
Progress (1): 247 kB
Progress (1): 252 kB
Progress (1): 256 kB
Progress (1): 260 kB
Progress (1): 264 kB
Progress (1): 268 kB
Progress (1): 272 kB
Progress (1): 276 kB
Progress (1): 280 kB
Progress (1): 284 kB
Progress (1): 288 kB
Progress (1): 293 kB
Progress (1): 297 kB
Progress (1): 301 kB
Progress (1): 305 kB
Progress (1): 309 kB
Progress (1): 313 kB
Progress (1): 317 kB
Progress (1): 321 kB
Progress (1): 325 kB
Progress (1): 329 kB
Progress (1): 333 kB
Progress (1): 338 kB
Progress (1): 342 kB
Progress (1): 346 kB
Progress (1): 350 kB
Progress (1): 354 kB
Progress (1): 358 kB
Progress (1): 362 kB
Progress (1): 366 kB
Progress (1): 370 kB
Progress (1): 374 kB
Progress (1): 379 kB
Progress (1): 383 kB
Progress (1): 387 kB
Progress (1): 391 kB
Progress (1): 395 kB
Progress (1): 399 kB
Progress (1): 403 kB
Progress (1): 407 kB
Progress (1): 411 kB
Progress (1): 415 kB
Progress (1): 419 kB
Progress (1): 424 kB
Progress (1): 428 kB
Progress (1): 432 kB
Progress (1): 436 kB
Progress (1): 440 kB
Progress (1): 444 kB
Progress (1): 448 kB
Progress (1): 452 kB
Progress (1): 456 kB
Progress (1): 460 kB
Progress (1): 465 kB
Progress (1): 469 kB
Progress (1): 473 kB
Progress (1): 477 kB
Progress (1): 481 kB
Progress (1): 485 kB
Progress (1): 489 kB
Progress (1): 493 kB
Progress (1): 497 kB
Progress (1): 501 kB
Progress (1): 506 kB
Progress (1): 510 kB
Progress (1): 514 kB
Progress (1): 518 kB
Progress (1): 522 kB
Progress (1): 526 kB
Progress (1): 530 kB
Progress (1): 534 kB
Progress (1): 538 kB
Progress (1): 542 kB
Progress (1): 546 kB
Progress (1): 551 kB
Progress (1): 555 kB
Progress (1): 559 kB
Progress (1): 563 kB
Progress (1): 567 kB
Progress (1): 571 kB
Progress (1): 575 kB
Progress (1): 579 kB
Progress (1): 583 kB
Progress (1): 587 kB
Progress (1): 592 kB
Progress (1): 596 kB
Progress (1): 600 kB
Progress (1): 604 kB
Progress (1): 608 kB
Progress (1): 612 kB
Progress (1): 616 kB
Progress (1): 620 kB
Progress (1): 624 kB
Progress (1): 628 kB
Progress (1): 632 kB
Progress (1): 637 kB
Progress (1): 641 kB
Progress (1): 645 kB
Progress (1): 649 kB
Progress (1): 653 kB
Progress (1): 657 kB
Progress (1): 661 kB
Progress (1): 665 kB
Progress (1): 669 kB
Progress (1): 673 kB
Progress (1): 678 kB
Progress (1): 682 kB
Progress (1): 686 kB
Progress (1): 690 kB
Progress (1): 694 kB
Progress (1): 698 kB
Progress (1): 702 kB
Progress (1): 706 kB
Progress (1): 710 kB
Progress (1): 714 kB
Progress (1): 718 kB
Progress (1): 723 kB
Progress (1): 727 kB
Progress (1): 731 kB
Progress (1): 735 kB
Progress (1): 739 kB
Progress (1): 743 kB
Progress (1): 747 kB
Progress (1): 751 kB
Progress (1): 755 kB
Progress (1): 759 kB
Progress (1): 764 kB
Progress (1): 768 kB
Progress (1): 772 kB
Progress (1): 776 kB
Progress (1): 780 kB
Progress (1): 784 kB
Progress (1): 788 kB
Progress (1): 792 kB
Progress (1): 796 kB
Progress (1): 800 kB
Progress (1): 805 kB
Progress (1): 809 kB
Progress (1): 813 kB
Progress (1): 817 kB
Progress (1): 821 kB
Progress (1): 825 kB
Progress (1): 829 kB
Progress (1): 833 kB
Progress (1): 837 kB
Progress (1): 841 kB
Progress (1): 845 kB
Progress (1): 850 kB
Progress (1): 854 kB
Progress (1): 858 kB
Progress (1): 862 kB
Progress (1): 866 kB
Progress (1): 870 kB
Progress (1): 874 kB
Progress (1): 878 kB
Progress (1): 882 kB
Progress (1): 886 kB
Progress (1): 891 kB
Progress (1): 895 kB
Progress (1): 899 kB
Progress (1): 903 kB
Progress (1): 907 kB
Progress (1): 911 kB
Progress (1): 915 kB
Progress (1): 919 kB
Progress (1): 923 kB
Progress (1): 927 kB
Progress (1): 931 kB
Progress (1): 935 kB
Progress (1): 939 kB
Progress (1): 943 kB
Progress (1): 947 kB
Progress (1): 951 kB
Progress (1): 955 kB
Progress (1): 959 kB
Progress (1): 964 kB
Progress (1): 968 kB
Progress (1): 972 kB
Progress (1): 976 kB
Progress (1): 980 kB
Progress (1): 984 kB
Progress (1): 988 kB
Progress (1): 992 kB
Progress (1): 996 kB
Progress (1): 999 kB
Progress (1): 1.0 MB
Progress (1): 1.0 MB
Progress (1): 1.0 MB
Progress (1): 1.0 MB
Progress (1): 1.0 MB
Progress (1): 1.0 MB
Progress (1): 1.0 MB
Progress (1): 1.0 MB
Progress (1): 1.0 MB
Progress (1): 1.0 MB
Progress (1): 1.0 MB
Progress (1): 1.0 MB
Progress (1): 1.0 MB
Progress (1): 1.1 MB
Progress (1): 1.1 MB
Progress (1): 1.1 MB
Progress (1): 1.1 MB
Progress (1): 1.1 MB
Progress (1): 1.1 MB
Progress (1): 1.1 MB
Progress (1): 1.1 MB
Progress (1): 1.1 MB
Progress (1): 1.1 MB
Progress (1): 1.1 MB
Progress (1): 1.1 MB
Progress (1): 1.1 MB
Progress (1): 1.1 MB
Progress (1): 1.1 MB
Progress (1): 1.1 MB
Progress (1): 1.1 MB
Progress (1): 1.1 MB
Progress (1): 1.1 MB
Progress (1): 1.1 MB
Progress (1): 1.1 MB
Progress (1): 1.1 MB
Progress (1): 1.1 MB
Progress (1): 1.1 MB
Progress (1): 1.1 MB
Progress (1): 1.2 MB
Progress (1): 1.2 MB
Progress (1): 1.2 MB
Progress (1): 1.2 MB
Progress (1): 1.2 MB
Progress (1): 1.2 MB
Progress (1): 1.2 MB
Progress (1): 1.2 MB
Progress (1): 1.2 MB
Progress (1): 1.2 MB
Progress (1): 1.2 MB
Progress (1): 1.2 MB
Progress (1): 1.2 MB
Progress (1): 1.2 MB
Progress (1): 1.2 MB
Progress (1): 1.2 MB
Progress (1): 1.2 MB
Progress (1): 1.2 MB
Progress (1): 1.2 MB
Progress (1): 1.2 MB
Progress (1): 1.2 MB
Progress (1): 1.2 MB
Progress (1): 1.2 MB
Progress (1): 1.2 MB
Progress (1): 1.2 MB
Progress (1): 1.2 MB
Progress (1): 1.3 MB
Progress (1): 1.3 MB
Progress (1): 1.3 MB
Progress (1): 1.3 MB
Progress (1): 1.3 MB
Progress (1): 1.3 MB
Progress (1): 1.3 MB
Progress (1): 1.3 MB
Progress (1): 1.3 MB
Progress (1): 1.3 MB
Progress (1): 1.3 MB
Progress (1): 1.3 MB
Progress (1): 1.3 MB
Progress (1): 1.3 MB
Progress (1): 1.3 MB
Progress (1): 1.3 MB
Progress (1): 1.3 MB
Progress (1): 1.3 MB
Progress (1): 1.3 MB
Progress (1): 1.3 MB
Progress (1): 1.3 MB
Progress (1): 1.3 MB
Progress (1): 1.3 MB
Progress (1): 1.3 MB
Progress (1): 1.3 MB
Progress (1): 1.4 MB
Progress (1): 1.4 MB
Progress (1): 1.4 MB
Progress (1): 1.4 MB
Progress (1): 1.4 MB
Progress (1): 1.4 MB
Progress (1): 1.4 MB
Progress (1): 1.4 MB
Progress (1): 1.4 MB
Progress (1): 1.4 MB
Progress (1): 1.4 MB
Progress (1): 1.4 MB
Progress (1): 1.4 MB
Progress (1): 1.4 MB
Progress (1): 1.4 MB
Progress (1): 1.4 MB
Progress (1): 1.4 MB
Progress (1): 1.4 MB
Progress (1): 1.4 MB
Progress (1): 1.4 MB
Progress (1): 1.4 MB
Progress (1): 1.4 MB
Progress (1): 1.4 MB
Progress (1): 1.4 MB
Progress (1): 1.4 MB
Progress (1): 1.5 MB
Progress (1): 1.5 MB
Progress (1): 1.5 MB
Progress (1): 1.5 MB
Progress (1): 1.5 MB
Progress (1): 1.5 MB
Progress (1): 1.5 MB
Progress (1): 1.5 MB
Progress (1): 1.5 MB
Progress (1): 1.5 MB
Progress (1): 1.5 MB
Progress (1): 1.5 MB
Progress (1): 1.5 MB
Progress (1): 1.5 MB
Progress (1): 1.5 MB
Progress (1): 1.5 MB
Progress (2): 1.5 MB | 3.8 kB
Progress (2): 1.5 MB | 7.9 kB
Progress (2): 1.5 MB | 12 kB 
Progress (2): 1.5 MB | 15 kB
Progress (2): 1.5 MB | 19 kB
Progress (2): 1.5 MB | 23 kB
Progress (2): 1.5 MB | 27 kB
Progress (2): 1.5 MB | 31 kB
Progress (2): 1.5 MB | 35 kB
Progress (2): 1.5 MB | 39 kB
Progress (2): 1.5 MB | 43 kB
Progress (2): 1.5 MB | 46 kB
Progress (2): 1.5 MB | 49 kB
Progress (2): 1.5 MB | 53 kB
Progress (2): 1.5 MB | 56 kB
Progress (2): 1.5 MB | 60 kB
Progress (2): 1.5 MB | 64 kB
Progress (2): 1.5 MB | 68 kB
Progress (2): 1.5 MB | 72 kB
Progress (2): 1.5 MB | 76 kB
Progress (2): 1.5 MB | 80 kB
Progress (2): 1.5 MB | 84 kB
Progress (2): 1.5 MB | 89 kB
Progress (2): 1.5 MB | 93 kB
Progress (2): 1.5 MB | 97 kB
Progress (2): 1.5 MB | 101 kB
Progress (2): 1.5 MB | 105 kB
Progress (2): 1.5 MB | 109 kB
Progress (2): 1.5 MB | 113 kB
Progress (2): 1.5 MB | 117 kB
Progress (2): 1.5 MB | 121 kB
Progress (2): 1.5 MB | 125 kB
Progress (2): 1.5 MB | 130 kB
Progress (2): 1.5 MB | 134 kB
Progress (2): 1.5 MB | 138 kB
Progress (2): 1.5 MB | 142 kB
Progress (2): 1.5 MB | 146 kB
Progress (2): 1.5 MB | 150 kB
Progress (2): 1.5 MB | 154 kB
Progress (2): 1.5 MB | 158 kB
Progress (2): 1.5 MB | 162 kB
Progress (2): 1.5 MB | 166 kB
Progress (2): 1.5 MB | 170 kB
Progress (2): 1.5 MB | 175 kB
Progress (2): 1.5 MB | 179 kB
Progress (2): 1.5 MB | 183 kB
Progress (2): 1.5 MB | 187 kB
Progress (2): 1.5 MB | 191 kB
Progress (2): 1.5 MB | 195 kB
Progress (2): 1.5 MB | 199 kB
Progress (2): 1.5 MB | 203 kB
Progress (3): 1.5 MB | 203 kB | 4.0 kB
Progress (3): 1.5 MB | 207 kB | 4.0 kB
Progress (3): 1.5 MB | 211 kB | 4.0 kB
Progress (3): 1.5 MB | 216 kB | 4.0 kB
Progress (3): 1.5 MB | 220 kB | 4.0 kB
Progress (3): 1.5 MB | 224 kB | 4.0 kB
Progress (3): 1.5 MB | 228 kB | 4.0 kB
Progress (3): 1.5 MB | 232 kB | 4.0 kB
Progress (3): 1.5 MB | 236 kB | 4.0 kB
Progress (3): 1.5 MB | 240 kB | 4.0 kB
Progress (3): 1.5 MB | 240 kB | 8.1 kB
Progress (3): 1.5 MB | 240 kB | 12 kB 
Progress (3): 1.5 MB | 240 kB | 16 kB
Progress (3): 1.5 MB | 240 kB | 20 kB
Progress (3): 1.5 MB | 240 kB | 24 kB
Progress (3): 1.5 MB | 240 kB | 26 kB
Progress (3): 1.5 MB | 244 kB | 26 kB
Progress (3): 1.5 MB | 244 kB | 30 kB
Progress (3): 1.5 MB | 248 kB | 30 kB
Progress (3): 1.5 MB | 252 kB | 30 kB
Progress (3): 1.5 MB | 257 kB | 30 kB
Progress (3): 1.5 MB | 261 kB | 30 kB
Progress (3): 1.5 MB | 265 kB | 30 kB
Progress (3): 1.5 MB | 269 kB | 30 kB
Progress (3): 1.5 MB | 273 kB | 30 kB
Progress (3): 1.5 MB | 277 kB | 30 kB
Progress (3): 1.5 MB | 281 kB | 30 kB
Progress (3): 1.5 MB | 285 kB | 30 kB
Progress (3): 1.5 MB | 289 kB | 30 kB
Progress (3): 1.5 MB | 293 kB | 30 kB
Progress (3): 1.5 MB | 297 kB | 30 kB
Progress (3): 1.5 MB | 302 kB | 30 kB
Progress (3): 1.5 MB | 306 kB | 30 kB
Progress (3): 1.5 MB | 310 kB | 30 kB
Progress (3): 1.5 MB | 314 kB | 30 kB
Progress (3): 1.5 MB | 318 kB | 30 kB
Progress (3): 1.5 MB | 322 kB | 30 kB
Progress (3): 1.5 MB | 326 kB | 30 kB
Progress (3): 1.5 MB | 330 kB | 30 kB
Progress (3): 1.5 MB | 334 kB | 30 kB
Progress (3): 1.5 MB | 338 kB | 30 kB
Progress (3): 1.5 MB | 343 kB | 30 kB
Progress (3): 1.5 MB | 347 kB | 30 kB
Progress (3): 1.5 MB | 351 kB | 30 kB
Progress (3): 1.5 MB | 355 kB | 30 kB
Progress (3): 1.5 MB | 359 kB | 30 kB
Progress (3): 1.5 MB | 363 kB | 30 kB
Progress (3): 1.5 MB | 367 kB | 30 kB
Progress (3): 1.5 MB | 371 kB | 30 kB
Progress (3): 1.5 MB | 375 kB | 30 kB
Progress (3): 1.5 MB | 379 kB | 30 kB
Progress (3): 1.5 MB | 383 kB | 30 kB
Progress (3): 1.5 MB | 388 kB | 30 kB
Progress (3): 1.5 MB | 392 kB | 30 kB
Progress (3): 1.5 MB | 396 kB | 30 kB
Progress (3): 1.5 MB | 400 kB | 30 kB
Progress (3): 1.5 MB | 404 kB | 30 kB
Progress (4): 1.5 MB | 404 kB | 30 kB | 4.0 kB
Progress (4): 1.5 MB | 404 kB | 30 kB | 8.1 kB
Progress (4): 1.5 MB | 408 kB | 30 kB | 8.1 kB
Progress (4): 1.5 MB | 408 kB | 30 kB | 12 kB 
Progress (4): 1.5 MB | 412 kB | 30 kB | 12 kB
Progress (4): 1.5 MB | 412 kB | 30 kB | 15 kB
Progress (4): 1.5 MB | 412 kB | 30 kB | 18 kB
Progress (4): 1.5 MB | 416 kB | 30 kB | 18 kB
Progress (4): 1.5 MB | 416 kB | 30 kB | 22 kB
Progress (4): 1.5 MB | 416 kB | 30 kB | 25 kB
Progress (4): 1.5 MB | 416 kB | 30 kB | 28 kB
Progress (4): 1.5 MB | 416 kB | 30 kB | 32 kB
Progress (4): 1.5 MB | 420 kB | 30 kB | 32 kB
Progress (4): 1.5 MB | 420 kB | 34 kB | 32 kB
Progress (4): 1.5 MB | 424 kB | 34 kB | 32 kB
Progress (4): 1.5 MB | 429 kB | 34 kB | 32 kB
Progress (4): 1.5 MB | 433 kB | 34 kB | 32 kB
Progress (4): 1.5 MB | 437 kB | 34 kB | 32 kB
Progress (4): 1.5 MB | 441 kB | 34 kB | 32 kB
Progress (4): 1.5 MB | 445 kB | 34 kB | 32 kB
Progress (4): 1.5 MB | 449 kB | 34 kB | 32 kB
Progress (4): 1.5 MB | 453 kB | 34 kB | 32 kB
Progress (4): 1.5 MB | 457 kB | 34 kB | 32 kB
Progress (4): 1.5 MB | 461 kB | 34 kB | 32 kB
Progress (4): 1.5 MB | 465 kB | 34 kB | 32 kB
Progress (4): 1.5 MB | 469 kB | 34 kB | 32 kB
Progress (4): 1.5 MB | 474 kB | 34 kB | 32 kB
Progress (4): 1.5 MB | 478 kB | 34 kB | 32 kB
Progress (4): 1.5 MB | 482 kB | 34 kB | 32 kB
Progress (4): 1.5 MB | 486 kB | 34 kB | 32 kB
Progress (4): 1.5 MB | 490 kB | 34 kB | 32 kB
                                             
Downloaded from aiban-tianyin-core: https://aiban-maven.pkg.coding.net/repository/tianyin/core/org/jetbrains/kotlin/kotlin-stdlib/1.6.21/kotlin-stdlib-1.6.21.jar (1.5 MB at 1.8 MB/s)
Progress (3): 494 kB | 34 kB | 32 kB
                                    
Downloading from aiban-tianyin-core: https://aiban-maven.pkg.coding.net/repository/tianyin/core/org/jetbrains/kotlin/kotlin-stdlib-jdk8/1.6.21/kotlin-stdlib-jdk8-1.6.21.jar
Progress (3): 498 kB | 34 kB | 32 kB
Progress (3): 498 kB | 38 kB | 32 kB
Progress (3): 498 kB | 41 kB | 32 kB
Progress (3): 498 kB | 43 kB | 32 kB
Progress (3): 498 kB | 46 kB | 32 kB
Progress (3): 498 kB | 50 kB | 32 kB
Progress (3): 498 kB | 54 kB | 32 kB
Progress (3): 498 kB | 58 kB | 32 kB
Progress (3): 498 kB | 62 kB | 32 kB
Progress (3): 502 kB | 62 kB | 32 kB
Progress (3): 502 kB | 66 kB | 32 kB
Progress (3): 506 kB | 66 kB | 32 kB
Progress (3): 506 kB | 70 kB | 32 kB
Progress (3): 510 kB | 70 kB | 32 kB
Progress (3): 510 kB | 74 kB | 32 kB
Progress (3): 515 kB | 74 kB | 32 kB
Progress (3): 519 kB | 74 kB | 32 kB
Progress (3): 523 kB | 74 kB | 32 kB
Progress (3): 527 kB | 74 kB | 32 kB
Progress (3): 531 kB | 74 kB | 32 kB
Progress (3): 531 kB | 79 kB | 32 kB
Progress (3): 535 kB | 79 kB | 32 kB
Progress (3): 535 kB | 83 kB | 32 kB
Progress (3): 539 kB | 83 kB | 32 kB
Progress (3): 543 kB | 83 kB | 32 kB
Progress (3): 547 kB | 83 kB | 32 kB
Progress (3): 551 kB | 83 kB | 32 kB
Progress (3): 555 kB | 83 kB | 32 kB
Progress (3): 560 kB | 83 kB | 32 kB
Progress (3): 564 kB | 83 kB | 32 kB
Progress (3): 568 kB | 83 kB | 32 kB
Progress (3): 572 kB | 83 kB | 32 kB
Progress (3): 576 kB | 83 kB | 32 kB
Progress (3): 580 kB | 83 kB | 32 kB
Progress (3): 584 kB | 83 kB | 32 kB
Progress (3): 588 kB | 83 kB | 32 kB
Progress (3): 592 kB | 83 kB | 32 kB
Progress (3): 596 kB | 83 kB | 32 kB
Progress (3): 601 kB | 83 kB | 32 kB
Progress (3): 605 kB | 83 kB | 32 kB
Progress (3): 609 kB | 83 kB | 32 kB
Progress (3): 613 kB | 83 kB | 32 kB
Progress (3): 617 kB | 83 kB | 32 kB
Progress (3): 621 kB | 83 kB | 32 kB
Progress (3): 625 kB | 83 kB | 32 kB
Progress (3): 629 kB | 83 kB | 32 kB
Progress (3): 633 kB | 83 kB | 32 kB
Progress (3): 637 kB | 83 kB | 32 kB
Progress (3): 641 kB | 83 kB | 32 kB
Progress (3): 646 kB | 83 kB | 32 kB
Progress (3): 650 kB | 83 kB | 32 kB
Progress (3): 654 kB | 83 kB | 32 kB
Progress (3): 658 kB | 83 kB | 32 kB
Progress (3): 662 kB | 83 kB | 32 kB
Progress (3): 666 kB | 83 kB | 32 kB
Progress (3): 670 kB | 83 kB | 32 kB
Progress (3): 674 kB | 83 kB | 32 kB
Progress (3): 678 kB | 83 kB | 32 kB
Progress (3): 682 kB | 83 kB | 32 kB
Progress (3): 687 kB | 83 kB | 32 kB
Progress (3): 691 kB | 83 kB | 32 kB
Progress (3): 695 kB | 83 kB | 32 kB
Progress (3): 699 kB | 83 kB | 32 kB
Progress (3): 703 kB | 83 kB | 32 kB
Progress (3): 707 kB | 83 kB | 32 kB
Progress (3): 711 kB | 83 kB | 32 kB
Progress (3): 715 kB | 83 kB | 32 kB
Progress (3): 719 kB | 83 kB | 32 kB
Progress (3): 723 kB | 83 kB | 32 kB
Progress (3): 727 kB | 83 kB | 32 kB
Progress (3): 732 kB | 83 kB | 32 kB
Progress (3): 736 kB | 83 kB | 32 kB
Progress (3): 740 kB | 83 kB | 32 kB
Progress (3): 744 kB | 83 kB | 32 kB
Progress (3): 748 kB | 83 kB | 32 kB
Progress (3): 752 kB | 83 kB | 32 kB
Progress (3): 756 kB | 83 kB | 32 kB
Progress (3): 760 kB | 83 kB | 32 kB
Progress (3): 764 kB | 83 kB | 32 kB
Progress (3): 768 kB | 83 kB | 32 kB
Progress (3): 772 kB | 83 kB | 32 kB
Progress (3): 777 kB | 83 kB | 32 kB
Progress (3): 781 kB | 83 kB | 32 kB
Progress (3): 785 kB | 83 kB | 32 kB
Progress (3): 789 kB | 83 kB | 32 kB
Progress (3): 793 kB | 83 kB | 32 kB
Progress (3): 797 kB | 83 kB | 32 kB
Progress (3): 801 kB | 83 kB | 32 kB
Progress (3): 805 kB | 83 kB | 32 kB
Progress (3): 809 kB | 83 kB | 32 kB
Progress (3): 809 kB | 83 kB | 36 kB
Progress (3): 813 kB | 83 kB | 36 kB
Progress (3): 818 kB | 83 kB | 36 kB
Progress (3): 822 kB | 83 kB | 36 kB
Progress (3): 826 kB | 83 kB | 36 kB
Progress (3): 826 kB | 83 kB | 39 kB
Progress (3): 826 kB | 83 kB | 42 kB
Progress (3): 826 kB | 83 kB | 46 kB
Progress (3): 826 kB | 83 kB | 50 kB
Progress (3): 826 kB | 83 kB | 54 kB
Progress (3): 826 kB | 83 kB | 58 kB
Progress (3): 826 kB | 83 kB | 62 kB
Progress (3): 826 kB | 83 kB | 66 kB
Progress (3): 826 kB | 83 kB | 70 kB
Progress (3): 826 kB | 83 kB | 74 kB
Progress (3): 826 kB | 83 kB | 79 kB
Progress (3): 826 kB | 83 kB | 83 kB
Progress (3): 826 kB | 83 kB | 87 kB
Progress (3): 830 kB | 83 kB | 87 kB
Progress (3): 830 kB | 87 kB | 87 kB
Progress (3): 834 kB | 87 kB | 87 kB
Progress (3): 838 kB | 87 kB | 87 kB
Progress (3): 842 kB | 87 kB | 87 kB
Progress (3): 846 kB | 87 kB | 87 kB
Progress (3): 850 kB | 87 kB | 87 kB
Progress (3): 854 kB | 87 kB | 87 kB
Progress (3): 859 kB | 87 kB | 87 kB
Progress (3): 863 kB | 87 kB | 87 kB
Progress (3): 867 kB | 87 kB | 87 kB
Progress (3): 871 kB | 87 kB | 87 kB
Progress (3): 871 kB | 91 kB | 87 kB
Progress (3): 875 kB | 91 kB | 87 kB
Progress (3): 879 kB | 91 kB | 87 kB
Progress (3): 883 kB | 91 kB | 87 kB
Progress (3): 887 kB | 91 kB | 87 kB
Progress (3): 891 kB | 91 kB | 87 kB
Progress (3): 895 kB | 91 kB | 87 kB
Progress (3): 899 kB | 91 kB | 87 kB
Progress (3): 904 kB | 91 kB | 87 kB
Progress (3): 904 kB | 95 kB | 87 kB
Progress (3): 907 kB | 95 kB | 87 kB
Progress (3): 907 kB | 99 kB | 87 kB
Progress (3): 907 kB | 103 kB | 87 kB
Progress (3): 907 kB | 107 kB | 87 kB
Progress (3): 907 kB | 111 kB | 87 kB
Progress (3): 907 kB | 115 kB | 87 kB
Progress (3): 907 kB | 119 kB | 87 kB
Progress (3): 907 kB | 124 kB | 87 kB
Progress (3): 907 kB | 128 kB | 87 kB
Progress (3): 907 kB | 132 kB | 87 kB
Progress (3): 907 kB | 136 kB | 87 kB
Progress (3): 907 kB | 140 kB | 87 kB
Progress (3): 907 kB | 144 kB | 87 kB
Progress (3): 907 kB | 148 kB | 87 kB
Progress (3): 907 kB | 152 kB | 87 kB
Progress (3): 907 kB | 156 kB | 87 kB
Progress (3): 907 kB | 160 kB | 87 kB
Progress (3): 907 kB | 165 kB | 87 kB
Progress (3): 907 kB | 169 kB | 87 kB
Progress (3): 907 kB | 173 kB | 87 kB
Progress (3): 907 kB | 177 kB | 87 kB
Progress (3): 907 kB | 181 kB | 87 kB
Progress (3): 907 kB | 185 kB | 87 kB
Progress (3): 907 kB | 189 kB | 87 kB
Progress (3): 907 kB | 189 kB | 91 kB
Progress (3): 907 kB | 189 kB | 95 kB
Progress (3): 907 kB | 189 kB | 99 kB
Progress (3): 907 kB | 189 kB | 103 kB
Progress (3): 907 kB | 189 kB | 107 kB
Progress (3): 907 kB | 189 kB | 111 kB
Progress (3): 907 kB | 189 kB | 115 kB
Progress (3): 907 kB | 189 kB | 120 kB
Progress (3): 907 kB | 189 kB | 124 kB
Progress (3): 907 kB | 189 kB | 128 kB
Progress (3): 907 kB | 189 kB | 132 kB
Progress (3): 907 kB | 189 kB | 136 kB
Progress (3): 907 kB | 189 kB | 140 kB
Progress (3): 907 kB | 189 kB | 144 kB
Progress (3): 907 kB | 189 kB | 148 kB
Progress (3): 907 kB | 189 kB | 152 kB
Progress (3): 907 kB | 189 kB | 156 kB
Progress (3): 907 kB | 189 kB | 160 kB
Progress (3): 907 kB | 189 kB | 165 kB
Progress (3): 907 kB | 189 kB | 167 kB
Progress (3): 907 kB | 193 kB | 167 kB
Progress (3): 907 kB | 197 kB | 167 kB
Progress (3): 907 kB | 201 kB | 167 kB
Progress (3): 907 kB | 205 kB | 167 kB
Progress (3): 907 kB | 210 kB | 167 kB
Progress (3): 907 kB | 214 kB | 167 kB
Progress (3): 907 kB | 218 kB | 167 kB
Progress (3): 907 kB | 222 kB | 167 kB
Progress (3): 907 kB | 226 kB | 167 kB
Progress (3): 907 kB | 230 kB | 167 kB
Progress (3): 907 kB | 234 kB | 167 kB
Progress (3): 907 kB | 238 kB | 167 kB
Progress (3): 907 kB | 242 kB | 167 kB
Progress (3): 907 kB | 246 kB | 167 kB
Progress (3): 907 kB | 251 kB | 167 kB
Progress (3): 907 kB | 255 kB | 167 kB
Progress (3): 907 kB | 259 kB | 167 kB
Progress (3): 907 kB | 263 kB | 167 kB
Progress (3): 907 kB | 267 kB | 167 kB
Progress (3): 907 kB | 271 kB | 167 kB
Progress (3): 907 kB | 275 kB | 167 kB
Progress (3): 907 kB | 279 kB | 167 kB
Progress (3): 907 kB | 283 kB | 167 kB
Progress (3): 907 kB | 287 kB | 167 kB
Progress (3): 907 kB | 291 kB | 167 kB
Progress (3): 907 kB | 296 kB | 167 kB
Progress (3): 907 kB | 300 kB | 167 kB
Progress (3): 907 kB | 304 kB | 167 kB
Progress (3): 907 kB | 308 kB | 167 kB
Progress (3): 907 kB | 312 kB | 167 kB
Progress (3): 907 kB | 316 kB | 167 kB
Progress (3): 907 kB | 320 kB | 167 kB
Progress (4): 907 kB | 320 kB | 167 kB | 2.6 kB
Progress (5): 907 kB | 320 kB | 167 kB | 2.6 kB | 4.1 kB
Progress (5): 907 kB | 320 kB | 167 kB | 2.6 kB | 8.2 kB
Progress (5): 907 kB | 320 kB | 167 kB | 5.4 kB | 8.2 kB
Progress (5): 907 kB | 320 kB | 167 kB | 5.4 kB | 12 kB 
Progress (5): 907 kB | 320 kB | 167 kB | 9.5 kB | 12 kB
Progress (5): 907 kB | 320 kB | 167 kB | 13 kB | 12 kB 
Progress (5): 907 kB | 320 kB | 167 kB | 17 kB | 12 kB
Progress (5): 907 kB | 320 kB | 167 kB | 18 kB | 12 kB
Progress (5): 907 kB | 320 kB | 167 kB | 18 kB | 16 kB
Progress (5): 907 kB | 320 kB | 167 kB | 18 kB | 20 kB
Progress (5): 907 kB | 320 kB | 167 kB | 18 kB | 24 kB
Progress (5): 907 kB | 320 kB | 167 kB | 18 kB | 28 kB
Progress (5): 907 kB | 320 kB | 167 kB | 18 kB | 32 kB
Progress (5): 907 kB | 320 kB | 167 kB | 18 kB | 36 kB
Progress (5): 907 kB | 320 kB | 167 kB | 18 kB | 39 kB
Progress (5): 907 kB | 320 kB | 167 kB | 18 kB | 43 kB
Progress (5): 907 kB | 320 kB | 167 kB | 18 kB | 46 kB
Progress (5): 907 kB | 320 kB | 167 kB | 18 kB | 48 kB
Progress (5): 907 kB | 320 kB | 167 kB | 18 kB | 53 kB
Progress (5): 907 kB | 320 kB | 167 kB | 18 kB | 56 kB
Progress (5): 907 kB | 320 kB | 167 kB | 18 kB | 60 kB
Progress (5): 907 kB | 320 kB | 167 kB | 18 kB | 64 kB
Progress (5): 907 kB | 320 kB | 167 kB | 18 kB | 68 kB
Progress (5): 907 kB | 320 kB | 167 kB | 18 kB | 72 kB
Progress (5): 907 kB | 320 kB | 167 kB | 18 kB | 76 kB
Progress (5): 907 kB | 320 kB | 167 kB | 18 kB | 80 kB
Progress (5): 907 kB | 320 kB | 167 kB | 18 kB | 84 kB
Progress (5): 907 kB | 320 kB | 167 kB | 18 kB | 88 kB
Progress (5): 907 kB | 320 kB | 167 kB | 18 kB | 92 kB
Progress (5): 907 kB | 320 kB | 167 kB | 18 kB | 97 kB
Progress (5): 907 kB | 320 kB | 167 kB | 18 kB | 101 kB
Progress (5): 907 kB | 320 kB | 167 kB | 18 kB | 105 kB
Progress (5): 907 kB | 320 kB | 167 kB | 18 kB | 109 kB
Progress (5): 907 kB | 320 kB | 167 kB | 18 kB | 113 kB
Progress (5): 907 kB | 320 kB | 167 kB | 18 kB | 117 kB
Progress (5): 907 kB | 320 kB | 167 kB | 18 kB | 121 kB
Progress (5): 907 kB | 320 kB | 167 kB | 18 kB | 125 kB
Progress (5): 907 kB | 320 kB | 167 kB | 18 kB | 129 kB
Progress (5): 907 kB | 320 kB | 167 kB | 18 kB | 133 kB
Progress (5): 907 kB | 320 kB | 167 kB | 18 kB | 137 kB
Progress (5): 907 kB | 320 kB | 167 kB | 18 kB | 142 kB
Progress (5): 907 kB | 320 kB | 167 kB | 18 kB | 146 kB
Progress (5): 907 kB | 320 kB | 167 kB | 18 kB | 150 kB
Progress (5): 907 kB | 320 kB | 167 kB | 18 kB | 154 kB
Progress (5): 907 kB | 320 kB | 167 kB | 18 kB | 158 kB
Progress (5): 907 kB | 320 kB | 167 kB | 18 kB | 162 kB
Progress (5): 907 kB | 320 kB | 167 kB | 18 kB | 166 kB
Progress (5): 907 kB | 320 kB | 167 kB | 18 kB | 170 kB
Progress (5): 907 kB | 320 kB | 167 kB | 18 kB | 174 kB
Progress (5): 907 kB | 320 kB | 167 kB | 18 kB | 178 kB
Progress (5): 907 kB | 320 kB | 167 kB | 18 kB | 183 kB
Progress (5): 907 kB | 320 kB | 167 kB | 18 kB | 187 kB
Progress (5): 907 kB | 320 kB | 167 kB | 18 kB | 191 kB
Progress (5): 907 kB | 320 kB | 167 kB | 18 kB | 195 kB
Progress (5): 907 kB | 320 kB | 167 kB | 18 kB | 199 kB
Progress (5): 907 kB | 320 kB | 167 kB | 18 kB | 203 kB
Progress (5): 907 kB | 320 kB | 167 kB | 18 kB | 207 kB
Progress (5): 907 kB | 320 kB | 167 kB | 18 kB | 211 kB
Progress (5): 907 kB | 320 kB | 167 kB | 18 kB | 215 kB
Progress (5): 907 kB | 320 kB | 167 kB | 18 kB | 219 kB
Progress (5): 907 kB | 320 kB | 167 kB | 18 kB | 224 kB
Progress (5): 907 kB | 320 kB | 167 kB | 18 kB | 228 kB
Progress (5): 907 kB | 320 kB | 167 kB | 18 kB | 232 kB
Progress (5): 907 kB | 320 kB | 167 kB | 18 kB | 236 kB
Progress (5): 907 kB | 320 kB | 167 kB | 18 kB | 240 kB
Progress (5): 907 kB | 320 kB | 167 kB | 18 kB | 244 kB
Progress (5): 907 kB | 320 kB | 167 kB | 18 kB | 248 kB
Progress (5): 907 kB | 320 kB | 167 kB | 18 kB | 252 kB
Progress (5): 907 kB | 320 kB | 167 kB | 18 kB | 256 kB
Progress (5): 907 kB | 320 kB | 167 kB | 18 kB | 260 kB
Progress (5): 907 kB | 320 kB | 167 kB | 18 kB | 264 kB
Progress (5): 907 kB | 320 kB | 167 kB | 18 kB | 269 kB
Progress (5): 907 kB | 320 kB | 167 kB | 18 kB | 273 kB
Progress (5): 907 kB | 320 kB | 167 kB | 18 kB | 277 kB
Progress (5): 907 kB | 320 kB | 167 kB | 18 kB | 281 kB
Progress (5): 907 kB | 320 kB | 167 kB | 18 kB | 285 kB
Progress (5): 907 kB | 320 kB | 167 kB | 18 kB | 289 kB
Progress (5): 907 kB | 320 kB | 167 kB | 18 kB | 293 kB
Progress (5): 907 kB | 320 kB | 167 kB | 18 kB | 297 kB
Progress (5): 907 kB | 320 kB | 167 kB | 18 kB | 301 kB
Progress (5): 907 kB | 320 kB | 167 kB | 18 kB | 305 kB
Progress (5): 907 kB | 320 kB | 167 kB | 18 kB | 310 kB
Progress (5): 907 kB | 320 kB | 167 kB | 18 kB | 314 kB
Progress (5): 907 kB | 320 kB | 167 kB | 18 kB | 318 kB
Progress (5): 907 kB | 320 kB | 167 kB | 18 kB | 322 kB
Progress (5): 907 kB | 320 kB | 167 kB | 18 kB | 326 kB
Progress (5): 907 kB | 320 kB | 167 kB | 18 kB | 330 kB
Progress (5): 907 kB | 320 kB | 167 kB | 18 kB | 334 kB
Progress (5): 907 kB | 320 kB | 167 kB | 18 kB | 338 kB
Progress (5): 907 kB | 320 kB | 167 kB | 18 kB | 342 kB
Progress (5): 907 kB | 320 kB | 167 kB | 18 kB | 346 kB
Progress (5): 907 kB | 320 kB | 167 kB | 18 kB | 350 kB
Progress (5): 907 kB | 320 kB | 167 kB | 18 kB | 355 kB
Progress (5): 907 kB | 320 kB | 167 kB | 18 kB | 359 kB
Progress (5): 907 kB | 320 kB | 167 kB | 18 kB | 363 kB
Progress (5): 907 kB | 320 kB | 167 kB | 18 kB | 367 kB
Progress (5): 907 kB | 320 kB | 167 kB | 18 kB | 371 kB
Progress (5): 907 kB | 320 kB | 167 kB | 18 kB | 375 kB
Progress (5): 907 kB | 320 kB | 167 kB | 18 kB | 379 kB
Progress (5): 907 kB | 320 kB | 167 kB | 18 kB | 383 kB
Progress (5): 907 kB | 320 kB | 167 kB | 18 kB | 387 kB
Progress (5): 907 kB | 320 kB | 167 kB | 18 kB | 391 kB
Progress (5): 907 kB | 320 kB | 167 kB | 18 kB | 396 kB
Progress (5): 907 kB | 320 kB | 167 kB | 18 kB | 400 kB
Progress (5): 907 kB | 320 kB | 167 kB | 18 kB | 404 kB
Progress (5): 907 kB | 320 kB | 167 kB | 18 kB | 408 kB
Progress (5): 907 kB | 320 kB | 167 kB | 18 kB | 412 kB
Progress (5): 907 kB | 320 kB | 167 kB | 18 kB | 416 kB
Progress (5): 907 kB | 320 kB | 167 kB | 18 kB | 420 kB
Progress (5): 907 kB | 320 kB | 167 kB | 18 kB | 422 kB
                                                       
Downloaded from aiban-tianyin-core: https://aiban-maven.pkg.coding.net/repository/tianyin/core/org/jetbrains/kotlin/kotlin-stdlib-jdk8/1.6.21/kotlin-stdlib-jdk8-1.6.21.jar (18 kB at 17 kB/s)
Downloading from aiban-tianyin-core: https://aiban-maven.pkg.coding.net/repository/tianyin/core/org/apache/logging/log4j/log4j-jcl/2.17.2/log4j-jcl-2.17.2.jar
Downloaded from aiban-tianyin-core: https://aiban-maven.pkg.coding.net/repository/tianyin/core/com/sun/xml/bind/external/rngom/2.3.6/rngom-2.3.6.jar (320 kB at 283 kB/s)
Downloading from aiban-tianyin-core: https://aiban-maven.pkg.coding.net/repository/tianyin/core/org/apache/logging/log4j/log4j-api/2.17.2/log4j-api-2.17.2.jar
Downloaded from aiban-tianyin-core: https://aiban-maven.pkg.coding.net/repository/tianyin/core/org/glassfish/jaxb/jaxb-xjc/2.3.6/jaxb-xjc-2.3.6.jar (907 kB at 778 kB/s)
Downloading from aiban-tianyin-core: https://aiban-maven.pkg.coding.net/repository/tianyin/core/org/springframework/spring-web/5.3.20/spring-web-5.3.20.jar
Progress (3): 167 kB | 422 kB | 4.0 kB
Progress (3): 167 kB | 422 kB | 8.1 kB
Progress (3): 167 kB | 422 kB | 12 kB 
Progress (3): 167 kB | 422 kB | 13 kB
                                     
Downloaded from aiban-tianyin-core: https://aiban-maven.pkg.coding.net/repository/tianyin/core/org/glassfish/jaxb/codemodel/2.3.6/codemodel-2.3.6.jar (167 kB at 125 kB/s)
Downloaded from aiban-tianyin-core: https://aiban-maven.pkg.coding.net/repository/tianyin/core/org/glassfish/jaxb/xsom/2.3.6/xsom-2.3.6.jar (422 kB at 314 kB/s)
Downloaded from aiban-tianyin-core: https://aiban-maven.pkg.coding.net/repository/tianyin/core/org/apache/logging/log4j/log4j-api/2.17.2/log4j-api-2.17.2.jar (0 B at 0 B/s)
Progress (2): 13 kB | 2.6 kB
Progress (2): 13 kB | 6.7 kB
Progress (2): 13 kB | 11 kB 
Progress (2): 13 kB | 13 kB
Progress (2): 13 kB | 18 kB
Progress (2): 13 kB | 22 kB
Progress (2): 13 kB | 26 kB
                           
Downloaded from aiban-tianyin-core: https://aiban-maven.pkg.coding.net/repository/tianyin/core/org/apache/logging/log4j/log4j-jcl/2.17.2/log4j-jcl-2.17.2.jar (13 kB at 9.3 kB/s)
Progress (1): 30 kB
Progress (1): 34 kB
Progress (1): 36 kB
Progress (1): 39 kB
Progress (1): 42 kB
Progress (1): 45 kB
Progress (1): 49 kB
Progress (1): 53 kB
Progress (1): 57 kB
Progress (1): 61 kB
Progress (1): 64 kB
Progress (1): 67 kB
Progress (1): 70 kB
Progress (1): 74 kB
Progress (1): 78 kB
Progress (1): 82 kB
Progress (1): 86 kB
Progress (1): 90 kB
Progress (1): 94 kB
Progress (1): 97 kB
Progress (1): 100 kB
Progress (1): 104 kB
Progress (1): 106 kB
Progress (1): 109 kB
Progress (1): 113 kB
Progress (1): 117 kB
Progress (1): 121 kB
Progress (1): 126 kB
Progress (1): 128 kB
Progress (1): 131 kB
Progress (1): 135 kB
Progress (1): 137 kB
Progress (1): 141 kB
Progress (1): 145 kB
Progress (1): 149 kB
Progress (1): 153 kB
Progress (1): 157 kB
Progress (1): 160 kB
Progress (1): 163 kB
Progress (1): 166 kB
Progress (1): 170 kB
Progress (1): 173 kB
Progress (1): 177 kB
Progress (1): 181 kB
Progress (1): 185 kB
Progress (1): 189 kB
Progress (1): 193 kB
Progress (1): 197 kB
Progress (1): 200 kB
Progress (1): 202 kB
Progress (1): 206 kB
Progress (1): 209 kB
Progress (1): 212 kB
Progress (1): 215 kB
Progress (1): 219 kB
Progress (1): 223 kB
Progress (1): 227 kB
Progress (1): 230 kB
Progress (1): 233 kB
Progress (1): 237 kB
Progress (1): 240 kB
Progress (1): 244 kB
Progress (1): 248 kB
Progress (1): 252 kB
Progress (1): 255 kB
Progress (1): 258 kB
Progress (1): 261 kB
Progress (1): 264 kB
Progress (1): 267 kB
Progress (1): 269 kB
Progress (1): 273 kB
Progress (1): 276 kB
Progress (1): 280 kB
Progress (1): 283 kB
Progress (1): 286 kB
Progress (1): 289 kB
Progress (1): 293 kB
Progress (1): 297 kB
Progress (1): 301 kB
Progress (1): 305 kB
Progress (1): 307 kB
Progress (1): 310 kB
Progress (1): 313 kB
Progress (1): 317 kB
Progress (1): 321 kB
Progress (1): 325 kB
Progress (1): 329 kB
Progress (1): 332 kB
Progress (1): 335 kB
Progress (1): 338 kB
Progress (1): 341 kB
Progress (1): 344 kB
Progress (1): 346 kB
Progress (1): 350 kB
Progress (1): 353 kB
Progress (1): 356 kB
Progress (1): 360 kB
Progress (1): 363 kB
Progress (1): 366 kB
Progress (1): 368 kB
Progress (1): 371 kB
Progress (1): 375 kB
Progress (1): 379 kB
Progress (1): 384 kB
Progress (1): 387 kB
Progress (1): 389 kB
Progress (1): 393 kB
Progress (1): 396 kB
Progress (1): 399 kB
Progress (1): 402 kB
Progress (1): 406 kB
Progress (1): 410 kB
Progress (1): 414 kB
Progress (1): 417 kB
Progress (1): 420 kB
Progress (1): 423 kB
Progress (1): 426 kB
Progress (1): 429 kB
Progress (1): 431 kB
Progress (1): 436 kB
Progress (1): 440 kB
Progress (1): 443 kB
Progress (1): 446 kB
Progress (1): 450 kB
Progress (1): 454 kB
Progress (1): 458 kB
Progress (1): 462 kB
Progress (1): 466 kB
Progress (1): 470 kB
Progress (1): 473 kB
Progress (1): 477 kB
Progress (1): 480 kB
Progress (1): 483 kB
Progress (1): 486 kB
Progress (1): 490 kB
Progress (1): 494 kB
Progress (1): 498 kB
Progress (1): 503 kB
Progress (1): 507 kB
Progress (1): 509 kB
Progress (1): 513 kB
Progress (1): 517 kB
Progress (1): 521 kB
Progress (1): 525 kB
Progress (1): 529 kB
Progress (1): 532 kB
Progress (1): 536 kB
Progress (1): 540 kB
Progress (1): 543 kB
Progress (1): 546 kB
Progress (1): 549 kB
Progress (1): 552 kB
Progress (1): 555 kB
Progress (1): 557 kB
Progress (1): 560 kB
Progress (1): 563 kB
Progress (1): 566 kB
Progress (1): 569 kB
Progress (1): 572 kB
Progress (1): 574 kB
Progress (1): 577 kB
Progress (1): 580 kB
Progress (1): 584 kB
Progress (1): 588 kB
Progress (1): 591 kB
Progress (1): 596 kB
Progress (1): 600 kB
Progress (1): 604 kB
Progress (1): 608 kB
Progress (1): 612 kB
Progress (1): 614 kB
Progress (1): 618 kB
Progress (1): 622 kB
Progress (1): 627 kB
Progress (1): 631 kB
Progress (1): 634 kB
Progress (1): 637 kB
Progress (1): 640 kB
Progress (1): 642 kB
Progress (1): 645 kB
Progress (1): 648 kB
Progress (1): 651 kB
Progress (1): 655 kB
Progress (1): 658 kB
Progress (1): 662 kB
Progress (1): 666 kB
Progress (1): 670 kB
Progress (1): 674 kB
Progress (1): 679 kB
Progress (1): 683 kB
Progress (1): 687 kB
Progress (1): 691 kB
Progress (1): 695 kB
Progress (1): 697 kB
Progress (1): 702 kB
Progress (1): 706 kB
Progress (1): 709 kB
Progress (1): 713 kB
Progress (1): 717 kB
Progress (1): 721 kB
Progress (1): 725 kB
Progress (1): 727 kB
Progress (1): 731 kB
Progress (1): 735 kB
Progress (1): 739 kB
Progress (1): 743 kB
Progress (1): 747 kB
Progress (1): 751 kB
Progress (1): 754 kB
Progress (1): 757 kB
Progress (1): 761 kB
Progress (1): 764 kB
Progress (1): 766 kB
Progress (1): 769 kB
Progress (1): 772 kB
Progress (1): 776 kB
Progress (1): 779 kB
Progress (1): 783 kB
Progress (1): 786 kB
Progress (1): 790 kB
Progress (1): 794 kB
Progress (1): 797 kB
Progress (1): 802 kB
Progress (1): 806 kB
Progress (1): 810 kB
Progress (1): 814 kB
Progress (1): 816 kB
Progress (1): 819 kB
Progress (1): 821 kB
Progress (1): 824 kB
Progress (1): 828 kB
Progress (1): 831 kB
Progress (1): 835 kB
Progress (1): 839 kB
Progress (1): 843 kB
Progress (1): 847 kB
Progress (1): 851 kB
Progress (1): 854 kB
Progress (1): 858 kB
Progress (1): 861 kB
Progress (1): 865 kB
Progress (1): 868 kB
Progress (1): 872 kB
Progress (1): 876 kB
Progress (1): 880 kB
Progress (1): 883 kB
Progress (1): 886 kB
Progress (1): 889 kB
Progress (1): 892 kB
Progress (1): 896 kB
Progress (1): 898 kB
Progress (1): 901 kB
Progress (1): 905 kB
Progress (1): 909 kB
Progress (1): 913 kB
Progress (1): 917 kB
Progress (1): 921 kB
Progress (1): 925 kB
Progress (1): 929 kB
Progress (1): 932 kB
Progress (1): 936 kB
Progress (1): 939 kB
Progress (1): 943 kB
Progress (1): 946 kB
Progress (1): 949 kB
Progress (1): 952 kB
Progress (1): 955 kB
Progress (1): 957 kB
Progress (1): 960 kB
Progress (1): 963 kB
Progress (1): 966 kB
Progress (1): 970 kB
Progress (1): 972 kB
Progress (1): 975 kB
Progress (1): 978 kB
Progress (1): 981 kB
Progress (1): 985 kB
Progress (1): 989 kB
Progress (1): 992 kB
Progress (1): 996 kB
Progress (1): 1.0 MB
Progress (1): 1.0 MB
Progress (1): 1.0 MB
Progress (1): 1.0 MB
Progress (1): 1.0 MB
Progress (1): 1.0 MB
Progress (1): 1.0 MB
Progress (1): 1.0 MB
Progress (1): 1.0 MB
Progress (1): 1.0 MB
Progress (1): 1.0 MB
Progress (1): 1.0 MB
Progress (1): 1.0 MB
Progress (1): 1.0 MB
Progress (1): 1.0 MB
Progress (1): 1.1 MB
Progress (1): 1.1 MB
Progress (1): 1.1 MB
Progress (1): 1.1 MB
Progress (1): 1.1 MB
Progress (1): 1.1 MB
Progress (1): 1.1 MB
Progress (1): 1.1 MB
Progress (1): 1.1 MB
Progress (1): 1.1 MB
Progress (1): 1.1 MB
Progress (1): 1.1 MB
Progress (1): 1.1 MB
Progress (1): 1.1 MB
Progress (1): 1.1 MB
Progress (1): 1.1 MB
Progress (1): 1.1 MB
Progress (1): 1.1 MB
Progress (1): 1.1 MB
Progress (1): 1.1 MB
Progress (1): 1.1 MB
Progress (1): 1.1 MB
Progress (1): 1.1 MB
Progress (1): 1.1 MB
Progress (1): 1.1 MB
Progress (1): 1.1 MB
Progress (1): 1.2 MB
Progress (1): 1.2 MB
Progress (1): 1.2 MB
Progress (1): 1.2 MB
Progress (1): 1.2 MB
Progress (1): 1.2 MB
Progress (1): 1.2 MB
Progress (1): 1.2 MB
Progress (1): 1.2 MB
Progress (1): 1.2 MB
Progress (1): 1.2 MB
Progress (1): 1.2 MB
Progress (1): 1.2 MB
Progress (1): 1.2 MB
Progress (1): 1.2 MB
Progress (1): 1.2 MB
Progress (1): 1.2 MB
Progress (1): 1.2 MB
Progress (1): 1.2 MB
Progress (1): 1.2 MB
Progress (1): 1.2 MB
Progress (1): 1.2 MB
Progress (1): 1.2 MB
Progress (1): 1.2 MB
Progress (1): 1.2 MB
Progress (1): 1.2 MB
Progress (1): 1.2 MB
Progress (1): 1.3 MB
Progress (1): 1.3 MB
Progress (1): 1.3 MB
Progress (1): 1.3 MB
Progress (1): 1.3 MB
Progress (1): 1.3 MB
Progress (1): 1.3 MB
Progress (1): 1.3 MB
Progress (1): 1.3 MB
Progress (1): 1.3 MB
Progress (1): 1.3 MB
Progress (1): 1.3 MB
Progress (1): 1.3 MB
Progress (1): 1.3 MB
Progress (1): 1.3 MB
Progress (1): 1.3 MB
Progress (1): 1.3 MB
Progress (1): 1.3 MB
Progress (1): 1.3 MB
Progress (1): 1.3 MB
Progress (1): 1.3 MB
Progress (1): 1.3 MB
Progress (1): 1.3 MB
Progress (1): 1.3 MB
Progress (1): 1.4 MB
Progress (1): 1.4 MB
Progress (1): 1.4 MB
Progress (1): 1.4 MB
Progress (1): 1.4 MB
Progress (1): 1.4 MB
Progress (1): 1.4 MB
Progress (1): 1.4 MB
Progress (1): 1.4 MB
Progress (1): 1.4 MB
Progress (1): 1.4 MB
Progress (1): 1.4 MB
Progress (1): 1.4 MB
Progress (1): 1.4 MB
Progress (1): 1.4 MB
Progress (1): 1.4 MB
Progress (1): 1.4 MB
Progress (1): 1.4 MB
Progress (1): 1.4 MB
Progress (1): 1.4 MB
Progress (1): 1.4 MB
Progress (1): 1.4 MB
Progress (1): 1.4 MB
Progress (1): 1.4 MB
Progress (1): 1.4 MB
Progress (1): 1.4 MB
Progress (1): 1.4 MB
Progress (1): 1.5 MB
Progress (1): 1.5 MB
Progress (1): 1.5 MB
Progress (1): 1.5 MB
Progress (1): 1.5 MB
Progress (1): 1.5 MB
Progress (1): 1.5 MB
Progress (1): 1.5 MB
Progress (1): 1.5 MB
Progress (1): 1.5 MB
Progress (1): 1.5 MB
Progress (1): 1.5 MB
Progress (1): 1.5 MB
Progress (1): 1.5 MB
Progress (1): 1.5 MB
Progress (1): 1.5 MB
Progress (1): 1.5 MB
Progress (1): 1.5 MB
Progress (1): 1.5 MB
Progress (1): 1.5 MB
Progress (1): 1.5 MB
Progress (1): 1.5 MB
Progress (1): 1.5 MB
Progress (1): 1.5 MB
Progress (1): 1.5 MB
Progress (1): 1.5 MB
Progress (1): 1.5 MB
Progress (1): 1.6 MB
Progress (1): 1.6 MB
Progress (1): 1.6 MB
Progress (1): 1.6 MB
Progress (1): 1.6 MB
Progress (1): 1.6 MB
Progress (1): 1.6 MB
Progress (1): 1.6 MB
Progress (1): 1.6 MB
Progress (1): 1.6 MB
Progress (1): 1.6 MB
Progress (1): 1.6 MB
Progress (1): 1.6 MB
Progress (1): 1.6 MB
Progress (1): 1.6 MB
Progress (1): 1.6 MB
Progress (1): 1.6 MB
Progress (1): 1.6 MB
Progress (1): 1.6 MB
Progress (1): 1.6 MB
Progress (1): 1.6 MB
Progress (1): 1.6 MB
Progress (1): 1.6 MB
Progress (1): 1.6 MB
                    
Downloaded from aiban-tianyin-core: https://aiban-maven.pkg.coding.net/repository/tianyin/core/org/springframework/spring-web/5.3.20/spring-web-5.3.20.jar (1.6 MB at 993 kB/s)
[[1;34mINFO[m] 
[[1;34mINFO[m] [1m--- [0;32mmaven-clean-plugin:3.2.0:clean[m [1m(default-clean)[m @ [36maxis2-spring-boot-starter[0;1m ---[m
[[1;34mINFO[m] Deleting /Users/wandl/workspaces/workspace-ddd4j/workspace-ddd4j-boot-starters/axis2-spring-boot-starter/target
[[1;34mINFO[m] 
[[1;34mINFO[m] [1m--- [0;32mmaven-enforcer-plugin:3.0.0:enforce[m [1m(default-cli)[m @ [36maxis2-spring-boot-starter[0;1m ---[m
[[1;34mINFO[m] 
[[1;34mINFO[m] [1m--- [0;32mmaven-resources-plugin:3.1.0:resources[m [1m(default-resources)[m @ [36maxis2-spring-boot-starter[0;1m ---[m
[[1;34mINFO[m] Using 'UTF-8' encoding to copy filtered resources.
[[1;34mINFO[m] skip non existing resourceDirectory /Users/wandl/workspaces/workspace-ddd4j/workspace-ddd4j-boot-starters/axis2-spring-boot-starter/src/main/resources
[[1;34mINFO[m] skip non existing resourceDirectory /Users/wandl/workspaces/workspace-ddd4j/workspace-ddd4j-boot-starters/axis2-spring-boot-starter/src/main/resources
[[1;34mINFO[m] 
[[1;34mINFO[m] [1m--- [0;32mmaven-compiler-plugin:3.10.1:compile[m [1m(default-compile)[m @ [36maxis2-spring-boot-starter[0;1m ---[m
[[1;34mINFO[m] Changes detected - recompiling the module!
[[1;34mINFO[m] Compiling 2 source files to /Users/wandl/workspaces/workspace-ddd4j/workspace-ddd4j-boot-starters/axis2-spring-boot-starter/target/classes
[[1;34mINFO[m] 
[[1;34mINFO[m] [1m--- [0;32mmaven-resources-plugin:3.1.0:testResources[m [1m(default-testResources)[m @ [36maxis2-spring-boot-starter[0;1m ---[m
[[1;34mINFO[m] Not copying test resources
[[1;34mINFO[m] 
[[1;34mINFO[m] [1m--- [0;32mmaven-compiler-plugin:3.10.1:testCompile[m [1m(default-testCompile)[m @ [36maxis2-spring-boot-starter[0;1m ---[m
[[1;34mINFO[m] Not compiling test sources
[[1;34mINFO[m] 
[[1;34mINFO[m] [1m--- [0;32mmaven-surefire-plugin:2.22.1:test[m [1m(default-test)[m @ [36maxis2-spring-boot-starter[0;1m ---[m
[[1;34mINFO[m] Tests are skipped.
[[1;34mINFO[m] 
[[1;34mINFO[m] [1m--- [0;32mmaven-jar-plugin:3.1.1:jar[m [1m(default-jar)[m @ [36maxis2-spring-boot-starter[0;1m ---[m
[[1;34mINFO[m] Building jar: /Users/wandl/workspaces/workspace-ddd4j/workspace-ddd4j-boot-starters/axis2-spring-boot-starter/target/axis2-spring-boot-starter-2.7.x.20240823.RELEASE.jar
[[1;34mINFO[m] 
[[1;34mINFO[m] [1m--- [0;32mmaven-source-plugin:3.2.1:jar-no-fork[m [1m(attach-sources)[m @ [36maxis2-spring-boot-starter[0;1m ---[m
[[1;34mINFO[m] Building jar: /Users/wandl/workspaces/workspace-ddd4j/workspace-ddd4j-boot-starters/axis2-spring-boot-starter/target/axis2-spring-boot-starter-2.7.x.20240823.RELEASE-sources.jar
[[1;34mINFO[m] 
[[1;34mINFO[m] [1m--- [0;32mmaven-install-plugin:2.5.2:install[m [1m(default-install)[m @ [36maxis2-spring-boot-starter[0;1m ---[m
[[1;34mINFO[m] Installing /Users/wandl/workspaces/workspace-ddd4j/workspace-ddd4j-boot-starters/axis2-spring-boot-starter/target/axis2-spring-boot-starter-2.7.x.20240823.RELEASE.jar to /Users/wandl/.m2/repository/com/github/hiwepy/axis2-spring-boot-starter/2.7.x.20240823.RELEASE/axis2-spring-boot-starter-2.7.x.20240823.RELEASE.jar
[[1;34mINFO[m] Installing /Users/wandl/workspaces/workspace-ddd4j/workspace-ddd4j-boot-starters/axis2-spring-boot-starter/pom.xml to /Users/wandl/.m2/repository/com/github/hiwepy/axis2-spring-boot-starter/2.7.x.20240823.RELEASE/axis2-spring-boot-starter-2.7.x.20240823.RELEASE.pom
[[1;34mINFO[m] Installing /Users/wandl/workspaces/workspace-ddd4j/workspace-ddd4j-boot-starters/axis2-spring-boot-starter/target/axis2-spring-boot-starter-2.7.x.20240823.RELEASE-sources.jar to /Users/wandl/.m2/repository/com/github/hiwepy/axis2-spring-boot-starter/2.7.x.20240823.RELEASE/axis2-spring-boot-starter-2.7.x.20240823.RELEASE-sources.jar
[[1;34mINFO[m] 
[[1;34mINFO[m] [1m--- [0;32mmaven-deploy-plugin:2.8.2:deploy[m [1m(default-deploy)[m @ [36maxis2-spring-boot-starter[0;1m ---[m
[[1;34mINFO[m] Using alternate deployment repository maven-releases::default::https://packages.aliyun.com/5fdc0afd99b59ba3c5ead757/maven/maven-releases
Uploading to maven-releases: https://packages.aliyun.com/5fdc0afd99b59ba3c5ead757/maven/maven-releases/com/github/hiwepy/axis2-spring-boot-starter/2.7.x.20240823.RELEASE/axis2-spring-boot-starter-2.7.x.20240823.RELEASE.jar
Progress (1): 4.1/9.0 kB
Progress (1): 8.2/9.0 kB
Progress (1): 9.0 kB    
                    
Uploaded to maven-releases: https://packages.aliyun.com/5fdc0afd99b59ba3c5ead757/maven/maven-releases/com/github/hiwepy/axis2-spring-boot-starter/2.7.x.20240823.RELEASE/axis2-spring-boot-starter-2.7.x.20240823.RELEASE.jar (9.0 kB at 7.2 kB/s)
Uploading to maven-releases: https://packages.aliyun.com/5fdc0afd99b59ba3c5ead757/maven/maven-releases/com/github/hiwepy/axis2-spring-boot-starter/2.7.x.20240823.RELEASE/axis2-spring-boot-starter-2.7.x.20240823.RELEASE.pom
Progress (1): 4.1/33 kB
Progress (1): 8.2/33 kB
Progress (1): 12/33 kB 
Progress (1): 16/33 kB
Progress (1): 20/33 kB
Progress (1): 25/33 kB
Progress (1): 29/33 kB
Progress (1): 33/33 kB
Progress (1): 33 kB   
                   
Uploaded to maven-releases: https://packages.aliyun.com/5fdc0afd99b59ba3c5ead757/maven/maven-releases/com/github/hiwepy/axis2-spring-boot-starter/2.7.x.20240823.RELEASE/axis2-spring-boot-starter-2.7.x.20240823.RELEASE.pom (33 kB at 30 kB/s)
Downloading from maven-releases: https://packages.aliyun.com/5fdc0afd99b59ba3c5ead757/maven/maven-releases/com/github/hiwepy/axis2-spring-boot-starter/maven-metadata.xml
Progress (1): 356 B
                   
Downloaded from maven-releases: https://packages.aliyun.com/5fdc0afd99b59ba3c5ead757/maven/maven-releases/com/github/hiwepy/axis2-spring-boot-starter/maven-metadata.xml (356 B at 1.7 kB/s)
Uploading to maven-releases: https://packages.aliyun.com/5fdc0afd99b59ba3c5ead757/maven/maven-releases/com/github/hiwepy/axis2-spring-boot-starter/maven-metadata.xml
Progress (1): 404 B
                   
Uploaded to maven-releases: https://packages.aliyun.com/5fdc0afd99b59ba3c5ead757/maven/maven-releases/com/github/hiwepy/axis2-spring-boot-starter/maven-metadata.xml (404 B at 418 B/s)
Uploading to maven-releases: https://packages.aliyun.com/5fdc0afd99b59ba3c5ead757/maven/maven-releases/com/github/hiwepy/axis2-spring-boot-starter/2.7.x.20240823.RELEASE/axis2-spring-boot-starter-2.7.x.20240823.RELEASE-sources.jar
Progress (1): 4.1/8.1 kB
Progress (1): 8.1 kB    
                    
Uploaded to maven-releases: https://packages.aliyun.com/5fdc0afd99b59ba3c5ead757/maven/maven-releases/com/github/hiwepy/axis2-spring-boot-starter/2.7.x.20240823.RELEASE/axis2-spring-boot-starter-2.7.x.20240823.RELEASE-sources.jar (8.1 kB at 8.6 kB/s)
[[1;34mINFO[m] [1m------------------------------------------------------------------------[m
[[1;34mINFO[m] [1;32mBUILD SUCCESS[m
[[1;34mINFO[m] [1m------------------------------------------------------------------------[m
[[1;34mINFO[m] Total time:  11.187 s
[[1;34mINFO[m] Finished at: 2026-03-16T13:40:56+08:00
[[1;34mINFO[m] [1m------------------------------------------------------------------------[m
[axis2-spring-boot-starter/2.7.x] 成功
[[1;34mINFO[m] Scanning for projects...
[[1;34mINFO[m] 
[[1;34mINFO[m] [1m------------< [0;36mio.github.hiwepy:axis2-spring-boot-starter[0;1m >-------------[m
[[1;34mINFO[m] [1mBuilding io.github.hiwepy:axis2-spring-boot-starter 3.0.x.20251227-SNAPSHOT[m
[[1;34mINFO[m] [1m--------------------------------[ jar ]---------------------------------[m
Downloading from aiban-tianyin-core: https://aiban-maven.pkg.coding.net/repository/tianyin/core/jakarta/xml/soap/jakarta.xml.soap-api/3.0.1/jakarta.xml.soap-api-3.0.1.pom
Progress (1): 2.6 kB
Progress (1): 6.7 kB
Progress (1): 11 kB 
Progress (1): 14 kB
Progress (1): 17 kB
Progress (1): 21 kB
Progress (1): 22 kB
                   
Downloaded from aiban-tianyin-core: https://aiban-maven.pkg.coding.net/repository/tianyin/core/jakarta/xml/soap/jakarta.xml.soap-api/3.0.1/jakarta.xml.soap-api-3.0.1.pom (22 kB at 30 kB/s)
Downloading from aiban-tianyin-core: https://aiban-maven.pkg.coding.net/repository/tianyin/core/org/apache/logging/log4j/log4j-jcl/2.19.0/log4j-jcl-2.19.0.pom
Progress (1): 2.6 kB
Progress (1): 6.7 kB
Progress (1): 7.2 kB
                    
Downloaded from aiban-tianyin-core: https://aiban-maven.pkg.coding.net/repository/tianyin/core/org/apache/logging/log4j/log4j-jcl/2.19.0/log4j-jcl-2.19.0.pom (7.2 kB at 14 kB/s)
Downloading from aiban-tianyin-core: https://aiban-maven.pkg.coding.net/repository/tianyin/core/jakarta/xml/ws/jakarta.xml.ws-api/4.0.1/jakarta.xml.ws-api-4.0.1.pom
Progress (1): 4.0 kB
Progress (1): 8.1 kB
Progress (1): 11 kB 
Progress (1): 14 kB
Progress (1): 16 kB
Progress (1): 19 kB
                   
Downloaded from aiban-tianyin-core: https://aiban-maven.pkg.coding.net/repository/tianyin/core/jakarta/xml/ws/jakarta.xml.ws-api/4.0.1/jakarta.xml.ws-api-4.0.1.pom (19 kB at 48 kB/s)
Downloading from aiban-tianyin-core: https://aiban-maven.pkg.coding.net/repository/tianyin/core/javax/xml/bind/jaxb-api/2.1/jaxb-api-2.1.pom
Downloaded from aiban-tianyin-core: https://aiban-maven.pkg.coding.net/repository/tianyin/core/javax/xml/bind/jaxb-api/2.1/jaxb-api-2.1.pom (0 B at 0 B/s)
Downloading from aiban-tianyin-core: https://aiban-maven.pkg.coding.net/repository/tianyin/core/javax/xml/bind/jaxb-api/2.2.6/jaxb-api-2.2.6.pom
Progress (1): 2.6 kB
Progress (1): 5.4 kB
Progress (1): 8.1 kB
                    
Downloaded from aiban-tianyin-core: https://aiban-maven.pkg.coding.net/repository/tianyin/core/javax/xml/bind/jaxb-api/2.2.6/jaxb-api-2.2.6.pom (8.1 kB at 16 kB/s)
Downloading from aiban-tianyin-core: https://aiban-maven.pkg.coding.net/repository/tianyin/core/com/sun/activation/jakarta.activation/1.2.1/jakarta.activation-1.2.1.pom
Downloaded from aiban-tianyin-core: https://aiban-maven.pkg.coding.net/repository/tianyin/core/com/sun/activation/jakarta.activation/1.2.1/jakarta.activation-1.2.1.pom (0 B at 0 B/s)
Downloading from aiban-tianyin-core: https://aiban-maven.pkg.coding.net/repository/tianyin/core/com/sun/activation/all/1.2.1/all-1.2.1.pom
Downloaded from aiban-tianyin-core: https://aiban-maven.pkg.coding.net/repository/tianyin/core/com/sun/activation/all/1.2.1/all-1.2.1.pom (0 B at 0 B/s)
Downloading from aiban-tianyin-core: https://aiban-maven.pkg.coding.net/repository/tianyin/core/org/eclipse/ee4j/project/1.0.2/project-1.0.2.pom
Downloaded from aiban-tianyin-core: https://aiban-maven.pkg.coding.net/repository/tianyin/core/org/eclipse/ee4j/project/1.0.2/project-1.0.2.pom (0 B at 0 B/s)
Downloading from aiban-tianyin-core: https://aiban-maven.pkg.coding.net/repository/tianyin/core/com/sun/xml/bind/mvn/jaxb-codemodel-parent/4.0.5/jaxb-codemodel-parent-4.0.5.pom
Downloaded from aiban-tianyin-core: https://aiban-maven.pkg.coding.net/repository/tianyin/core/com/sun/xml/bind/mvn/jaxb-codemodel-parent/4.0.5/jaxb-codemodel-parent-4.0.5.pom (0 B at 0 B/s)
Downloading from aiban-tianyin-core: https://aiban-maven.pkg.coding.net/repository/tianyin/core/com/sun/xml/bind/external/rngom/4.0.5/rngom-4.0.5.pom
Downloaded from aiban-tianyin-core: https://aiban-maven.pkg.coding.net/repository/tianyin/core/com/sun/xml/bind/external/rngom/4.0.5/rngom-4.0.5.pom (0 B at 0 B/s)
Downloading from aiban-tianyin-core: https://aiban-maven.pkg.coding.net/repository/tianyin/core/com/sun/xml/dtd-parser/dtd-parser/1.5.1/dtd-parser-1.5.1.pom
Downloaded from aiban-tianyin-core: https://aiban-maven.pkg.coding.net/repository/tianyin/core/com/sun/xml/dtd-parser/dtd-parser/1.5.1/dtd-parser-1.5.1.pom (0 B at 0 B/s)
Downloading from aiban-tianyin-core: https://aiban-maven.pkg.coding.net/repository/tianyin/core/com/sun/istack/istack-commons-tools/4.1.2/istack-commons-tools-4.1.2.pom
Downloaded from aiban-tianyin-core: https://aiban-maven.pkg.coding.net/repository/tianyin/core/com/sun/istack/istack-commons-tools/4.1.2/istack-commons-tools-4.1.2.pom (0 B at 0 B/s)
Downloading from aiban-tianyin-core: https://aiban-maven.pkg.coding.net/repository/tianyin/core/org/jetbrains/kotlin/kotlin-stdlib/1.7.22/kotlin-stdlib-1.7.22.pom
Progress (1): 1.6 kB
                    
Downloaded from aiban-tianyin-core: https://aiban-maven.pkg.coding.net/repository/tianyin/core/org/jetbrains/kotlin/kotlin-stdlib/1.7.22/kotlin-stdlib-1.7.22.pom (1.6 kB at 4.5 kB/s)
Downloading from aiban-tianyin-core: https://aiban-maven.pkg.coding.net/repository/tianyin/core/org/jetbrains/kotlin/kotlin-stdlib-jdk8/1.7.22/kotlin-stdlib-jdk8-1.7.22.pom
Progress (1): 1.6 kB
                    
Downloaded from aiban-tianyin-core: https://aiban-maven.pkg.coding.net/repository/tianyin/core/org/jetbrains/kotlin/kotlin-stdlib-jdk8/1.7.22/kotlin-stdlib-jdk8-1.7.22.pom (1.6 kB at 5.6 kB/s)
Downloading from aiban-tianyin-core: https://aiban-maven.pkg.coding.net/repository/tianyin/core/org/springframework/spring-web/6.0.14/spring-web-6.0.14.pom
Progress (1): 2.4 kB
                    
Downloaded from aiban-tianyin-core: https://aiban-maven.pkg.coding.net/repository/tianyin/core/org/springframework/spring-web/6.0.14/spring-web-6.0.14.pom (2.4 kB at 5.9 kB/s)
Downloading from aiban-tianyin-core: https://aiban-maven.pkg.coding.net/repository/tianyin/core/io/micrometer/micrometer-observation/1.10.13/micrometer-observation-1.10.13.pom
Progress (1): 3.8 kB
                    
Downloaded from aiban-tianyin-core: https://aiban-maven.pkg.coding.net/repository/tianyin/core/io/micrometer/micrometer-observation/1.10.13/micrometer-observation-1.10.13.pom (3.8 kB at 11 kB/s)
Downloading from aiban-tianyin-core: https://aiban-maven.pkg.coding.net/repository/tianyin/core/io/micrometer/micrometer-commons/1.10.13/micrometer-commons-1.10.13.pom
Progress (1): 3.2 kB
                    
Downloaded from aiban-tianyin-core: https://aiban-maven.pkg.coding.net/repository/tianyin/core/io/micrometer/micrometer-commons/1.10.13/micrometer-commons-1.10.13.pom (3.2 kB at 8.3 kB/s)
Downloading from aiban-tianyin-core: https://aiban-maven.pkg.coding.net/repository/tianyin/core/javax/xml/bind/jaxb-api/2.2.6/jaxb-api-2.2.6.jar
Downloading from aiban-tianyin-core: https://aiban-maven.pkg.coding.net/repository/tianyin/core/com/sun/istack/istack-commons-tools/4.1.2/istack-commons-tools-4.1.2.jar
Downloading from aiban-tianyin-core: https://aiban-maven.pkg.coding.net/repository/tianyin/core/com/sun/xml/dtd-parser/dtd-parser/1.5.1/dtd-parser-1.5.1.jar
Downloading from aiban-tianyin-core: https://aiban-maven.pkg.coding.net/repository/tianyin/core/com/sun/xml/bind/external/rngom/4.0.5/rngom-4.0.5.jar
Downloading from aiban-tianyin-core: https://aiban-maven.pkg.coding.net/repository/tianyin/core/com/sun/activation/jakarta.activation/1.2.1/jakarta.activation-1.2.1.jar
Downloaded from aiban-tianyin-core: https://aiban-maven.pkg.coding.net/repository/tianyin/core/com/sun/activation/jakarta.activation/1.2.1/jakarta.activation-1.2.1.jar (0 B at 0 B/s)
Downloading from aiban-tianyin-core: https://aiban-maven.pkg.coding.net/repository/tianyin/core/org/jetbrains/kotlin/kotlin-stdlib/1.7.22/kotlin-stdlib-1.7.22.jar
Downloaded from aiban-tianyin-core: https://aiban-maven.pkg.coding.net/repository/tianyin/core/com/sun/istack/istack-commons-tools/4.1.2/istack-commons-tools-4.1.2.jar (0 B at 0 B/s)
Downloading from aiban-tianyin-core: https://aiban-maven.pkg.coding.net/repository/tianyin/core/org/jetbrains/kotlin/kotlin-stdlib-common/1.7.22/kotlin-stdlib-common-1.7.22.jar
Progress (1): 2.6 kB
Progress (1): 5.4 kB
Progress (1): 9.5 kB
Progress (1): 12 kB 
                   
Downloaded from aiban-tianyin-core: https://aiban-maven.pkg.coding.net/repository/tianyin/core/com/sun/xml/dtd-parser/dtd-parser/1.5.1/dtd-parser-1.5.1.jar (0 B at 0 B/s)
Downloading from aiban-tianyin-core: https://aiban-maven.pkg.coding.net/repository/tianyin/core/org/jetbrains/kotlin/kotlin-stdlib-jdk8/1.7.22/kotlin-stdlib-jdk8-1.7.22.jar
Progress (1): 15 kB
Progress (1): 19 kB
Progress (1): 23 kB
Progress (1): 27 kB
Progress (1): 31 kB
Progress (1): 35 kB
Progress (1): 39 kB
Progress (1): 42 kB
Progress (1): 45 kB
Progress (1): 49 kB
Progress (1): 53 kB
Progress (1): 56 kB
Progress (1): 60 kB
Progress (1): 64 kB
Progress (1): 68 kB
Progress (1): 72 kB
Progress (1): 77 kB
Progress (1): 81 kB
Progress (1): 85 kB
Progress (1): 89 kB
Progress (1): 93 kB
Progress (2): 93 kB | 3.9 kB
Progress (2): 93 kB | 6.7 kB
Progress (2): 93 kB | 9.6 kB
Progress (2): 97 kB | 9.6 kB
Progress (2): 101 kB | 9.6 kB
Progress (2): 105 kB | 9.6 kB
Progress (2): 109 kB | 9.6 kB
Progress (2): 113 kB | 9.6 kB
Progress (2): 117 kB | 9.6 kB
Progress (2): 122 kB | 9.6 kB
Progress (2): 126 kB | 9.6 kB
Progress (2): 130 kB | 9.6 kB
Progress (2): 134 kB | 9.6 kB
Progress (2): 138 kB | 9.6 kB
Progress (2): 142 kB | 9.6 kB
Progress (2): 146 kB | 9.6 kB
Progress (2): 150 kB | 9.6 kB
Progress (2): 154 kB | 9.6 kB
Progress (2): 158 kB | 9.6 kB
Progress (2): 163 kB | 9.6 kB
Progress (2): 167 kB | 9.6 kB
Progress (2): 171 kB | 9.6 kB
Progress (2): 175 kB | 9.6 kB
Progress (2): 179 kB | 9.6 kB
Progress (2): 183 kB | 9.6 kB
Progress (2): 187 kB | 9.6 kB
Progress (2): 191 kB | 9.6 kB
Progress (2): 195 kB | 9.6 kB
Progress (2): 199 kB | 9.6 kB
Progress (2): 203 kB | 9.6 kB
Progress (2): 203 kB | 12 kB 
Progress (2): 203 kB | 15 kB
Progress (2): 203 kB | 18 kB
Progress (2): 203 kB | 22 kB
Progress (2): 203 kB | 26 kB
Progress (2): 203 kB | 30 kB
Progress (2): 203 kB | 34 kB
Progress (2): 208 kB | 34 kB
Progress (2): 212 kB | 34 kB
Progress (2): 212 kB | 34 kB
Progress (2): 212 kB | 38 kB
Progress (2): 212 kB | 42 kB
Progress (2): 212 kB | 46 kB
Progress (2): 212 kB | 50 kB
Progress (2): 212 kB | 54 kB
Progress (2): 212 kB | 58 kB
Progress (2): 212 kB | 62 kB
Progress (2): 212 kB | 66 kB
Progress (2): 212 kB | 70 kB
Progress (2): 212 kB | 74 kB
Progress (2): 212 kB | 79 kB
Progress (2): 212 kB | 83 kB
Progress (2): 212 kB | 87 kB
Progress (2): 212 kB | 91 kB
Progress (2): 212 kB | 95 kB
Progress (2): 212 kB | 99 kB
Progress (2): 212 kB | 103 kB
Progress (2): 212 kB | 107 kB
Progress (2): 212 kB | 111 kB
Progress (2): 212 kB | 115 kB
Progress (2): 212 kB | 120 kB
Progress (2): 212 kB | 124 kB
Progress (2): 212 kB | 128 kB
Progress (2): 212 kB | 132 kB
Progress (2): 212 kB | 136 kB
Progress (2): 212 kB | 140 kB
Progress (2): 212 kB | 144 kB
Progress (2): 212 kB | 148 kB
Progress (2): 212 kB | 152 kB
Progress (2): 212 kB | 156 kB
Progress (2): 212 kB | 160 kB
Progress (2): 212 kB | 165 kB
Progress (2): 212 kB | 169 kB
Progress (2): 212 kB | 173 kB
Progress (2): 212 kB | 177 kB
Progress (2): 212 kB | 181 kB
Progress (2): 212 kB | 185 kB
Progress (2): 212 kB | 189 kB
Progress (2): 212 kB | 193 kB
Progress (2): 212 kB | 197 kB
Progress (2): 212 kB | 201 kB
                             
Downloaded from aiban-tianyin-core: https://aiban-maven.pkg.coding.net/repository/tianyin/core/com/sun/xml/bind/external/rngom/4.0.5/rngom-4.0.5.jar (0 B at 0 B/s)
Downloading from aiban-tianyin-core: https://aiban-maven.pkg.coding.net/repository/tianyin/core/jakarta/xml/ws/jakarta.xml.ws-api/4.0.1/jakarta.xml.ws-api-4.0.1.jar
Progress (2): 212 kB | 206 kB
Progress (2): 212 kB | 210 kB
Progress (2): 212 kB | 214 kB
Progress (2): 212 kB | 218 kB
Progress (2): 212 kB | 222 kB
Progress (2): 212 kB | 226 kB
Progress (2): 212 kB | 230 kB
Progress (2): 212 kB | 234 kB
Progress (2): 212 kB | 238 kB
Progress (2): 212 kB | 242 kB
Progress (2): 212 kB | 247 kB
Progress (2): 212 kB | 251 kB
Progress (2): 212 kB | 255 kB
Progress (2): 212 kB | 259 kB
Progress (2): 212 kB | 263 kB
Progress (2): 212 kB | 267 kB
Progress (2): 212 kB | 271 kB
Progress (2): 212 kB | 275 kB
Progress (2): 212 kB | 279 kB
Progress (2): 212 kB | 283 kB
Progress (2): 212 kB | 287 kB
Progress (2): 212 kB | 292 kB
Progress (2): 212 kB | 296 kB
Progress (2): 212 kB | 300 kB
Progress (2): 212 kB | 304 kB
Progress (2): 212 kB | 308 kB
Progress (2): 212 kB | 312 kB
Progress (2): 212 kB | 316 kB
Progress (2): 212 kB | 320 kB
Progress (2): 212 kB | 324 kB
Progress (2): 212 kB | 328 kB
Progress (2): 212 kB | 333 kB
Progress (2): 212 kB | 337 kB
Progress (2): 212 kB | 341 kB
Progress (2): 212 kB | 345 kB
Progress (2): 212 kB | 349 kB
Progress (2): 212 kB | 353 kB
Progress (2): 212 kB | 357 kB
Progress (2): 212 kB | 361 kB
Progress (2): 212 kB | 365 kB
Progress (2): 212 kB | 369 kB
Progress (2): 212 kB | 373 kB
Progress (2): 212 kB | 378 kB
Progress (2): 212 kB | 382 kB
Progress (2): 212 kB | 386 kB
Progress (2): 212 kB | 390 kB
Progress (2): 212 kB | 394 kB
Progress (2): 212 kB | 398 kB
Progress (2): 212 kB | 402 kB
Progress (2): 212 kB | 406 kB
Progress (2): 212 kB | 410 kB
Progress (2): 212 kB | 414 kB
Progress (2): 212 kB | 419 kB
Progress (2): 212 kB | 423 kB
Progress (2): 212 kB | 427 kB
Progress (2): 212 kB | 431 kB
Progress (2): 212 kB | 435 kB
Progress (2): 212 kB | 439 kB
Progress (2): 212 kB | 443 kB
Progress (2): 212 kB | 447 kB
Progress (2): 212 kB | 451 kB
Progress (2): 212 kB | 455 kB
Progress (2): 212 kB | 459 kB
Progress (2): 212 kB | 464 kB
Progress (2): 212 kB | 468 kB
Progress (2): 212 kB | 472 kB
Progress (2): 212 kB | 476 kB
Progress (2): 212 kB | 480 kB
Progress (2): 212 kB | 484 kB
Progress (2): 212 kB | 488 kB
Progress (2): 212 kB | 492 kB
Progress (2): 212 kB | 496 kB
Progress (2): 212 kB | 500 kB
Progress (2): 212 kB | 505 kB
Progress (2): 212 kB | 509 kB
Progress (2): 212 kB | 513 kB
Progress (2): 212 kB | 517 kB
Progress (2): 212 kB | 521 kB
Progress (2): 212 kB | 525 kB
Progress (2): 212 kB | 529 kB
Progress (2): 212 kB | 533 kB
Progress (2): 212 kB | 537 kB
Progress (2): 212 kB | 541 kB
Progress (2): 212 kB | 546 kB
Progress (2): 212 kB | 550 kB
Progress (2): 212 kB | 554 kB
Progress (2): 212 kB | 558 kB
Progress (2): 212 kB | 562 kB
Progress (2): 212 kB | 566 kB
Progress (2): 212 kB | 570 kB
Progress (2): 212 kB | 574 kB
Progress (2): 212 kB | 578 kB
Progress (2): 212 kB | 582 kB
Progress (2): 212 kB | 586 kB
Progress (2): 212 kB | 591 kB
Progress (2): 212 kB | 595 kB
Progress (2): 212 kB | 599 kB
Progress (2): 212 kB | 603 kB
Progress (2): 212 kB | 607 kB
Progress (2): 212 kB | 611 kB
Progress (2): 212 kB | 615 kB
Progress (2): 212 kB | 619 kB
Progress (2): 212 kB | 623 kB
Progress (2): 212 kB | 627 kB
Progress (2): 212 kB | 632 kB
Progress (2): 212 kB | 636 kB
Progress (2): 212 kB | 640 kB
Progress (2): 212 kB | 644 kB
Progress (2): 212 kB | 648 kB
Progress (2): 212 kB | 652 kB
Progress (2): 212 kB | 656 kB
Progress (2): 212 kB | 660 kB
Progress (2): 212 kB | 664 kB
Progress (2): 212 kB | 668 kB
Progress (2): 212 kB | 672 kB
Progress (2): 212 kB | 677 kB
Progress (2): 212 kB | 681 kB
Progress (2): 212 kB | 685 kB
Progress (2): 212 kB | 689 kB
Progress (2): 212 kB | 693 kB
Progress (2): 212 kB | 697 kB
Progress (2): 212 kB | 701 kB
Progress (2): 212 kB | 705 kB
Progress (2): 212 kB | 709 kB
Progress (2): 212 kB | 713 kB
Progress (2): 212 kB | 718 kB
Progress (2): 212 kB | 722 kB
Progress (2): 212 kB | 726 kB
Progress (2): 212 kB | 730 kB
Progress (2): 212 kB | 734 kB
Progress (2): 212 kB | 738 kB
Progress (2): 212 kB | 742 kB
Progress (2): 212 kB | 746 kB
Progress (2): 212 kB | 750 kB
Progress (2): 212 kB | 754 kB
Progress (2): 212 kB | 759 kB
Progress (2): 212 kB | 763 kB
Progress (2): 212 kB | 767 kB
Progress (2): 212 kB | 771 kB
Progress (2): 212 kB | 775 kB
Progress (2): 212 kB | 779 kB
Progress (2): 212 kB | 783 kB
Progress (2): 212 kB | 787 kB
Progress (2): 212 kB | 791 kB
Progress (2): 212 kB | 795 kB
Progress (2): 212 kB | 799 kB
Progress (2): 212 kB | 804 kB
Progress (2): 212 kB | 808 kB
Progress (2): 212 kB | 812 kB
Progress (2): 212 kB | 816 kB
Progress (2): 212 kB | 820 kB
Progress (2): 212 kB | 824 kB
Progress (2): 212 kB | 828 kB
Progress (2): 212 kB | 832 kB
Progress (2): 212 kB | 836 kB
Progress (2): 212 kB | 840 kB
Progress (2): 212 kB | 845 kB
Progress (2): 212 kB | 849 kB
Progress (2): 212 kB | 853 kB
Progress (2): 212 kB | 857 kB
Progress (2): 212 kB | 861 kB
Progress (2): 212 kB | 865 kB
Progress (2): 212 kB | 869 kB
Progress (2): 212 kB | 873 kB
Progress (2): 212 kB | 877 kB
Progress (2): 212 kB | 881 kB
Progress (2): 212 kB | 885 kB
Progress (2): 212 kB | 890 kB
Progress (2): 212 kB | 894 kB
Progress (2): 212 kB | 898 kB
Progress (2): 212 kB | 902 kB
Progress (2): 212 kB | 906 kB
Progress (2): 212 kB | 910 kB
Progress (2): 212 kB | 914 kB
Progress (2): 212 kB | 918 kB
Progress (2): 212 kB | 922 kB
Progress (2): 212 kB | 926 kB
Progress (2): 212 kB | 931 kB
Progress (2): 212 kB | 935 kB
Progress (2): 212 kB | 939 kB
Progress (2): 212 kB | 943 kB
Progress (2): 212 kB | 947 kB
Progress (2): 212 kB | 951 kB
Progress (2): 212 kB | 955 kB
Progress (2): 212 kB | 959 kB
Progress (2): 212 kB | 963 kB
Progress (2): 212 kB | 967 kB
Progress (2): 212 kB | 971 kB
Progress (2): 212 kB | 976 kB
Progress (2): 212 kB | 980 kB
Progress (2): 212 kB | 984 kB
Progress (2): 212 kB | 988 kB
Progress (2): 212 kB | 992 kB
Progress (2): 212 kB | 996 kB
Progress (2): 212 kB | 1.0 MB
Progress (2): 212 kB | 1.0 MB
Progress (2): 212 kB | 1.0 MB
Progress (2): 212 kB | 1.0 MB
Progress (2): 212 kB | 1.0 MB
Progress (2): 212 kB | 1.0 MB
Progress (2): 212 kB | 1.0 MB
Progress (2): 212 kB | 1.0 MB
Progress (2): 212 kB | 1.0 MB
Progress (2): 212 kB | 1.0 MB
Progress (2): 212 kB | 1.0 MB
Progress (2): 212 kB | 1.0 MB
Progress (2): 212 kB | 1.0 MB
Progress (2): 212 kB | 1.1 MB
Progress (2): 212 kB | 1.1 MB
Progress (2): 212 kB | 1.1 MB
Progress (2): 212 kB | 1.1 MB
Progress (2): 212 kB | 1.1 MB
Progress (2): 212 kB | 1.1 MB
Progress (2): 212 kB | 1.1 MB
Progress (2): 212 kB | 1.1 MB
Progress (2): 212 kB | 1.1 MB
Progress (2): 212 kB | 1.1 MB
Progress (2): 212 kB | 1.1 MB
Progress (2): 212 kB | 1.1 MB
Progress (2): 212 kB | 1.1 MB
Progress (2): 212 kB | 1.1 MB
Progress (2): 212 kB | 1.1 MB
Progress (2): 212 kB | 1.1 MB
Progress (2): 212 kB | 1.1 MB
Progress (2): 212 kB | 1.1 MB
Progress (2): 212 kB | 1.1 MB
Progress (2): 212 kB | 1.1 MB
Progress (2): 212 kB | 1.1 MB
Progress (2): 212 kB | 1.1 MB
Progress (2): 212 kB | 1.1 MB
Progress (2): 212 kB | 1.1 MB
Progress (2): 212 kB | 1.2 MB
Progress (2): 212 kB | 1.2 MB
Progress (2): 212 kB | 1.2 MB
Progress (2): 212 kB | 1.2 MB
Progress (2): 212 kB | 1.2 MB
Progress (2): 212 kB | 1.2 MB
Progress (2): 212 kB | 1.2 MB
Progress (2): 212 kB | 1.2 MB
Progress (2): 212 kB | 1.2 MB
Progress (2): 212 kB | 1.2 MB
Progress (2): 212 kB | 1.2 MB
Progress (2): 212 kB | 1.2 MB
Progress (2): 212 kB | 1.2 MB
Progress (2): 212 kB | 1.2 MB
Progress (2): 212 kB | 1.2 MB
Progress (3): 212 kB | 1.2 MB | 2.6 kB
Progress (3): 212 kB | 1.2 MB | 2.6 kB
Progress (3): 212 kB | 1.2 MB | 2.6 kB
Progress (3): 212 kB | 1.2 MB | 2.6 kB
Progress (3): 212 kB | 1.2 MB | 6.7 kB
Progress (3): 212 kB | 1.2 MB | 11 kB 
Progress (3): 212 kB | 1.2 MB | 11 kB
Progress (3): 212 kB | 1.2 MB | 11 kB
Progress (3): 212 kB | 1.2 MB | 11 kB
Progress (3): 212 kB | 1.2 MB | 11 kB
Progress (3): 212 kB | 1.2 MB | 11 kB
Progress (3): 212 kB | 1.2 MB | 11 kB
Progress (3): 212 kB | 1.3 MB | 11 kB
Progress (3): 212 kB | 1.3 MB | 11 kB
Progress (3): 212 kB | 1.3 MB | 11 kB
Progress (3): 212 kB | 1.3 MB | 11 kB
Progress (3): 212 kB | 1.3 MB | 11 kB
Progress (3): 212 kB | 1.3 MB | 11 kB
Progress (3): 212 kB | 1.3 MB | 11 kB
Progress (3): 212 kB | 1.3 MB | 11 kB
Progress (3): 212 kB | 1.3 MB | 11 kB
Progress (3): 212 kB | 1.3 MB | 11 kB
Progress (3): 212 kB | 1.3 MB | 11 kB
Progress (3): 212 kB | 1.3 MB | 11 kB
Progress (3): 212 kB | 1.3 MB | 11 kB
Progress (3): 212 kB | 1.3 MB | 11 kB
Progress (3): 212 kB | 1.3 MB | 11 kB
Progress (3): 212 kB | 1.3 MB | 11 kB
Progress (3): 212 kB | 1.3 MB | 11 kB
Progress (3): 212 kB | 1.3 MB | 11 kB
Progress (3): 212 kB | 1.3 MB | 11 kB
Progress (3): 212 kB | 1.3 MB | 11 kB
Progress (3): 212 kB | 1.3 MB | 11 kB
Progress (3): 212 kB | 1.3 MB | 11 kB
Progress (3): 212 kB | 1.3 MB | 11 kB
Progress (3): 212 kB | 1.3 MB | 11 kB
Progress (3): 212 kB | 1.3 MB | 11 kB
Progress (3): 212 kB | 1.4 MB | 11 kB
Progress (3): 212 kB | 1.4 MB | 11 kB
Progress (3): 212 kB | 1.4 MB | 11 kB
Progress (3): 212 kB | 1.4 MB | 11 kB
Progress (3): 212 kB | 1.4 MB | 11 kB
Progress (3): 212 kB | 1.4 MB | 11 kB
Progress (3): 212 kB | 1.4 MB | 11 kB
Progress (3): 212 kB | 1.4 MB | 11 kB
Progress (3): 212 kB | 1.4 MB | 11 kB
Progress (3): 212 kB | 1.4 MB | 11 kB
Progress (3): 212 kB | 1.4 MB | 11 kB
Progress (3): 212 kB | 1.4 MB | 11 kB
Progress (3): 212 kB | 1.4 MB | 11 kB
Progress (3): 212 kB | 1.4 MB | 11 kB
Progress (3): 212 kB | 1.4 MB | 11 kB
Progress (3): 212 kB | 1.4 MB | 11 kB
Progress (3): 212 kB | 1.4 MB | 11 kB
Progress (3): 212 kB | 1.4 MB | 11 kB
Progress (3): 212 kB | 1.4 MB | 11 kB
Progress (3): 212 kB | 1.4 MB | 11 kB
Progress (3): 212 kB | 1.4 MB | 11 kB
Progress (3): 212 kB | 1.4 MB | 11 kB
Progress (3): 212 kB | 1.4 MB | 11 kB
Progress (3): 212 kB | 1.4 MB | 11 kB
Progress (3): 212 kB | 1.5 MB | 11 kB
Progress (3): 212 kB | 1.5 MB | 11 kB
Progress (3): 212 kB | 1.5 MB | 11 kB
Progress (3): 212 kB | 1.5 MB | 11 kB
Progress (3): 212 kB | 1.5 MB | 11 kB
Progress (4): 212 kB | 1.5 MB | 11 kB | 2.6 kB
Progress (4): 212 kB | 1.5 MB | 11 kB | 5.4 kB
Progress (4): 212 kB | 1.5 MB | 11 kB | 8.3 kB
Progress (4): 212 kB | 1.5 MB | 11 kB | 8.3 kB
Progress (4): 212 kB | 1.5 MB | 11 kB | 8.3 kB
Progress (4): 212 kB | 1.5 MB | 11 kB | 8.3 kB
Progress (4): 212 kB | 1.5 MB | 11 kB | 8.3 kB
Progress (4): 212 kB | 1.5 MB | 11 kB | 8.3 kB
Progress (4): 212 kB | 1.5 MB | 11 kB | 8.3 kB
Progress (4): 212 kB | 1.5 MB | 11 kB | 8.3 kB
Progress (4): 212 kB | 1.5 MB | 11 kB | 8.3 kB
Progress (4): 212 kB | 1.5 MB | 11 kB | 8.3 kB
Progress (4): 212 kB | 1.5 MB | 11 kB | 8.3 kB
Progress (4): 212 kB | 1.5 MB | 11 kB | 8.3 kB
Progress (4): 212 kB | 1.5 MB | 11 kB | 8.3 kB
Progress (4): 212 kB | 1.5 MB | 11 kB | 8.3 kB
Progress (4): 212 kB | 1.5 MB | 11 kB | 8.3 kB
Progress (4): 212 kB | 1.5 MB | 11 kB | 8.3 kB
Progress (4): 212 kB | 1.5 MB | 11 kB | 8.3 kB
Progress (4): 212 kB | 1.5 MB | 14 kB | 8.3 kB
Progress (4): 212 kB | 1.5 MB | 14 kB | 8.3 kB
Progress (4): 212 kB | 1.5 MB | 18 kB | 8.3 kB
Progress (4): 212 kB | 1.5 MB | 20 kB | 8.3 kB
Progress (4): 212 kB | 1.5 MB | 20 kB | 12 kB 
Progress (4): 212 kB | 1.5 MB | 20 kB | 15 kB
Progress (4): 212 kB | 1.5 MB | 20 kB | 18 kB
Progress (4): 212 kB | 1.5 MB | 20 kB | 22 kB
Progress (4): 212 kB | 1.5 MB | 20 kB | 26 kB
                                             
Downloaded from aiban-tianyin-core: https://aiban-maven.pkg.coding.net/repository/tianyin/core/org/jetbrains/kotlin/kotlin-stdlib-common/1.7.22/kotlin-stdlib-common-1.7.22.jar (212 kB at 241 kB/s)
Downloading from aiban-tianyin-core: https://aiban-maven.pkg.coding.net/repository/tianyin/core/jakarta/xml/soap/jakarta.xml.soap-api/3.0.1/jakarta.xml.soap-api-3.0.1.jar
Progress (3): 1.5 MB | 20 kB | 29 kB
Progress (3): 1.5 MB | 20 kB | 32 kB
Progress (3): 1.5 MB | 20 kB | 35 kB
Progress (3): 1.5 MB | 20 kB | 38 kB
Progress (3): 1.5 MB | 20 kB | 40 kB
Progress (3): 1.5 MB | 20 kB | 43 kB
Progress (3): 1.5 MB | 20 kB | 47 kB
Progress (3): 1.5 MB | 20 kB | 51 kB
Progress (3): 1.5 MB | 20 kB | 54 kB
Progress (3): 1.5 MB | 20 kB | 58 kB
Progress (3): 1.5 MB | 20 kB | 62 kB
Progress (3): 1.5 MB | 20 kB | 67 kB
Progress (3): 1.5 MB | 20 kB | 71 kB
Progress (3): 1.5 MB | 20 kB | 75 kB
Progress (3): 1.5 MB | 20 kB | 79 kB
Progress (3): 1.5 MB | 20 kB | 83 kB
Progress (3): 1.5 MB | 20 kB | 87 kB
Progress (3): 1.5 MB | 20 kB | 91 kB
Progress (3): 1.5 MB | 20 kB | 95 kB
Progress (3): 1.5 MB | 20 kB | 99 kB
Progress (3): 1.5 MB | 20 kB | 100 kB
Progress (4): 1.5 MB | 20 kB | 100 kB | 4.0 kB
Progress (4): 1.5 MB | 20 kB | 100 kB | 8.1 kB
Progress (4): 1.5 MB | 20 kB | 100 kB | 12 kB 
Progress (4): 1.5 MB | 20 kB | 100 kB | 16 kB
Progress (4): 1.5 MB | 20 kB | 100 kB | 19 kB
Progress (4): 1.5 MB | 20 kB | 100 kB | 23 kB
Progress (4): 1.5 MB | 20 kB | 100 kB | 26 kB
Progress (4): 1.5 MB | 20 kB | 100 kB | 30 kB
Progress (4): 1.5 MB | 20 kB | 100 kB | 33 kB
Progress (4): 1.5 MB | 20 kB | 100 kB | 38 kB
                                             
Downloaded from aiban-tianyin-core: https://aiban-maven.pkg.coding.net/repository/tianyin/core/org/jetbrains/kotlin/kotlin-stdlib/1.7.22/kotlin-stdlib-1.7.22.jar (1.5 MB at 1.5 MB/s)
Downloading from aiban-tianyin-core: https://aiban-maven.pkg.coding.net/repository/tianyin/core/org/apache/logging/log4j/log4j-jcl/2.19.0/log4j-jcl-2.19.0.jar
Progress (3): 20 kB | 100 kB | 41 kB
Progress (3): 20 kB | 100 kB | 45 kB
                                    
Downloaded from aiban-tianyin-core: https://aiban-maven.pkg.coding.net/repository/tianyin/core/org/jetbrains/kotlin/kotlin-stdlib-jdk8/1.7.22/kotlin-stdlib-jdk8-1.7.22.jar (20 kB at 19 kB/s)
Progress (2): 100 kB | 49 kB
                            
Downloading from aiban-tianyin-core: https://aiban-maven.pkg.coding.net/repository/tianyin/core/org/apache/logging/log4j/log4j-api/2.19.0/log4j-api-2.19.0.jar
Progress (2): 100 kB | 53 kB
Progress (2): 100 kB | 57 kB
Progress (2): 100 kB | 61 kB
Progress (2): 100 kB | 65 kB
Progress (2): 100 kB | 69 kB
Progress (2): 100 kB | 73 kB
Progress (2): 100 kB | 75 kB
Progress (3): 100 kB | 75 kB | 2.6 kB
Progress (3): 100 kB | 75 kB | 5.3 kB
Progress (3): 100 kB | 75 kB | 8.2 kB
Progress (3): 100 kB | 75 kB | 12 kB 
Progress (3): 100 kB | 75 kB | 16 kB
Progress (3): 100 kB | 75 kB | 20 kB
Progress (3): 100 kB | 75 kB | 24 kB
Progress (3): 100 kB | 75 kB | 26 kB
Progress (3): 100 kB | 75 kB | 29 kB
Progress (3): 100 kB | 75 kB | 33 kB
Progress (3): 100 kB | 75 kB | 37 kB
Progress (3): 100 kB | 75 kB | 38 kB
                                    
Downloaded from aiban-tianyin-core: https://aiban-maven.pkg.coding.net/repository/tianyin/core/javax/xml/bind/jaxb-api/2.2.6/jaxb-api-2.2.6.jar (100 kB at 88 kB/s)
Downloading from aiban-tianyin-core: https://aiban-maven.pkg.coding.net/repository/tianyin/core/org/springframework/spring-web/6.0.14/spring-web-6.0.14.jar
Progress (3): 75 kB | 38 kB | 2.6 kB
Progress (3): 75 kB | 38 kB | 6.7 kB
Progress (3): 75 kB | 38 kB | 11 kB 
Progress (3): 75 kB | 38 kB | 13 kB
Progress (4): 75 kB | 38 kB | 13 kB | 4.1 kB
Progress (4): 75 kB | 38 kB | 13 kB | 8.2 kB
Progress (4): 75 kB | 38 kB | 13 kB | 11 kB 
Progress (4): 75 kB | 38 kB | 13 kB | 14 kB
Progress (4): 75 kB | 38 kB | 13 kB | 17 kB
Progress (4): 75 kB | 38 kB | 13 kB | 21 kB
Progress (4): 75 kB | 38 kB | 13 kB | 25 kB
Progress (4): 75 kB | 38 kB | 13 kB | 29 kB
Progress (4): 75 kB | 38 kB | 13 kB | 33 kB
Progress (4): 75 kB | 38 kB | 13 kB | 36 kB
Progress (4): 75 kB | 38 kB | 13 kB | 39 kB
Progress (4): 75 kB | 38 kB | 13 kB | 42 kB
Progress (4): 75 kB | 38 kB | 13 kB | 44 kB
Progress (4): 75 kB | 38 kB | 13 kB | 49 kB
Progress (4): 75 kB | 38 kB | 13 kB | 53 kB
Progress (4): 75 kB | 38 kB | 13 kB | 56 kB
Progress (4): 75 kB | 38 kB | 13 kB | 60 kB
Progress (4): 75 kB | 38 kB | 13 kB | 64 kB
Progress (4): 75 kB | 38 kB | 13 kB | 68 kB
Progress (4): 75 kB | 38 kB | 13 kB | 72 kB
Progress (4): 75 kB | 38 kB | 13 kB | 76 kB
Progress (4): 75 kB | 38 kB | 13 kB | 80 kB
Progress (4): 75 kB | 38 kB | 13 kB | 84 kB
Progress (4): 75 kB | 38 kB | 13 kB | 87 kB
Progress (4): 75 kB | 38 kB | 13 kB | 91 kB
Progress (4): 75 kB | 38 kB | 13 kB | 95 kB
Progress (4): 75 kB | 38 kB | 13 kB | 99 kB
Progress (4): 75 kB | 38 kB | 13 kB | 103 kB
Progress (4): 75 kB | 38 kB | 13 kB | 107 kB
Progress (4): 75 kB | 38 kB | 13 kB | 110 kB
Progress (4): 75 kB | 38 kB | 13 kB | 113 kB
Progress (4): 75 kB | 38 kB | 13 kB | 116 kB
Progress (4): 75 kB | 38 kB | 13 kB | 120 kB
Progress (4): 75 kB | 38 kB | 13 kB | 124 kB
Progress (4): 75 kB | 38 kB | 13 kB | 128 kB
Progress (4): 75 kB | 38 kB | 13 kB | 133 kB
Progress (4): 75 kB | 38 kB | 13 kB | 137 kB
Progress (4): 75 kB | 38 kB | 13 kB | 141 kB
Progress (4): 75 kB | 38 kB | 13 kB | 145 kB
Progress (4): 75 kB | 38 kB | 13 kB | 149 kB
Progress (4): 75 kB | 38 kB | 13 kB | 153 kB
Progress (4): 75 kB | 38 kB | 13 kB | 157 kB
Progress (4): 75 kB | 38 kB | 13 kB | 161 kB
Progress (4): 75 kB | 38 kB | 13 kB | 165 kB
Progress (4): 75 kB | 38 kB | 13 kB | 169 kB
Progress (4): 75 kB | 38 kB | 13 kB | 173 kB
Progress (4): 75 kB | 38 kB | 13 kB | 178 kB
Progress (4): 75 kB | 38 kB | 13 kB | 182 kB
Progress (4): 75 kB | 38 kB | 13 kB | 186 kB
Progress (4): 75 kB | 38 kB | 13 kB | 190 kB
Progress (4): 75 kB | 38 kB | 13 kB | 194 kB
Progress (4): 75 kB | 38 kB | 13 kB | 198 kB
Progress (4): 75 kB | 38 kB | 13 kB | 202 kB
Progress (4): 75 kB | 38 kB | 13 kB | 206 kB
Progress (4): 75 kB | 38 kB | 13 kB | 210 kB
Progress (4): 75 kB | 38 kB | 13 kB | 214 kB
Progress (4): 75 kB | 38 kB | 13 kB | 219 kB
Progress (4): 75 kB | 38 kB | 13 kB | 223 kB
Progress (4): 75 kB | 38 kB | 13 kB | 227 kB
Progress (4): 75 kB | 38 kB | 13 kB | 231 kB
Progress (4): 75 kB | 38 kB | 13 kB | 235 kB
Progress (4): 75 kB | 38 kB | 13 kB | 239 kB
Progress (4): 75 kB | 38 kB | 13 kB | 243 kB
Progress (4): 75 kB | 38 kB | 13 kB | 247 kB
Progress (4): 75 kB | 38 kB | 13 kB | 251 kB
Progress (4): 75 kB | 38 kB | 13 kB | 255 kB
Progress (4): 75 kB | 38 kB | 13 kB | 260 kB
Progress (4): 75 kB | 38 kB | 13 kB | 264 kB
Progress (4): 75 kB | 38 kB | 13 kB | 268 kB
Progress (4): 75 kB | 38 kB | 13 kB | 272 kB
Progress (4): 75 kB | 38 kB | 13 kB | 276 kB
Progress (4): 75 kB | 38 kB | 13 kB | 280 kB
Progress (4): 75 kB | 38 kB | 13 kB | 284 kB
Progress (4): 75 kB | 38 kB | 13 kB | 288 kB
Progress (4): 75 kB | 38 kB | 13 kB | 292 kB
Progress (4): 75 kB | 38 kB | 13 kB | 296 kB
Progress (4): 75 kB | 38 kB | 13 kB | 300 kB
Progress (4): 75 kB | 38 kB | 13 kB | 305 kB
Progress (4): 75 kB | 38 kB | 13 kB | 309 kB
Progress (4): 75 kB | 38 kB | 13 kB | 313 kB
Progress (4): 75 kB | 38 kB | 13 kB | 317 kB
Progress (4): 75 kB | 38 kB | 13 kB | 318 kB
                                            
Downloaded from aiban-tianyin-core: https://aiban-maven.pkg.coding.net/repository/tianyin/core/jakarta/xml/soap/jakarta.xml.soap-api/3.0.1/jakarta.xml.soap-api-3.0.1.jar (38 kB at 28 kB/s)
Downloading from aiban-tianyin-core: https://aiban-maven.pkg.coding.net/repository/tianyin/core/io/micrometer/micrometer-observation/1.10.13/micrometer-observation-1.10.13.jar
Downloaded from aiban-tianyin-core: https://aiban-maven.pkg.coding.net/repository/tianyin/core/jakarta/xml/ws/jakarta.xml.ws-api/4.0.1/jakarta.xml.ws-api-4.0.1.jar (75 kB at 53 kB/s)
Downloading from aiban-tianyin-core: https://aiban-maven.pkg.coding.net/repository/tianyin/core/io/micrometer/micrometer-commons/1.10.13/micrometer-commons-1.10.13.jar
Downloaded from aiban-tianyin-core: https://aiban-maven.pkg.coding.net/repository/tianyin/core/org/apache/logging/log4j/log4j-jcl/2.19.0/log4j-jcl-2.19.0.jar (13 kB at 9.3 kB/s)
Downloaded from aiban-tianyin-core: https://aiban-maven.pkg.coding.net/repository/tianyin/core/org/apache/logging/log4j/log4j-api/2.19.0/log4j-api-2.19.0.jar (318 kB at 214 kB/s)
Progress (1): 4.0 kB
Progress (1): 8.1 kB
Progress (1): 12 kB 
Progress (1): 15 kB
Progress (1): 18 kB
Progress (1): 21 kB
Progress (1): 25 kB
Progress (1): 29 kB
Progress (1): 33 kB
Progress (1): 37 kB
Progress (1): 39 kB
Progress (1): 42 kB
Progress (1): 45 kB
Progress (1): 49 kB
Progress (1): 53 kB
Progress (1): 57 kB
Progress (1): 61 kB
Progress (1): 65 kB
Progress (1): 68 kB
Progress (2): 68 kB | 4.0 kB
Progress (2): 68 kB | 8.1 kB
Progress (2): 68 kB | 12 kB 
Progress (2): 68 kB | 15 kB
Progress (2): 68 kB | 19 kB
Progress (2): 68 kB | 22 kB
Progress (2): 68 kB | 26 kB
Progress (2): 68 kB | 30 kB
Progress (2): 68 kB | 34 kB
Progress (2): 68 kB | 38 kB
Progress (2): 68 kB | 40 kB
Progress (3): 68 kB | 40 kB | 4.0 kB
Progress (3): 68 kB | 40 kB | 6.9 kB
                                    
Downloaded from aiban-tianyin-core: https://aiban-maven.pkg.coding.net/repository/tianyin/core/io/micrometer/micrometer-observation/1.10.13/micrometer-observation-1.10.13.jar (68 kB at 40 kB/s)
Progress (2): 40 kB | 9.7 kB
Progress (2): 40 kB | 13 kB 
Progress (2): 40 kB | 15 kB
Progress (2): 40 kB | 18 kB
Progress (2): 40 kB | 22 kB
Progress (2): 40 kB | 26 kB
Progress (2): 40 kB | 30 kB
Progress (2): 40 kB | 34 kB
Progress (2): 40 kB | 38 kB
Progress (2): 40 kB | 40 kB
Progress (2): 40 kB | 43 kB
Progress (2): 40 kB | 46 kB
Progress (2): 40 kB | 50 kB
Progress (2): 40 kB | 54 kB
Progress (2): 40 kB | 58 kB
Progress (2): 40 kB | 62 kB
Progress (2): 40 kB | 66 kB
Progress (2): 40 kB | 70 kB
Progress (2): 40 kB | 74 kB
Progress (2): 40 kB | 78 kB
Progress (2): 40 kB | 82 kB
Progress (2): 40 kB | 86 kB
Progress (2): 40 kB | 90 kB
Progress (2): 40 kB | 94 kB
Progress (2): 40 kB | 98 kB
Progress (2): 40 kB | 103 kB
Progress (2): 40 kB | 107 kB
Progress (2): 40 kB | 111 kB
Progress (2): 40 kB | 115 kB
Progress (2): 40 kB | 119 kB
Progress (2): 40 kB | 123 kB
Progress (2): 40 kB | 127 kB
Progress (2): 40 kB | 131 kB
Progress (2): 40 kB | 135 kB
Progress (2): 40 kB | 139 kB
Progress (2): 40 kB | 144 kB
Progress (2): 40 kB | 148 kB
Progress (2): 40 kB | 152 kB
Progress (2): 40 kB | 156 kB
Progress (2): 40 kB | 160 kB
Progress (2): 40 kB | 164 kB
Progress (2): 40 kB | 168 kB
Progress (2): 40 kB | 172 kB
Progress (2): 40 kB | 176 kB
Progress (2): 40 kB | 180 kB
Progress (2): 40 kB | 185 kB
Progress (2): 40 kB | 189 kB
Progress (2): 40 kB | 193 kB
Progress (2): 40 kB | 197 kB
Progress (2): 40 kB | 201 kB
Progress (2): 40 kB | 205 kB
Progress (2): 40 kB | 209 kB
Progress (2): 40 kB | 213 kB
Progress (2): 40 kB | 217 kB
Progress (2): 40 kB | 221 kB
Progress (2): 40 kB | 225 kB
Progress (2): 40 kB | 230 kB
Progress (2): 40 kB | 234 kB
Progress (2): 40 kB | 238 kB
Progress (2): 40 kB | 242 kB
Progress (2): 40 kB | 246 kB
Progress (2): 40 kB | 250 kB
Progress (2): 40 kB | 254 kB
Progress (2): 40 kB | 258 kB
Progress (2): 40 kB | 262 kB
Progress (2): 40 kB | 266 kB
Progress (2): 40 kB | 271 kB
Progress (2): 40 kB | 275 kB
Progress (2): 40 kB | 279 kB
Progress (2): 40 kB | 283 kB
Progress (2): 40 kB | 287 kB
Progress (2): 40 kB | 291 kB
Progress (2): 40 kB | 295 kB
Progress (2): 40 kB | 299 kB
Progress (2): 40 kB | 303 kB
Progress (2): 40 kB | 307 kB
Progress (2): 40 kB | 311 kB
Progress (2): 40 kB | 316 kB
Progress (2): 40 kB | 320 kB
                            
Downloaded from aiban-tianyin-core: https://aiban-maven.pkg.coding.net/repository/tianyin/core/io/micrometer/micrometer-commons/1.10.13/micrometer-commons-1.10.13.jar (40 kB at 23 kB/s)
Progress (1): 324 kB
Progress (1): 328 kB
Progress (1): 332 kB
Progress (1): 336 kB
Progress (1): 340 kB
Progress (1): 344 kB
Progress (1): 348 kB
Progress (1): 352 kB
Progress (1): 357 kB
Progress (1): 361 kB
Progress (1): 365 kB
Progress (1): 369 kB
Progress (1): 373 kB
Progress (1): 377 kB
Progress (1): 381 kB
Progress (1): 385 kB
Progress (1): 389 kB
Progress (1): 393 kB
Progress (1): 398 kB
Progress (1): 402 kB
Progress (1): 406 kB
Progress (1): 410 kB
Progress (1): 414 kB
Progress (1): 418 kB
Progress (1): 422 kB
Progress (1): 426 kB
Progress (1): 430 kB
Progress (1): 434 kB
Progress (1): 438 kB
Progress (1): 443 kB
Progress (1): 447 kB
Progress (1): 451 kB
Progress (1): 455 kB
Progress (1): 459 kB
Progress (1): 463 kB
Progress (1): 467 kB
Progress (1): 471 kB
Progress (1): 475 kB
Progress (1): 479 kB
Progress (1): 484 kB
Progress (1): 488 kB
Progress (1): 492 kB
Progress (1): 496 kB
Progress (1): 500 kB
Progress (1): 504 kB
Progress (1): 508 kB
Progress (1): 512 kB
Progress (1): 516 kB
Progress (1): 520 kB
Progress (1): 524 kB
Progress (1): 529 kB
Progress (1): 533 kB
Progress (1): 537 kB
Progress (1): 541 kB
Progress (1): 545 kB
Progress (1): 549 kB
Progress (1): 553 kB
Progress (1): 557 kB
Progress (1): 561 kB
Progress (1): 565 kB
Progress (1): 570 kB
Progress (1): 574 kB
Progress (1): 578 kB
Progress (1): 582 kB
Progress (1): 586 kB
Progress (1): 590 kB
Progress (1): 594 kB
Progress (1): 598 kB
Progress (1): 602 kB
Progress (1): 606 kB
Progress (1): 610 kB
Progress (1): 615 kB
Progress (1): 619 kB
Progress (1): 623 kB
Progress (1): 627 kB
Progress (1): 631 kB
Progress (1): 635 kB
Progress (1): 639 kB
Progress (1): 643 kB
Progress (1): 647 kB
Progress (1): 651 kB
Progress (1): 656 kB
Progress (1): 660 kB
Progress (1): 664 kB
Progress (1): 668 kB
Progress (1): 672 kB
Progress (1): 676 kB
Progress (1): 680 kB
Progress (1): 684 kB
Progress (1): 688 kB
Progress (1): 692 kB
Progress (1): 697 kB
Progress (1): 701 kB
Progress (1): 705 kB
Progress (1): 709 kB
Progress (1): 713 kB
Progress (1): 717 kB
Progress (1): 721 kB
Progress (1): 725 kB
Progress (1): 729 kB
Progress (1): 733 kB
Progress (1): 737 kB
Progress (1): 742 kB
Progress (1): 746 kB
Progress (1): 750 kB
Progress (1): 754 kB
Progress (1): 758 kB
Progress (1): 762 kB
Progress (1): 766 kB
Progress (1): 770 kB
Progress (1): 774 kB
Progress (1): 778 kB
Progress (1): 783 kB
Progress (1): 787 kB
Progress (1): 791 kB
Progress (1): 795 kB
Progress (1): 799 kB
Progress (1): 803 kB
Progress (1): 807 kB
Progress (1): 811 kB
Progress (1): 815 kB
Progress (1): 819 kB
Progress (1): 823 kB
Progress (1): 828 kB
Progress (1): 832 kB
Progress (1): 836 kB
Progress (1): 840 kB
Progress (1): 844 kB
Progress (1): 848 kB
Progress (1): 852 kB
Progress (1): 856 kB
Progress (1): 860 kB
Progress (1): 864 kB
Progress (1): 869 kB
Progress (1): 873 kB
Progress (1): 877 kB
Progress (1): 881 kB
Progress (1): 885 kB
Progress (1): 889 kB
Progress (1): 893 kB
Progress (1): 897 kB
Progress (1): 901 kB
Progress (1): 905 kB
Progress (1): 910 kB
Progress (1): 914 kB
Progress (1): 918 kB
Progress (1): 922 kB
Progress (1): 926 kB
Progress (1): 930 kB
Progress (1): 934 kB
Progress (1): 938 kB
Progress (1): 942 kB
Progress (1): 946 kB
Progress (1): 950 kB
Progress (1): 955 kB
Progress (1): 959 kB
Progress (1): 963 kB
Progress (1): 967 kB
Progress (1): 971 kB
Progress (1): 975 kB
Progress (1): 979 kB
Progress (1): 983 kB
Progress (1): 987 kB
Progress (1): 991 kB
Progress (1): 996 kB
Progress (1): 1000 kB
Progress (1): 1.0 MB 
Progress (1): 1.0 MB
Progress (1): 1.0 MB
Progress (1): 1.0 MB
Progress (1): 1.0 MB
Progress (1): 1.0 MB
Progress (1): 1.0 MB
Progress (1): 1.0 MB
Progress (1): 1.0 MB
Progress (1): 1.0 MB
Progress (1): 1.0 MB
Progress (1): 1.0 MB
Progress (1): 1.1 MB
Progress (1): 1.1 MB
Progress (1): 1.1 MB
Progress (1): 1.1 MB
Progress (1): 1.1 MB
Progress (1): 1.1 MB
Progress (1): 1.1 MB
Progress (1): 1.1 MB
Progress (1): 1.1 MB
Progress (1): 1.1 MB
Progress (1): 1.1 MB
Progress (1): 1.1 MB
Progress (1): 1.1 MB
Progress (1): 1.1 MB
Progress (1): 1.1 MB
Progress (1): 1.1 MB
Progress (1): 1.1 MB
Progress (1): 1.1 MB
Progress (1): 1.1 MB
Progress (1): 1.1 MB
Progress (1): 1.1 MB
Progress (1): 1.1 MB
Progress (1): 1.1 MB
Progress (1): 1.1 MB
Progress (1): 1.2 MB
Progress (1): 1.2 MB
Progress (1): 1.2 MB
Progress (1): 1.2 MB
Progress (1): 1.2 MB
Progress (1): 1.2 MB
Progress (1): 1.2 MB
Progress (1): 1.2 MB
Progress (1): 1.2 MB
Progress (1): 1.2 MB
Progress (1): 1.2 MB
Progress (1): 1.2 MB
Progress (1): 1.2 MB
Progress (1): 1.2 MB
Progress (1): 1.2 MB
Progress (1): 1.2 MB
Progress (1): 1.2 MB
Progress (1): 1.2 MB
Progress (1): 1.2 MB
Progress (1): 1.2 MB
Progress (1): 1.2 MB
Progress (1): 1.2 MB
Progress (1): 1.2 MB
Progress (1): 1.2 MB
Progress (1): 1.2 MB
Progress (1): 1.2 MB
Progress (1): 1.2 MB
Progress (1): 1.3 MB
Progress (1): 1.3 MB
Progress (1): 1.3 MB
Progress (1): 1.3 MB
Progress (1): 1.3 MB
Progress (1): 1.3 MB
Progress (1): 1.3 MB
Progress (1): 1.3 MB
Progress (1): 1.3 MB
Progress (1): 1.3 MB
Progress (1): 1.3 MB
Progress (1): 1.3 MB
Progress (1): 1.3 MB
Progress (1): 1.3 MB
Progress (1): 1.3 MB
Progress (1): 1.3 MB
Progress (1): 1.3 MB
Progress (1): 1.3 MB
Progress (1): 1.3 MB
Progress (1): 1.3 MB
Progress (1): 1.3 MB
Progress (1): 1.3 MB
Progress (1): 1.3 MB
Progress (1): 1.3 MB
Progress (1): 1.3 MB
Progress (1): 1.3 MB
Progress (1): 1.4 MB
Progress (1): 1.4 MB
Progress (1): 1.4 MB
Progress (1): 1.4 MB
Progress (1): 1.4 MB
Progress (1): 1.4 MB
Progress (1): 1.4 MB
Progress (1): 1.4 MB
Progress (1): 1.4 MB
Progress (1): 1.4 MB
Progress (1): 1.4 MB
Progress (1): 1.4 MB
Progress (1): 1.4 MB
Progress (1): 1.4 MB
Progress (1): 1.4 MB
Progress (1): 1.4 MB
Progress (1): 1.4 MB
Progress (1): 1.4 MB
Progress (1): 1.4 MB
Progress (1): 1.4 MB
Progress (1): 1.4 MB
Progress (1): 1.4 MB
Progress (1): 1.4 MB
Progress (1): 1.4 MB
Progress (1): 1.4 MB
Progress (1): 1.5 MB
Progress (1): 1.5 MB
Progress (1): 1.5 MB
Progress (1): 1.5 MB
Progress (1): 1.5 MB
Progress (1): 1.5 MB
Progress (1): 1.5 MB
Progress (1): 1.5 MB
Progress (1): 1.5 MB
Progress (1): 1.5 MB
Progress (1): 1.5 MB
Progress (1): 1.5 MB
Progress (1): 1.5 MB
Progress (1): 1.5 MB
Progress (1): 1.5 MB
Progress (1): 1.5 MB
Progress (1): 1.5 MB
Progress (1): 1.5 MB
Progress (1): 1.5 MB
Progress (1): 1.5 MB
Progress (1): 1.5 MB
Progress (1): 1.5 MB
Progress (1): 1.5 MB
Progress (1): 1.5 MB
Progress (1): 1.6 MB
Progress (1): 1.6 MB
Progress (1): 1.6 MB
Progress (1): 1.6 MB
Progress (1): 1.6 MB
Progress (1): 1.6 MB
Progress (1): 1.6 MB
Progress (1): 1.6 MB
Progress (1): 1.6 MB
Progress (1): 1.6 MB
Progress (1): 1.6 MB
Progress (1): 1.6 MB
Progress (1): 1.6 MB
Progress (1): 1.6 MB
Progress (1): 1.6 MB
Progress (1): 1.6 MB
Progress (1): 1.6 MB
Progress (1): 1.6 MB
Progress (1): 1.6 MB
Progress (1): 1.6 MB
Progress (1): 1.6 MB
Progress (1): 1.6 MB
Progress (1): 1.6 MB
Progress (1): 1.6 MB
Progress (1): 1.6 MB
Progress (1): 1.6 MB
Progress (1): 1.7 MB
Progress (1): 1.7 MB
Progress (1): 1.7 MB
Progress (1): 1.7 MB
Progress (1): 1.7 MB
Progress (1): 1.7 MB
Progress (1): 1.7 MB
Progress (1): 1.7 MB
Progress (1): 1.7 MB
Progress (1): 1.7 MB
Progress (1): 1.7 MB
Progress (1): 1.7 MB
Progress (1): 1.7 MB
Progress (1): 1.7 MB
Progress (1): 1.7 MB
Progress (1): 1.7 MB
Progress (1): 1.7 MB
Progress (1): 1.7 MB
Progress (1): 1.7 MB
Progress (1): 1.7 MB
Progress (1): 1.7 MB
Progress (1): 1.7 MB
Progress (1): 1.7 MB
Progress (1): 1.7 MB
Progress (1): 1.7 MB
Progress (1): 1.8 MB
Progress (1): 1.8 MB
Progress (1): 1.8 MB
                    
Downloaded from aiban-tianyin-core: https://aiban-maven.pkg.coding.net/repository/tianyin/core/org/springframework/spring-web/6.0.14/spring-web-6.0.14.jar (1.8 MB at 820 kB/s)
[[1;34mINFO[m] 
[[1;34mINFO[m] [1m--- [0;32mmaven-clean-plugin:3.4.0:clean[m [1m(default-clean)[m @ [36maxis2-spring-boot-starter[0;1m ---[m
[[1;34mINFO[m] Deleting /Users/wandl/workspaces/workspace-ddd4j/workspace-ddd4j-boot-starters/axis2-spring-boot-starter/target
[[1;34mINFO[m] 
[[1;34mINFO[m] [1m--- [0;32mmaven-enforcer-plugin:3.5.0:enforce[m [1m(default-cli)[m @ [36maxis2-spring-boot-starter[0;1m ---[m
[[1;34mINFO[m] Rule 1: org.apache.maven.enforcer.rules.version.RequireJavaVersion passed
[[1;34mINFO[m] [1m------------------------------------------------------------------------[m
[[1;34mINFO[m] [1;31mBUILD FAILURE[m
[[1;34mINFO[m] [1m------------------------------------------------------------------------[m
[[1;34mINFO[m] Total time:  7.989 s
[[1;34mINFO[m] Finished at: 2026-03-16T13:41:04+08:00
[[1;34mINFO[m] [1m------------------------------------------------------------------------[m
[[1;31mERROR[m] Failed to execute goal [32morg.apache.maven.plugins:maven-enforcer-plugin:3.5.0:enforce[m [1m(default-cli)[m on project [36maxis2-spring-boot-starter[m: [1;31m[m
[[1;31mERROR[m] [1;31mRule 0: org.apache.maven.enforcer.rules.version.RequireMavenVersion failed with message:[m
[[1;31mERROR[m] [1;31mYou are running an older version of Maven. This application requires at least Maven 3.9.9.[m
[[1;31mERROR[m] -> [1m[Help 1][m
[[1;31mERROR[m] 
[[1;31mERROR[m] To see the full stack trace of the errors, re-run Maven with the [1m-e[m switch.
[[1;31mERROR[m] Re-run Maven using the [1m-X[m switch to enable full debug logging.
[[1;31mERROR[m] 
[[1;31mERROR[m] For more information about the errors and possible solutions, please read the following articles:
[[1;31mERROR[m] [1m[Help 1][m http://cwiki.apache.org/confluence/display/MAVEN/MojoExecutionException
[axis2-spring-boot-starter/3.0.x] 失败 - 查看日志
[[1;34mINFO[m] Scanning for projects...
[[1;34mINFO[m] 
[[1;34mINFO[m] [1m------------< [0;36mio.github.hiwepy:axis2-spring-boot-starter[0;1m >-------------[m
[[1;34mINFO[m] [1mBuilding io.github.hiwepy:axis2-spring-boot-starter 3.1.x.20251227-SNAPSHOT[m
[[1;34mINFO[m] [1m--------------------------------[ jar ]---------------------------------[m
Downloading from aiban-tianyin-core: https://aiban-maven.pkg.coding.net/repository/tianyin/core/org/apache/logging/log4j/log4j-jcl/2.20.0/log4j-jcl-2.20.0.pom
Progress (1): 3.3 kB
                    
Downloaded from aiban-tianyin-core: https://aiban-maven.pkg.coding.net/repository/tianyin/core/org/apache/logging/log4j/log4j-jcl/2.20.0/log4j-jcl-2.20.0.pom (3.3 kB at 4.8 kB/s)
Downloading from aiban-tianyin-core: https://aiban-maven.pkg.coding.net/repository/tianyin/core/org/jetbrains/kotlin/kotlin-stdlib/1.8.22/kotlin-stdlib-1.8.22.pom
Progress (1): 1.6 kB
                    
Downloaded from aiban-tianyin-core: https://aiban-maven.pkg.coding.net/repository/tianyin/core/org/jetbrains/kotlin/kotlin-stdlib/1.8.22/kotlin-stdlib-1.8.22.pom (1.6 kB at 5.6 kB/s)
Downloading from aiban-tianyin-core: https://aiban-maven.pkg.coding.net/repository/tianyin/core/org/jetbrains/kotlin/kotlin-stdlib-common/1.8.22/kotlin-stdlib-common-1.8.22.pom
Progress (1): 1.2 kB
                    
Downloaded from aiban-tianyin-core: https://aiban-maven.pkg.coding.net/repository/tianyin/core/org/jetbrains/kotlin/kotlin-stdlib-common/1.8.22/kotlin-stdlib-common-1.8.22.pom (1.2 kB at 3.9 kB/s)
Downloading from aiban-tianyin-core: https://aiban-maven.pkg.coding.net/repository/tianyin/core/org/jetbrains/kotlin/kotlin-stdlib-jdk8/1.8.22/kotlin-stdlib-jdk8-1.8.22.pom
Progress (1): 1.6 kB
                    
Downloaded from aiban-tianyin-core: https://aiban-maven.pkg.coding.net/repository/tianyin/core/org/jetbrains/kotlin/kotlin-stdlib-jdk8/1.8.22/kotlin-stdlib-jdk8-1.8.22.pom (1.6 kB at 5.4 kB/s)
Downloading from aiban-tianyin-core: https://aiban-maven.pkg.coding.net/repository/tianyin/core/org/jetbrains/kotlin/kotlin-stdlib-jdk7/1.8.22/kotlin-stdlib-jdk7-1.8.22.pom
Progress (1): 1.4 kB
                    
Downloaded from aiban-tianyin-core: https://aiban-maven.pkg.coding.net/repository/tianyin/core/org/jetbrains/kotlin/kotlin-stdlib-jdk7/1.8.22/kotlin-stdlib-jdk7-1.8.22.pom (1.4 kB at 5.4 kB/s)
Downloading from aiban-tianyin-core: https://aiban-maven.pkg.coding.net/repository/tianyin/core/org/springframework/spring-web/6.0.21/spring-web-6.0.21.pom
Progress (1): 2.4 kB
                    
Downloaded from aiban-tianyin-core: https://aiban-maven.pkg.coding.net/repository/tianyin/core/org/springframework/spring-web/6.0.21/spring-web-6.0.21.pom (2.4 kB at 7.0 kB/s)
Downloading from aiban-tianyin-core: https://aiban-maven.pkg.coding.net/repository/tianyin/core/io/micrometer/micrometer-observation/1.11.12/micrometer-observation-1.11.12.pom
Progress (1): 3.8 kB
                    
Downloaded from aiban-tianyin-core: https://aiban-maven.pkg.coding.net/repository/tianyin/core/io/micrometer/micrometer-observation/1.11.12/micrometer-observation-1.11.12.pom (3.8 kB at 10 kB/s)
Downloading from aiban-tianyin-core: https://aiban-maven.pkg.coding.net/repository/tianyin/core/io/micrometer/micrometer-commons/1.11.12/micrometer-commons-1.11.12.pom
Progress (1): 2.6 kB
Progress (1): 3.4 kB
                    
Downloaded from aiban-tianyin-core: https://aiban-maven.pkg.coding.net/repository/tianyin/core/io/micrometer/micrometer-commons/1.11.12/micrometer-commons-1.11.12.pom (3.4 kB at 8.4 kB/s)
Downloading from aiban-tianyin-core: https://aiban-maven.pkg.coding.net/repository/tianyin/core/org/jetbrains/kotlin/kotlin-stdlib/1.8.22/kotlin-stdlib-1.8.22.jar
Downloading from aiban-tianyin-core: https://aiban-maven.pkg.coding.net/repository/tianyin/core/org/apache/logging/log4j/log4j-jcl/2.20.0/log4j-jcl-2.20.0.jar
Downloading from aiban-tianyin-core: https://aiban-maven.pkg.coding.net/repository/tianyin/core/org/jetbrains/kotlin/kotlin-stdlib-jdk7/1.8.22/kotlin-stdlib-jdk7-1.8.22.jar
Downloading from aiban-tianyin-core: https://aiban-maven.pkg.coding.net/repository/tianyin/core/org/jetbrains/kotlin/kotlin-stdlib-jdk8/1.8.22/kotlin-stdlib-jdk8-1.8.22.jar
Downloading from aiban-tianyin-core: https://aiban-maven.pkg.coding.net/repository/tianyin/core/org/jetbrains/kotlin/kotlin-stdlib-common/1.8.22/kotlin-stdlib-common-1.8.22.jar
Progress (1): 2.6 kB
Progress (1): 6.7 kB
Progress (1): 11 kB 
Progress (1): 14 kB
Progress (1): 17 kB
Progress (1): 21 kB
Progress (1): 25 kB
Progress (1): 28 kB
Progress (1): 31 kB
Progress (1): 35 kB
Progress (1): 38 kB
Progress (1): 40 kB
Progress (1): 44 kB
Progress (1): 47 kB
Progress (1): 51 kB
Progress (1): 54 kB
Progress (1): 58 kB
Progress (1): 62 kB
Progress (1): 66 kB
Progress (1): 70 kB
Progress (1): 75 kB
Progress (1): 79 kB
Progress (1): 83 kB
Progress (1): 87 kB
Progress (1): 91 kB
Progress (1): 95 kB
Progress (1): 99 kB
Progress (2): 99 kB | 969 B
Progress (2): 103 kB | 969 B
Progress (2): 107 kB | 969 B
Progress (2): 111 kB | 969 B
Progress (2): 116 kB | 969 B
Progress (2): 120 kB | 969 B
Progress (2): 124 kB | 969 B
Progress (2): 128 kB | 969 B
Progress (2): 132 kB | 969 B
Progress (2): 136 kB | 969 B
Progress (2): 140 kB | 969 B
Progress (2): 144 kB | 969 B
Progress (2): 148 kB | 969 B
Progress (2): 152 kB | 969 B
Progress (2): 156 kB | 969 B
Progress (2): 161 kB | 969 B
Progress (2): 165 kB | 969 B
Progress (2): 169 kB | 969 B
Progress (2): 173 kB | 969 B
Progress (2): 177 kB | 969 B
Progress (2): 181 kB | 969 B
Progress (2): 185 kB | 969 B
Progress (2): 189 kB | 969 B
Progress (2): 193 kB | 969 B
Progress (2): 197 kB | 969 B
Progress (3): 197 kB | 969 B | 963 B
Progress (3): 202 kB | 969 B | 963 B
Progress (4): 202 kB | 969 B | 963 B | 3.8 kB
Progress (4): 202 kB | 969 B | 963 B | 7.9 kB
Progress (4): 202 kB | 969 B | 963 B | 12 kB 
Progress (4): 206 kB | 969 B | 963 B | 12 kB
Progress (4): 210 kB | 969 B | 963 B | 12 kB
Progress (4): 214 kB | 969 B | 963 B | 12 kB
Progress (4): 218 kB | 969 B | 963 B | 12 kB
Progress (4): 222 kB | 969 B | 963 B | 12 kB
Progress (4): 226 kB | 969 B | 963 B | 12 kB
Progress (4): 230 kB | 969 B | 963 B | 12 kB
Progress (4): 234 kB | 969 B | 963 B | 12 kB
Progress (4): 238 kB | 969 B | 963 B | 12 kB
Progress (4): 242 kB | 969 B | 963 B | 12 kB
Progress (4): 247 kB | 969 B | 963 B | 12 kB
Progress (4): 251 kB | 969 B | 963 B | 12 kB
Progress (4): 255 kB | 969 B | 963 B | 12 kB
Progress (4): 259 kB | 969 B | 963 B | 12 kB
Progress (4): 263 kB | 969 B | 963 B | 12 kB
Progress (4): 267 kB | 969 B | 963 B | 12 kB
Progress (4): 271 kB | 969 B | 963 B | 12 kB
Progress (4): 275 kB | 969 B | 963 B | 12 kB
Progress (4): 279 kB | 969 B | 963 B | 12 kB
Progress (4): 283 kB | 969 B | 963 B | 12 kB
Progress (4): 288 kB | 969 B | 963 B | 12 kB
Progress (4): 288 kB | 969 B | 963 B | 16 kB
Progress (4): 292 kB | 969 B | 963 B | 16 kB
Progress (4): 296 kB | 969 B | 963 B | 16 kB
Progress (4): 300 kB | 969 B | 963 B | 16 kB
Progress (4): 300 kB | 969 B | 963 B | 20 kB
Progress (4): 304 kB | 969 B | 963 B | 20 kB
Progress (4): 304 kB | 969 B | 963 B | 24 kB
Progress (4): 304 kB | 969 B | 963 B | 28 kB
Progress (4): 304 kB | 969 B | 963 B | 32 kB
Progress (4): 308 kB | 969 B | 963 B | 32 kB
Progress (4): 312 kB | 969 B | 963 B | 32 kB
Progress (4): 316 kB | 969 B | 963 B | 32 kB
Progress (4): 320 kB | 969 B | 963 B | 32 kB
Progress (4): 324 kB | 969 B | 963 B | 32 kB
Progress (4): 329 kB | 969 B | 963 B | 32 kB
Progress (4): 333 kB | 969 B | 963 B | 32 kB
Progress (4): 337 kB | 969 B | 963 B | 32 kB
Progress (4): 341 kB | 969 B | 963 B | 32 kB
Progress (4): 345 kB | 969 B | 963 B | 32 kB
Progress (4): 349 kB | 969 B | 963 B | 32 kB
Progress (4): 353 kB | 969 B | 963 B | 32 kB
Progress (4): 357 kB | 969 B | 963 B | 32 kB
Progress (4): 361 kB | 969 B | 963 B | 32 kB
Progress (4): 365 kB | 969 B | 963 B | 32 kB
Progress (4): 369 kB | 969 B | 963 B | 32 kB
Progress (4): 374 kB | 969 B | 963 B | 32 kB
Progress (4): 378 kB | 969 B | 963 B | 32 kB
Progress (4): 382 kB | 969 B | 963 B | 32 kB
Progress (4): 386 kB | 969 B | 963 B | 32 kB
Progress (4): 390 kB | 969 B | 963 B | 32 kB
Progress (4): 394 kB | 969 B | 963 B | 32 kB
Progress (4): 398 kB | 969 B | 963 B | 32 kB
Progress (4): 402 kB | 969 B | 963 B | 32 kB
Progress (4): 406 kB | 969 B | 963 B | 32 kB
Progress (4): 410 kB | 969 B | 963 B | 32 kB
Progress (4): 415 kB | 969 B | 963 B | 32 kB
Progress (4): 419 kB | 969 B | 963 B | 32 kB
Progress (4): 423 kB | 969 B | 963 B | 32 kB
Progress (4): 423 kB | 969 B | 963 B | 36 kB
Progress (4): 423 kB | 969 B | 963 B | 39 kB
Progress (4): 427 kB | 969 B | 963 B | 39 kB
Progress (4): 431 kB | 969 B | 963 B | 39 kB
Progress (4): 435 kB | 969 B | 963 B | 39 kB
Progress (4): 439 kB | 969 B | 963 B | 39 kB
Progress (4): 443 kB | 969 B | 963 B | 39 kB
Progress (4): 447 kB | 969 B | 963 B | 39 kB
Progress (4): 451 kB | 969 B | 963 B | 39 kB
Progress (4): 455 kB | 969 B | 963 B | 39 kB
Progress (4): 460 kB | 969 B | 963 B | 39 kB
Progress (4): 464 kB | 969 B | 963 B | 39 kB
Progress (4): 468 kB | 969 B | 963 B | 39 kB
Progress (4): 472 kB | 969 B | 963 B | 39 kB
Progress (4): 476 kB | 969 B | 963 B | 39 kB
Progress (4): 480 kB | 969 B | 963 B | 39 kB
Progress (4): 484 kB | 969 B | 963 B | 39 kB
Progress (4): 488 kB | 969 B | 963 B | 39 kB
Progress (4): 492 kB | 969 B | 963 B | 39 kB
Progress (4): 496 kB | 969 B | 963 B | 39 kB
Progress (4): 501 kB | 969 B | 963 B | 39 kB
Progress (4): 505 kB | 969 B | 963 B | 39 kB
Progress (4): 509 kB | 969 B | 963 B | 39 kB
Progress (4): 513 kB | 969 B | 963 B | 39 kB
Progress (4): 517 kB | 969 B | 963 B | 39 kB
Progress (4): 521 kB | 969 B | 963 B | 39 kB
Progress (4): 525 kB | 969 B | 963 B | 39 kB
Progress (4): 529 kB | 969 B | 963 B | 39 kB
Progress (4): 533 kB | 969 B | 963 B | 39 kB
Progress (4): 537 kB | 969 B | 963 B | 39 kB
Progress (4): 541 kB | 969 B | 963 B | 39 kB
Progress (4): 546 kB | 969 B | 963 B | 39 kB
Progress (4): 550 kB | 969 B | 963 B | 39 kB
Progress (4): 554 kB | 969 B | 963 B | 39 kB
                                            
Downloaded from aiban-tianyin-core: https://aiban-maven.pkg.coding.net/repository/tianyin/core/org/jetbrains/kotlin/kotlin-stdlib-jdk8/1.8.22/kotlin-stdlib-jdk8-1.8.22.jar (969 B at 1.9 kB/s)
Progress (3): 558 kB | 963 B | 39 kB
                                    
Downloading from aiban-tianyin-core: https://aiban-maven.pkg.coding.net/repository/tianyin/core/org/springframework/spring-web/6.0.21/spring-web-6.0.21.jar
Progress (3): 562 kB | 963 B | 39 kB
Progress (3): 566 kB | 963 B | 39 kB
Progress (3): 570 kB | 963 B | 39 kB
Progress (3): 574 kB | 963 B | 39 kB
Progress (3): 578 kB | 963 B | 39 kB
Progress (3): 582 kB | 963 B | 39 kB
Progress (3): 587 kB | 963 B | 39 kB
Progress (3): 591 kB | 963 B | 39 kB
Progress (3): 595 kB | 963 B | 39 kB
Progress (3): 595 kB | 963 B | 43 kB
Progress (3): 599 kB | 963 B | 43 kB
Progress (3): 599 kB | 963 B | 47 kB
Progress (3): 603 kB | 963 B | 47 kB
Progress (3): 607 kB | 963 B | 47 kB
Progress (3): 611 kB | 963 B | 47 kB
Progress (3): 615 kB | 963 B | 47 kB
Progress (3): 615 kB | 963 B | 51 kB
Progress (3): 615 kB | 963 B | 55 kB
Progress (3): 615 kB | 963 B | 59 kB
                                    
Downloaded from aiban-tianyin-core: https://aiban-maven.pkg.coding.net/repository/tianyin/core/org/jetbrains/kotlin/kotlin-stdlib-jdk7/1.8.22/kotlin-stdlib-jdk7-1.8.22.jar (963 B at 1.9 kB/s)
Progress (2): 615 kB | 63 kB
                            
Downloading from aiban-tianyin-core: https://aiban-maven.pkg.coding.net/repository/tianyin/core/io/micrometer/micrometer-observation/1.11.12/micrometer-observation-1.11.12.jar
Progress (2): 615 kB | 68 kB
Progress (2): 615 kB | 72 kB
Progress (2): 615 kB | 76 kB
Progress (2): 619 kB | 76 kB
Progress (2): 623 kB | 76 kB
Progress (2): 628 kB | 76 kB
Progress (2): 632 kB | 76 kB
Progress (2): 636 kB | 76 kB
Progress (2): 640 kB | 76 kB
Progress (2): 644 kB | 76 kB
Progress (3): 644 kB | 76 kB | 4.0 kB
Progress (3): 644 kB | 76 kB | 8.1 kB
Progress (3): 644 kB | 76 kB | 12 kB 
Progress (3): 648 kB | 76 kB | 12 kB
Progress (3): 652 kB | 76 kB | 12 kB
Progress (3): 656 kB | 76 kB | 12 kB
Progress (3): 660 kB | 76 kB | 12 kB
Progress (3): 664 kB | 76 kB | 12 kB
Progress (3): 668 kB | 76 kB | 12 kB
Progress (3): 673 kB | 76 kB | 12 kB
Progress (3): 677 kB | 76 kB | 12 kB
Progress (3): 681 kB | 76 kB | 12 kB
Progress (3): 685 kB | 76 kB | 12 kB
Progress (3): 689 kB | 76 kB | 12 kB
Progress (3): 693 kB | 76 kB | 12 kB
Progress (3): 697 kB | 76 kB | 12 kB
Progress (3): 701 kB | 76 kB | 12 kB
Progress (3): 705 kB | 76 kB | 12 kB
Progress (3): 709 kB | 76 kB | 12 kB
Progress (3): 714 kB | 76 kB | 12 kB
Progress (3): 718 kB | 76 kB | 12 kB
Progress (3): 722 kB | 76 kB | 12 kB
Progress (3): 726 kB | 76 kB | 12 kB
Progress (3): 730 kB | 76 kB | 12 kB
Progress (3): 734 kB | 76 kB | 12 kB
Progress (3): 738 kB | 76 kB | 12 kB
Progress (3): 742 kB | 76 kB | 12 kB
Progress (3): 746 kB | 76 kB | 12 kB
Progress (3): 750 kB | 76 kB | 12 kB
Progress (3): 754 kB | 76 kB | 12 kB
Progress (3): 759 kB | 76 kB | 12 kB
Progress (3): 763 kB | 76 kB | 12 kB
Progress (3): 767 kB | 76 kB | 12 kB
Progress (3): 771 kB | 76 kB | 12 kB
Progress (3): 775 kB | 76 kB | 12 kB
Progress (3): 775 kB | 80 kB | 12 kB
Progress (3): 775 kB | 84 kB | 12 kB
Progress (3): 775 kB | 88 kB | 12 kB
Progress (3): 775 kB | 92 kB | 12 kB
Progress (3): 779 kB | 92 kB | 12 kB
Progress (3): 783 kB | 92 kB | 12 kB
Progress (3): 787 kB | 92 kB | 12 kB
Progress (3): 791 kB | 92 kB | 12 kB
Progress (3): 795 kB | 92 kB | 12 kB
Progress (3): 800 kB | 92 kB | 12 kB
Progress (3): 804 kB | 92 kB | 12 kB
Progress (3): 808 kB | 92 kB | 12 kB
Progress (3): 812 kB | 92 kB | 12 kB
Progress (3): 816 kB | 92 kB | 12 kB
Progress (3): 820 kB | 92 kB | 12 kB
Progress (3): 824 kB | 92 kB | 12 kB
Progress (3): 828 kB | 92 kB | 12 kB
Progress (3): 832 kB | 92 kB | 12 kB
Progress (3): 836 kB | 92 kB | 12 kB
Progress (3): 841 kB | 92 kB | 12 kB
Progress (3): 845 kB | 92 kB | 12 kB
Progress (3): 849 kB | 92 kB | 12 kB
Progress (3): 853 kB | 92 kB | 12 kB
Progress (3): 857 kB | 92 kB | 12 kB
Progress (3): 861 kB | 92 kB | 12 kB
Progress (3): 865 kB | 92 kB | 12 kB
Progress (3): 869 kB | 92 kB | 12 kB
Progress (3): 873 kB | 92 kB | 12 kB
Progress (3): 877 kB | 92 kB | 12 kB
Progress (3): 881 kB | 92 kB | 12 kB
Progress (3): 886 kB | 92 kB | 12 kB
Progress (3): 890 kB | 92 kB | 12 kB
Progress (3): 894 kB | 92 kB | 12 kB
Progress (3): 898 kB | 92 kB | 12 kB
Progress (3): 902 kB | 92 kB | 12 kB
Progress (3): 906 kB | 92 kB | 12 kB
Progress (3): 910 kB | 92 kB | 12 kB
Progress (3): 914 kB | 92 kB | 12 kB
Progress (3): 918 kB | 92 kB | 12 kB
Progress (3): 922 kB | 92 kB | 12 kB
Progress (3): 927 kB | 92 kB | 12 kB
Progress (3): 931 kB | 92 kB | 12 kB
Progress (3): 935 kB | 92 kB | 12 kB
Progress (3): 939 kB | 92 kB | 12 kB
Progress (3): 939 kB | 96 kB | 12 kB
Progress (3): 943 kB | 96 kB | 12 kB
Progress (3): 943 kB | 100 kB | 12 kB
Progress (3): 943 kB | 104 kB | 12 kB
Progress (3): 943 kB | 108 kB | 12 kB
Progress (3): 943 kB | 113 kB | 12 kB
Progress (3): 943 kB | 117 kB | 12 kB
Progress (3): 947 kB | 117 kB | 12 kB
Progress (3): 951 kB | 117 kB | 12 kB
Progress (3): 955 kB | 117 kB | 12 kB
Progress (3): 959 kB | 117 kB | 12 kB
Progress (3): 963 kB | 117 kB | 12 kB
Progress (3): 963 kB | 121 kB | 12 kB
Progress (3): 967 kB | 121 kB | 12 kB
Progress (3): 967 kB | 125 kB | 12 kB
Progress (3): 972 kB | 125 kB | 12 kB
Progress (3): 972 kB | 129 kB | 12 kB
Progress (3): 976 kB | 129 kB | 12 kB
Progress (3): 976 kB | 133 kB | 12 kB
Progress (3): 976 kB | 137 kB | 12 kB
Progress (3): 976 kB | 141 kB | 12 kB
Progress (3): 976 kB | 145 kB | 12 kB
Progress (3): 976 kB | 149 kB | 12 kB
Progress (3): 980 kB | 149 kB | 12 kB
Progress (3): 980 kB | 154 kB | 12 kB
Progress (3): 984 kB | 154 kB | 12 kB
Progress (3): 984 kB | 158 kB | 12 kB
Progress (3): 984 kB | 162 kB | 12 kB
Progress (3): 984 kB | 166 kB | 12 kB
Progress (3): 984 kB | 170 kB | 12 kB
Progress (3): 988 kB | 170 kB | 12 kB
Progress (3): 992 kB | 170 kB | 12 kB
Progress (3): 996 kB | 170 kB | 12 kB
Progress (3): 1.0 MB | 170 kB | 12 kB
Progress (3): 1.0 MB | 170 kB | 12 kB
Progress (3): 1.0 MB | 170 kB | 12 kB
Progress (3): 1.0 MB | 170 kB | 12 kB
Progress (3): 1.0 MB | 170 kB | 12 kB
Progress (3): 1.0 MB | 170 kB | 12 kB
Progress (3): 1.0 MB | 170 kB | 12 kB
Progress (3): 1.0 MB | 170 kB | 12 kB
Progress (3): 1.0 MB | 170 kB | 12 kB
Progress (3): 1.0 MB | 170 kB | 12 kB
Progress (3): 1.0 MB | 170 kB | 12 kB
Progress (3): 1.0 MB | 170 kB | 12 kB
Progress (3): 1.0 MB | 170 kB | 12 kB
Progress (3): 1.1 MB | 170 kB | 12 kB
Progress (3): 1.1 MB | 170 kB | 12 kB
Progress (3): 1.1 MB | 170 kB | 12 kB
Progress (3): 1.1 MB | 170 kB | 12 kB
Progress (3): 1.1 MB | 170 kB | 12 kB
Progress (3): 1.1 MB | 170 kB | 12 kB
Progress (3): 1.1 MB | 170 kB | 12 kB
Progress (3): 1.1 MB | 170 kB | 12 kB
Progress (3): 1.1 MB | 170 kB | 12 kB
Progress (3): 1.1 MB | 170 kB | 12 kB
Progress (3): 1.1 MB | 170 kB | 12 kB
Progress (3): 1.1 MB | 170 kB | 12 kB
Progress (3): 1.1 MB | 170 kB | 12 kB
Progress (3): 1.1 MB | 170 kB | 12 kB
Progress (3): 1.1 MB | 170 kB | 12 kB
Progress (3): 1.1 MB | 170 kB | 12 kB
Progress (3): 1.1 MB | 170 kB | 12 kB
Progress (3): 1.1 MB | 170 kB | 12 kB
Progress (3): 1.1 MB | 170 kB | 12 kB
Progress (3): 1.1 MB | 170 kB | 12 kB
Progress (3): 1.1 MB | 170 kB | 12 kB
Progress (3): 1.1 MB | 170 kB | 12 kB
Progress (3): 1.1 MB | 170 kB | 12 kB
Progress (3): 1.1 MB | 174 kB | 12 kB
Progress (3): 1.1 MB | 178 kB | 12 kB
Progress (3): 1.1 MB | 182 kB | 12 kB
Progress (3): 1.1 MB | 186 kB | 12 kB
Progress (3): 1.1 MB | 190 kB | 12 kB
Progress (3): 1.1 MB | 194 kB | 12 kB
Progress (3): 1.1 MB | 199 kB | 12 kB
Progress (3): 1.1 MB | 203 kB | 12 kB
Progress (3): 1.1 MB | 203 kB | 12 kB
Progress (3): 1.1 MB | 207 kB | 12 kB
Progress (3): 1.2 MB | 207 kB | 12 kB
Progress (3): 1.2 MB | 207 kB | 12 kB
Progress (3): 1.2 MB | 207 kB | 12 kB
Progress (3): 1.2 MB | 207 kB | 12 kB
Progress (3): 1.2 MB | 207 kB | 12 kB
Progress (3): 1.2 MB | 207 kB | 12 kB
Progress (3): 1.2 MB | 207 kB | 12 kB
Progress (3): 1.2 MB | 207 kB | 12 kB
Progress (3): 1.2 MB | 207 kB | 12 kB
Progress (3): 1.2 MB | 207 kB | 12 kB
Progress (3): 1.2 MB | 207 kB | 12 kB
Progress (3): 1.2 MB | 207 kB | 12 kB
Progress (3): 1.2 MB | 207 kB | 12 kB
Progress (3): 1.2 MB | 207 kB | 12 kB
Progress (3): 1.2 MB | 207 kB | 12 kB
Progress (3): 1.2 MB | 207 kB | 12 kB
Progress (3): 1.2 MB | 207 kB | 12 kB
Progress (3): 1.2 MB | 207 kB | 12 kB
Progress (3): 1.2 MB | 207 kB | 12 kB
Progress (3): 1.2 MB | 207 kB | 12 kB
Progress (3): 1.2 MB | 207 kB | 12 kB
Progress (3): 1.2 MB | 207 kB | 12 kB
Progress (3): 1.2 MB | 207 kB | 12 kB
Progress (3): 1.2 MB | 207 kB | 12 kB
Progress (3): 1.3 MB | 207 kB | 12 kB
Progress (3): 1.3 MB | 207 kB | 12 kB
Progress (3): 1.3 MB | 207 kB | 12 kB
Progress (3): 1.3 MB | 207 kB | 12 kB
Progress (3): 1.3 MB | 207 kB | 12 kB
Progress (3): 1.3 MB | 207 kB | 12 kB
Progress (3): 1.3 MB | 207 kB | 12 kB
Progress (3): 1.3 MB | 207 kB | 12 kB
Progress (3): 1.3 MB | 207 kB | 12 kB
Progress (3): 1.3 MB | 207 kB | 12 kB
Progress (3): 1.3 MB | 207 kB | 12 kB
Progress (3): 1.3 MB | 207 kB | 12 kB
Progress (3): 1.3 MB | 207 kB | 12 kB
Progress (3): 1.3 MB | 207 kB | 12 kB
Progress (3): 1.3 MB | 207 kB | 12 kB
Progress (3): 1.3 MB | 211 kB | 12 kB
Progress (3): 1.3 MB | 215 kB | 12 kB
Progress (3): 1.3 MB | 215 kB | 12 kB
Progress (3): 1.3 MB | 219 kB | 12 kB
Progress (3): 1.3 MB | 219 kB | 12 kB
Progress (3): 1.3 MB | 221 kB | 12 kB
Progress (3): 1.3 MB | 221 kB | 12 kB
Progress (3): 1.3 MB | 221 kB | 12 kB
Progress (3): 1.3 MB | 221 kB | 12 kB
Progress (3): 1.3 MB | 221 kB | 12 kB
Progress (3): 1.3 MB | 221 kB | 12 kB
Progress (3): 1.3 MB | 221 kB | 12 kB
Progress (3): 1.3 MB | 221 kB | 12 kB
Progress (3): 1.3 MB | 221 kB | 12 kB
Progress (3): 1.4 MB | 221 kB | 12 kB
Progress (3): 1.4 MB | 221 kB | 12 kB
Progress (3): 1.4 MB | 221 kB | 12 kB
Progress (3): 1.4 MB | 221 kB | 12 kB
Progress (3): 1.4 MB | 221 kB | 12 kB
Progress (3): 1.4 MB | 221 kB | 12 kB
Progress (3): 1.4 MB | 221 kB | 12 kB
Progress (3): 1.4 MB | 221 kB | 12 kB
Progress (3): 1.4 MB | 221 kB | 12 kB
Progress (3): 1.4 MB | 221 kB | 12 kB
Progress (3): 1.4 MB | 221 kB | 12 kB
Progress (3): 1.4 MB | 221 kB | 12 kB
Progress (3): 1.4 MB | 221 kB | 12 kB
Progress (3): 1.4 MB | 221 kB | 12 kB
Progress (3): 1.4 MB | 221 kB | 12 kB
Progress (3): 1.4 MB | 221 kB | 12 kB
Progress (3): 1.4 MB | 221 kB | 12 kB
Progress (3): 1.4 MB | 221 kB | 12 kB
Progress (3): 1.4 MB | 221 kB | 12 kB
Progress (3): 1.4 MB | 221 kB | 12 kB
Progress (3): 1.4 MB | 221 kB | 12 kB
Progress (3): 1.4 MB | 221 kB | 12 kB
Progress (3): 1.4 MB | 221 kB | 12 kB
Progress (3): 1.4 MB | 221 kB | 12 kB
Progress (3): 1.5 MB | 221 kB | 12 kB
Progress (3): 1.5 MB | 221 kB | 12 kB
Progress (3): 1.5 MB | 221 kB | 12 kB
Progress (3): 1.5 MB | 221 kB | 12 kB
Progress (3): 1.5 MB | 221 kB | 12 kB
Progress (3): 1.5 MB | 221 kB | 12 kB
Progress (3): 1.5 MB | 221 kB | 12 kB
Progress (3): 1.5 MB | 221 kB | 12 kB
Progress (3): 1.5 MB | 221 kB | 12 kB
Progress (3): 1.5 MB | 221 kB | 12 kB
Progress (3): 1.5 MB | 221 kB | 12 kB
Progress (3): 1.5 MB | 221 kB | 12 kB
Progress (3): 1.5 MB | 221 kB | 12 kB
Progress (3): 1.5 MB | 221 kB | 12 kB
Progress (3): 1.5 MB | 221 kB | 12 kB
Progress (3): 1.5 MB | 221 kB | 12 kB
Progress (3): 1.5 MB | 221 kB | 12 kB
Progress (3): 1.5 MB | 221 kB | 12 kB
Progress (3): 1.5 MB | 221 kB | 12 kB
Progress (3): 1.5 MB | 221 kB | 12 kB
Progress (3): 1.5 MB | 221 kB | 12 kB
Progress (3): 1.5 MB | 221 kB | 12 kB
Progress (3): 1.5 MB | 221 kB | 12 kB
Progress (3): 1.5 MB | 221 kB | 12 kB
Progress (3): 1.5 MB | 221 kB | 12 kB
Progress (3): 1.6 MB | 221 kB | 12 kB
Progress (3): 1.6 MB | 221 kB | 12 kB
Progress (3): 1.6 MB | 221 kB | 12 kB
Progress (3): 1.6 MB | 221 kB | 12 kB
Progress (3): 1.6 MB | 221 kB | 12 kB
Progress (3): 1.6 MB | 221 kB | 12 kB
Progress (3): 1.6 MB | 221 kB | 12 kB
Progress (3): 1.6 MB | 221 kB | 12 kB
Progress (3): 1.6 MB | 221 kB | 12 kB
Progress (3): 1.6 MB | 221 kB | 12 kB
Progress (3): 1.6 MB | 221 kB | 12 kB
Progress (3): 1.6 MB | 221 kB | 12 kB
Progress (3): 1.6 MB | 221 kB | 12 kB
Progress (3): 1.6 MB | 221 kB | 12 kB
Progress (3): 1.6 MB | 221 kB | 12 kB
Progress (3): 1.6 MB | 221 kB | 12 kB
Progress (3): 1.6 MB | 221 kB | 12 kB
Progress (3): 1.6 MB | 221 kB | 12 kB
Progress (3): 1.6 MB | 221 kB | 12 kB
Progress (3): 1.6 MB | 221 kB | 12 kB
Progress (3): 1.6 MB | 221 kB | 12 kB
Progress (3): 1.6 MB | 221 kB | 12 kB
Progress (3): 1.6 MB | 221 kB | 12 kB
Progress (3): 1.6 MB | 221 kB | 12 kB
Progress (3): 1.7 MB | 221 kB | 12 kB
Progress (3): 1.7 MB | 221 kB | 12 kB
Progress (3): 1.7 MB | 221 kB | 12 kB
Progress (3): 1.7 MB | 221 kB | 12 kB
Progress (3): 1.7 MB | 221 kB | 12 kB
Progress (3): 1.7 MB | 221 kB | 12 kB
Progress (4): 1.7 MB | 221 kB | 12 kB | 2.6 kB
                                              
Downloaded from aiban-tianyin-core: https://aiban-maven.pkg.coding.net/repository/tianyin/core/org/apache/logging/log4j/log4j-jcl/2.20.0/log4j-jcl-2.20.0.jar (12 kB at 16 kB/s)
Progress (3): 1.7 MB | 221 kB | 6.7 kB
                                      
Downloading from aiban-tianyin-core: https://aiban-maven.pkg.coding.net/repository/tianyin/core/io/micrometer/micrometer-commons/1.11.12/micrometer-commons-1.11.12.jar
Progress (3): 1.7 MB | 221 kB | 11 kB
Progress (3): 1.7 MB | 221 kB | 14 kB
Progress (3): 1.7 MB | 221 kB | 17 kB
Progress (3): 1.7 MB | 221 kB | 19 kB
Progress (3): 1.7 MB | 221 kB | 23 kB
Progress (3): 1.7 MB | 221 kB | 28 kB
Progress (3): 1.7 MB | 221 kB | 32 kB
Progress (3): 1.7 MB | 221 kB | 36 kB
Progress (3): 1.7 MB | 221 kB | 38 kB
                                     
Downloaded from aiban-tianyin-core: https://aiban-maven.pkg.coding.net/repository/tianyin/core/org/jetbrains/kotlin/kotlin-stdlib-common/1.8.22/kotlin-stdlib-common-1.8.22.jar (221 kB at 261 kB/s)
Progress (2): 1.7 MB | 40 kB
Progress (2): 1.7 MB | 42 kB
Progress (2): 1.7 MB | 46 kB
Progress (2): 1.7 MB | 50 kB
Progress (2): 1.7 MB | 53 kB
Progress (2): 1.7 MB | 56 kB
Progress (2): 1.7 MB | 60 kB
Progress (2): 1.7 MB | 64 kB
Progress (2): 1.7 MB | 68 kB
Progress (2): 1.7 MB | 71 kB
                            
Downloaded from aiban-tianyin-core: https://aiban-maven.pkg.coding.net/repository/tianyin/core/org/jetbrains/kotlin/kotlin-stdlib/1.8.22/kotlin-stdlib-1.8.22.jar (1.7 MB at 1.8 MB/s)
Progress (2): 71 kB | 4.1 kB
Progress (2): 71 kB | 8.2 kB
Progress (2): 71 kB | 11 kB 
Progress (2): 71 kB | 14 kB
Progress (2): 71 kB | 17 kB
Progress (2): 71 kB | 19 kB
Progress (2): 71 kB | 22 kB
Progress (2): 71 kB | 25 kB
Progress (2): 71 kB | 28 kB
Progress (2): 71 kB | 32 kB
Progress (2): 71 kB | 35 kB
Progress (2): 71 kB | 38 kB
Progress (3): 71 kB | 38 kB | 4.0 kB
Progress (3): 71 kB | 38 kB | 8.1 kB
Progress (3): 71 kB | 38 kB | 11 kB 
Progress (3): 71 kB | 41 kB | 11 kB
Progress (3): 71 kB | 43 kB | 11 kB
Progress (3): 71 kB | 46 kB | 11 kB
Progress (3): 71 kB | 49 kB | 11 kB
Progress (3): 71 kB | 53 kB | 11 kB
Progress (3): 71 kB | 56 kB | 11 kB
Progress (3): 71 kB | 60 kB | 11 kB
Progress (3): 71 kB | 64 kB | 11 kB
Progress (3): 71 kB | 68 kB | 11 kB
Progress (3): 71 kB | 72 kB | 11 kB
Progress (3): 71 kB | 76 kB | 11 kB
Progress (3): 71 kB | 80 kB | 11 kB
Progress (3): 71 kB | 84 kB | 11 kB
Progress (3): 71 kB | 88 kB | 11 kB
Progress (3): 71 kB | 93 kB | 11 kB
Progress (3): 71 kB | 93 kB | 14 kB
Progress (3): 71 kB | 93 kB | 17 kB
Progress (3): 71 kB | 93 kB | 21 kB
Progress (3): 71 kB | 93 kB | 24 kB
Progress (3): 71 kB | 93 kB | 26 kB
Progress (3): 71 kB | 93 kB | 31 kB
Progress (3): 71 kB | 93 kB | 33 kB
Progress (3): 71 kB | 93 kB | 36 kB
Progress (3): 71 kB | 97 kB | 36 kB
Progress (3): 71 kB | 97 kB | 39 kB
Progress (3): 71 kB | 101 kB | 39 kB
Progress (3): 71 kB | 105 kB | 39 kB
Progress (3): 71 kB | 109 kB | 39 kB
Progress (3): 71 kB | 113 kB | 39 kB
Progress (3): 71 kB | 117 kB | 39 kB
Progress (3): 71 kB | 121 kB | 39 kB
Progress (3): 71 kB | 125 kB | 39 kB
Progress (3): 71 kB | 129 kB | 39 kB
Progress (3): 71 kB | 134 kB | 39 kB
Progress (3): 71 kB | 138 kB | 39 kB
Progress (3): 71 kB | 142 kB | 39 kB
Progress (3): 71 kB | 146 kB | 39 kB
Progress (3): 71 kB | 150 kB | 39 kB
Progress (3): 71 kB | 154 kB | 39 kB
Progress (3): 71 kB | 158 kB | 39 kB
Progress (3): 71 kB | 162 kB | 39 kB
Progress (3): 71 kB | 166 kB | 39 kB
Progress (3): 71 kB | 170 kB | 39 kB
Progress (3): 71 kB | 175 kB | 39 kB
                                    
Downloaded from aiban-tianyin-core: https://aiban-maven.pkg.coding.net/repository/tianyin/core/io/micrometer/micrometer-observation/1.11.12/micrometer-observation-1.11.12.jar (71 kB at 58 kB/s)
Progress (2): 179 kB | 39 kB
Progress (2): 183 kB | 39 kB
Progress (2): 187 kB | 39 kB
Progress (2): 191 kB | 39 kB
Progress (2): 195 kB | 39 kB
Progress (2): 199 kB | 39 kB
Progress (2): 203 kB | 39 kB
Progress (2): 207 kB | 39 kB
Progress (2): 207 kB | 42 kB
Progress (2): 207 kB | 44 kB
Progress (2): 207 kB | 47 kB
Progress (2): 211 kB | 47 kB
Progress (2): 215 kB | 47 kB
Progress (2): 220 kB | 47 kB
Progress (2): 224 kB | 47 kB
Progress (2): 228 kB | 47 kB
Progress (2): 232 kB | 47 kB
Progress (2): 236 kB | 47 kB
Progress (2): 240 kB | 47 kB
Progress (2): 244 kB | 47 kB
Progress (2): 248 kB | 47 kB
Progress (2): 252 kB | 47 kB
Progress (2): 256 kB | 47 kB
Progress (2): 261 kB | 47 kB
Progress (2): 265 kB | 47 kB
Progress (2): 269 kB | 47 kB
Progress (2): 273 kB | 47 kB
Progress (2): 277 kB | 47 kB
Progress (2): 281 kB | 47 kB
Progress (2): 285 kB | 47 kB
Progress (2): 289 kB | 47 kB
Progress (2): 293 kB | 47 kB
Progress (2): 297 kB | 47 kB
Progress (2): 301 kB | 47 kB
Progress (2): 306 kB | 47 kB
Progress (2): 310 kB | 47 kB
Progress (2): 314 kB | 47 kB
Progress (2): 318 kB | 47 kB
Progress (2): 322 kB | 47 kB
Progress (2): 326 kB | 47 kB
Progress (2): 330 kB | 47 kB
Progress (2): 334 kB | 47 kB
Progress (2): 338 kB | 47 kB
Progress (2): 342 kB | 47 kB
Progress (2): 347 kB | 47 kB
Progress (2): 351 kB | 47 kB
Progress (2): 355 kB | 47 kB
Progress (2): 359 kB | 47 kB
Progress (2): 363 kB | 47 kB
Progress (2): 367 kB | 47 kB
Progress (2): 371 kB | 47 kB
Progress (2): 375 kB | 47 kB
Progress (2): 379 kB | 47 kB
Progress (2): 383 kB | 47 kB
Progress (2): 387 kB | 47 kB
Progress (2): 392 kB | 47 kB
Progress (2): 396 kB | 47 kB
Progress (2): 400 kB | 47 kB
Progress (2): 404 kB | 47 kB
Progress (2): 408 kB | 47 kB
Progress (2): 412 kB | 47 kB
Progress (2): 416 kB | 47 kB
Progress (2): 420 kB | 47 kB
Progress (2): 424 kB | 47 kB
Progress (2): 428 kB | 47 kB
Progress (2): 433 kB | 47 kB
Progress (2): 437 kB | 47 kB
Progress (2): 441 kB | 47 kB
Progress (2): 445 kB | 47 kB
Progress (2): 449 kB | 47 kB
Progress (2): 453 kB | 47 kB
Progress (2): 457 kB | 47 kB
Progress (2): 461 kB | 47 kB
Progress (2): 465 kB | 47 kB
Progress (2): 469 kB | 47 kB
Progress (2): 473 kB | 47 kB
Progress (2): 478 kB | 47 kB
Progress (2): 482 kB | 47 kB
Progress (2): 486 kB | 47 kB
Progress (2): 490 kB | 47 kB
Progress (2): 494 kB | 47 kB
Progress (2): 498 kB | 47 kB
Progress (2): 502 kB | 47 kB
Progress (2): 506 kB | 47 kB
Progress (2): 510 kB | 47 kB
Progress (2): 514 kB | 47 kB
Progress (2): 519 kB | 47 kB
Progress (2): 523 kB | 47 kB
Progress (2): 527 kB | 47 kB
Progress (2): 531 kB | 47 kB
Progress (2): 535 kB | 47 kB
Progress (2): 539 kB | 47 kB
Progress (2): 543 kB | 47 kB
Progress (2): 547 kB | 47 kB
Progress (2): 551 kB | 47 kB
Progress (2): 555 kB | 47 kB
Progress (2): 559 kB | 47 kB
Progress (2): 564 kB | 47 kB
Progress (2): 568 kB | 47 kB
Progress (2): 572 kB | 47 kB
Progress (2): 576 kB | 47 kB
Progress (2): 580 kB | 47 kB
Progress (2): 584 kB | 47 kB
Progress (2): 588 kB | 47 kB
Progress (2): 592 kB | 47 kB
Progress (2): 596 kB | 47 kB
Progress (2): 600 kB | 47 kB
Progress (2): 605 kB | 47 kB
Progress (2): 609 kB | 47 kB
Progress (2): 613 kB | 47 kB
Progress (2): 617 kB | 47 kB
Progress (2): 621 kB | 47 kB
Progress (2): 625 kB | 47 kB
Progress (2): 629 kB | 47 kB
Progress (2): 633 kB | 47 kB
Progress (2): 637 kB | 47 kB
Progress (2): 641 kB | 47 kB
Progress (2): 645 kB | 47 kB
Progress (2): 650 kB | 47 kB
Progress (2): 654 kB | 47 kB
Progress (2): 658 kB | 47 kB
Progress (2): 662 kB | 47 kB
Progress (2): 666 kB | 47 kB
Progress (2): 670 kB | 47 kB
Progress (2): 674 kB | 47 kB
Progress (2): 678 kB | 47 kB
Progress (2): 682 kB | 47 kB
Progress (2): 686 kB | 47 kB
Progress (2): 691 kB | 47 kB
Progress (2): 695 kB | 47 kB
Progress (2): 699 kB | 47 kB
Progress (2): 703 kB | 47 kB
Progress (2): 707 kB | 47 kB
Progress (2): 711 kB | 47 kB
Progress (2): 715 kB | 47 kB
Progress (2): 719 kB | 47 kB
Progress (2): 723 kB | 47 kB
Progress (2): 727 kB | 47 kB
Progress (2): 731 kB | 47 kB
Progress (2): 736 kB | 47 kB
Progress (2): 740 kB | 47 kB
Progress (2): 744 kB | 47 kB
Progress (2): 748 kB | 47 kB
Progress (2): 752 kB | 47 kB
Progress (2): 756 kB | 47 kB
Progress (2): 760 kB | 47 kB
Progress (2): 764 kB | 47 kB
Progress (2): 768 kB | 47 kB
Progress (2): 772 kB | 47 kB
Progress (2): 777 kB | 47 kB
Progress (2): 781 kB | 47 kB
Progress (2): 785 kB | 47 kB
Progress (2): 789 kB | 47 kB
Progress (2): 793 kB | 47 kB
Progress (2): 797 kB | 47 kB
Progress (2): 801 kB | 47 kB
Progress (2): 805 kB | 47 kB
Progress (2): 809 kB | 47 kB
Progress (2): 813 kB | 47 kB
Progress (2): 818 kB | 47 kB
Progress (2): 822 kB | 47 kB
Progress (2): 826 kB | 47 kB
Progress (2): 830 kB | 47 kB
Progress (2): 834 kB | 47 kB
Progress (2): 838 kB | 47 kB
Progress (2): 842 kB | 47 kB
Progress (2): 846 kB | 47 kB
Progress (2): 850 kB | 47 kB
Progress (2): 854 kB | 47 kB
Progress (2): 858 kB | 47 kB
Progress (2): 863 kB | 47 kB
Progress (2): 867 kB | 47 kB
Progress (2): 871 kB | 47 kB
Progress (2): 875 kB | 47 kB
Progress (2): 879 kB | 47 kB
Progress (2): 883 kB | 47 kB
Progress (2): 887 kB | 47 kB
Progress (2): 891 kB | 47 kB
Progress (2): 895 kB | 47 kB
Progress (2): 899 kB | 47 kB
Progress (2): 904 kB | 47 kB
Progress (2): 908 kB | 47 kB
Progress (2): 912 kB | 47 kB
Progress (2): 916 kB | 47 kB
Progress (2): 920 kB | 47 kB
Progress (2): 924 kB | 47 kB
Progress (2): 928 kB | 47 kB
Progress (2): 932 kB | 47 kB
Progress (2): 936 kB | 47 kB
Progress (2): 940 kB | 47 kB
Progress (2): 944 kB | 47 kB
Progress (2): 949 kB | 47 kB
Progress (2): 953 kB | 47 kB
Progress (2): 957 kB | 47 kB
Progress (2): 961 kB | 47 kB
Progress (2): 965 kB | 47 kB
Progress (2): 969 kB | 47 kB
Progress (2): 973 kB | 47 kB
Progress (2): 977 kB | 47 kB
Progress (2): 981 kB | 47 kB
Progress (2): 985 kB | 47 kB
Progress (2): 990 kB | 47 kB
Progress (2): 994 kB | 47 kB
Progress (2): 998 kB | 47 kB
Progress (2): 1.0 MB | 47 kB
Progress (2): 1.0 MB | 47 kB
Progress (2): 1.0 MB | 47 kB
Progress (2): 1.0 MB | 47 kB
Progress (2): 1.0 MB | 47 kB
Progress (2): 1.0 MB | 47 kB
Progress (2): 1.0 MB | 47 kB
Progress (2): 1.0 MB | 47 kB
Progress (2): 1.0 MB | 47 kB
Progress (2): 1.0 MB | 47 kB
Progress (2): 1.0 MB | 47 kB
Progress (2): 1.0 MB | 47 kB
Progress (2): 1.1 MB | 47 kB
Progress (2): 1.1 MB | 47 kB
Progress (2): 1.1 MB | 47 kB
Progress (2): 1.1 MB | 47 kB
Progress (2): 1.1 MB | 47 kB
Progress (2): 1.1 MB | 47 kB
Progress (2): 1.1 MB | 47 kB
Progress (2): 1.1 MB | 47 kB
Progress (2): 1.1 MB | 47 kB
Progress (2): 1.1 MB | 47 kB
Progress (2): 1.1 MB | 47 kB
Progress (2): 1.1 MB | 47 kB
                            
Downloaded from aiban-tianyin-core: https://aiban-maven.pkg.coding.net/repository/tianyin/core/io/micrometer/micrometer-commons/1.11.12/micrometer-commons-1.11.12.jar (47 kB at 33 kB/s)
Progress (1): 1.1 MB
Progress (1): 1.1 MB
Progress (1): 1.1 MB
Progress (1): 1.1 MB
Progress (1): 1.1 MB
Progress (1): 1.1 MB
Progress (1): 1.1 MB
Progress (1): 1.1 MB
Progress (1): 1.1 MB
Progress (1): 1.1 MB
Progress (1): 1.1 MB
Progress (1): 1.1 MB
Progress (1): 1.1 MB
Progress (1): 1.2 MB
Progress (1): 1.2 MB
Progress (1): 1.2 MB
Progress (1): 1.2 MB
Progress (1): 1.2 MB
Progress (1): 1.2 MB
Progress (1): 1.2 MB
Progress (1): 1.2 MB
Progress (1): 1.2 MB
Progress (1): 1.2 MB
Progress (1): 1.2 MB
Progress (1): 1.2 MB
Progress (1): 1.2 MB
Progress (1): 1.2 MB
Progress (1): 1.2 MB
Progress (1): 1.2 MB
Progress (1): 1.2 MB
Progress (1): 1.2 MB
Progress (1): 1.2 MB
Progress (1): 1.2 MB
Progress (1): 1.2 MB
Progress (1): 1.2 MB
Progress (1): 1.2 MB
Progress (1): 1.2 MB
Progress (1): 1.3 MB
Progress (1): 1.3 MB
Progress (1): 1.3 MB
Progress (1): 1.3 MB
Progress (1): 1.3 MB
Progress (1): 1.3 MB
Progress (1): 1.3 MB
Progress (1): 1.3 MB
Progress (1): 1.3 MB
Progress (1): 1.3 MB
Progress (1): 1.3 MB
Progress (1): 1.3 MB
Progress (1): 1.3 MB
Progress (1): 1.3 MB
Progress (1): 1.3 MB
Progress (1): 1.3 MB
Progress (1): 1.3 MB
Progress (1): 1.3 MB
Progress (1): 1.3 MB
Progress (1): 1.3 MB
Progress (1): 1.3 MB
Progress (1): 1.3 MB
Progress (1): 1.3 MB
Progress (1): 1.3 MB
Progress (1): 1.3 MB
Progress (1): 1.4 MB
Progress (1): 1.4 MB
Progress (1): 1.4 MB
Progress (1): 1.4 MB
Progress (1): 1.4 MB
Progress (1): 1.4 MB
Progress (1): 1.4 MB
Progress (1): 1.4 MB
Progress (1): 1.4 MB
Progress (1): 1.4 MB
Progress (1): 1.4 MB
Progress (1): 1.4 MB
Progress (1): 1.4 MB
Progress (1): 1.4 MB
Progress (1): 1.4 MB
Progress (1): 1.4 MB
Progress (1): 1.4 MB
Progress (1): 1.4 MB
Progress (1): 1.4 MB
Progress (1): 1.4 MB
Progress (1): 1.4 MB
Progress (1): 1.4 MB
Progress (1): 1.4 MB
Progress (1): 1.4 MB
Progress (1): 1.5 MB
Progress (1): 1.5 MB
Progress (1): 1.5 MB
Progress (1): 1.5 MB
Progress (1): 1.5 MB
Progress (1): 1.5 MB
Progress (1): 1.5 MB
Progress (1): 1.5 MB
Progress (1): 1.5 MB
Progress (1): 1.5 MB
Progress (1): 1.5 MB
Progress (1): 1.5 MB
Progress (1): 1.5 MB
Progress (1): 1.5 MB
Progress (1): 1.5 MB
Progress (1): 1.5 MB
Progress (1): 1.5 MB
Progress (1): 1.5 MB
Progress (1): 1.5 MB
Progress (1): 1.5 MB
Progress (1): 1.5 MB
Progress (1): 1.5 MB
Progress (1): 1.5 MB
Progress (1): 1.5 MB
Progress (1): 1.6 MB
Progress (1): 1.6 MB
Progress (1): 1.6 MB
Progress (1): 1.6 MB
Progress (1): 1.6 MB
Progress (1): 1.6 MB
Progress (1): 1.6 MB
Progress (1): 1.6 MB
Progress (1): 1.6 MB
Progress (1): 1.6 MB
Progress (1): 1.6 MB
Progress (1): 1.6 MB
Progress (1): 1.6 MB
Progress (1): 1.6 MB
Progress (1): 1.6 MB
Progress (1): 1.6 MB
Progress (1): 1.6 MB
Progress (1): 1.6 MB
Progress (1): 1.6 MB
Progress (1): 1.6 MB
Progress (1): 1.6 MB
Progress (1): 1.6 MB
Progress (1): 1.6 MB
Progress (1): 1.6 MB
Progress (1): 1.6 MB
Progress (1): 1.7 MB
Progress (1): 1.7 MB
Progress (1): 1.7 MB
Progress (1): 1.7 MB
Progress (1): 1.7 MB
Progress (1): 1.7 MB
Progress (1): 1.7 MB
Progress (1): 1.7 MB
Progress (1): 1.7 MB
Progress (1): 1.7 MB
Progress (1): 1.7 MB
Progress (1): 1.7 MB
Progress (1): 1.7 MB
Progress (1): 1.7 MB
Progress (1): 1.7 MB
Progress (1): 1.7 MB
Progress (1): 1.7 MB
Progress (1): 1.7 MB
Progress (1): 1.7 MB
Progress (1): 1.7 MB
Progress (1): 1.7 MB
Progress (1): 1.7 MB
Progress (1): 1.7 MB
Progress (1): 1.7 MB
Progress (1): 1.8 MB
Progress (1): 1.8 MB
Progress (1): 1.8 MB
Progress (1): 1.8 MB
Progress (1): 1.8 MB
Progress (1): 1.8 MB
Progress (1): 1.8 MB
                    
Downloaded from aiban-tianyin-core: https://aiban-maven.pkg.coding.net/repository/tianyin/core/org/springframework/spring-web/6.0.21/spring-web-6.0.21.jar (1.8 MB at 999 kB/s)
[[1;34mINFO[m] 
[[1;34mINFO[m] [1m--- [0;32mmaven-clean-plugin:3.4.0:clean[m [1m(default-clean)[m @ [36maxis2-spring-boot-starter[0;1m ---[m
[[1;34mINFO[m] 
[[1;34mINFO[m] [1m--- [0;32mmaven-enforcer-plugin:3.5.0:enforce[m [1m(default-cli)[m @ [36maxis2-spring-boot-starter[0;1m ---[m
[[1;34mINFO[m] Rule 1: org.apache.maven.enforcer.rules.version.RequireJavaVersion passed
[[1;34mINFO[m] [1m------------------------------------------------------------------------[m
[[1;34mINFO[m] [1;31mBUILD FAILURE[m
[[1;34mINFO[m] [1m------------------------------------------------------------------------[m
[[1;34mINFO[m] Total time:  5.198 s
[[1;34mINFO[m] Finished at: 2026-03-16T13:41:10+08:00
[[1;34mINFO[m] [1m------------------------------------------------------------------------[m
[[1;31mERROR[m] Failed to execute goal [32morg.apache.maven.plugins:maven-enforcer-plugin:3.5.0:enforce[m [1m(default-cli)[m on project [36maxis2-spring-boot-starter[m: [1;31m[m
[[1;31mERROR[m] [1;31mRule 0: org.apache.maven.enforcer.rules.version.RequireMavenVersion failed with message:[m
[[1;31mERROR[m] [1;31mYou are running an older version of Maven. This application requires at least Maven 3.9.9.[m
[[1;31mERROR[m] -> [1m[Help 1][m
[[1;31mERROR[m] 
[[1;31mERROR[m] To see the full stack trace of the errors, re-run Maven with the [1m-e[m switch.
[[1;31mERROR[m] Re-run Maven using the [1m-X[m switch to enable full debug logging.
[[1;31mERROR[m] 
[[1;31mERROR[m] For more information about the errors and possible solutions, please read the following articles:
[[1;31mERROR[m] [1m[Help 1][m http://cwiki.apache.org/confluence/display/MAVEN/MojoExecutionException
[axis2-spring-boot-starter/3.1.x] 失败 - 查看日志
[[1;34mINFO[m] Scanning for projects...
[[1;34mINFO[m] 
[[1;34mINFO[m] [1m------------< [0;36mio.github.hiwepy:axis2-spring-boot-starter[0;1m >-------------[m
[[1;34mINFO[m] [1mBuilding io.github.hiwepy:axis2-spring-boot-starter 3.2.x.20251227-SNAPSHOT[m
[[1;34mINFO[m] [1m--------------------------------[ jar ]---------------------------------[m
Downloading from aiban-tianyin-core: https://aiban-maven.pkg.coding.net/repository/tianyin/core/org/apache/logging/log4j/log4j-jcl/2.21.1/log4j-jcl-2.21.1.pom
Progress (1): 3.0 kB
                    
Downloaded from aiban-tianyin-core: https://aiban-maven.pkg.coding.net/repository/tianyin/core/org/apache/logging/log4j/log4j-jcl/2.21.1/log4j-jcl-2.21.1.pom (3.0 kB at 4.3 kB/s)
Downloading from aiban-tianyin-core: https://aiban-maven.pkg.coding.net/repository/tianyin/core/org/jetbrains/kotlin/kotlin-stdlib/1.9.25/kotlin-stdlib-1.9.25.pom
Downloaded from aiban-tianyin-core: https://aiban-maven.pkg.coding.net/repository/tianyin/core/org/jetbrains/kotlin/kotlin-stdlib/1.9.25/kotlin-stdlib-1.9.25.pom (0 B at 0 B/s)
Downloading from aiban-tianyin-core: https://aiban-maven.pkg.coding.net/repository/tianyin/core/org/jetbrains/kotlin/kotlin-stdlib-jdk8/1.9.25/kotlin-stdlib-jdk8-1.9.25.pom
Downloaded from aiban-tianyin-core: https://aiban-maven.pkg.coding.net/repository/tianyin/core/org/jetbrains/kotlin/kotlin-stdlib-jdk8/1.9.25/kotlin-stdlib-jdk8-1.9.25.pom (0 B at 0 B/s)
Downloading from aiban-tianyin-core: https://aiban-maven.pkg.coding.net/repository/tianyin/core/org/springframework/spring-web/6.1.15/spring-web-6.1.15.pom
Progress (1): 2.4 kB
                    
Downloaded from aiban-tianyin-core: https://aiban-maven.pkg.coding.net/repository/tianyin/core/org/springframework/spring-web/6.1.15/spring-web-6.1.15.pom (2.4 kB at 7.8 kB/s)
Downloading from aiban-tianyin-core: https://aiban-maven.pkg.coding.net/repository/tianyin/core/org/jetbrains/kotlin/kotlin-stdlib/1.9.25/kotlin-stdlib-1.9.25.jar
Downloading from aiban-tianyin-core: https://aiban-maven.pkg.coding.net/repository/tianyin/core/org/springframework/spring-web/6.1.15/spring-web-6.1.15.jar
Downloading from aiban-tianyin-core: https://aiban-maven.pkg.coding.net/repository/tianyin/core/org/apache/logging/log4j/log4j-api/2.21.1/log4j-api-2.21.1.jar
Downloading from aiban-tianyin-core: https://aiban-maven.pkg.coding.net/repository/tianyin/core/org/apache/logging/log4j/log4j-jcl/2.21.1/log4j-jcl-2.21.1.jar
Downloading from aiban-tianyin-core: https://aiban-maven.pkg.coding.net/repository/tianyin/core/org/jetbrains/kotlin/kotlin-stdlib-jdk8/1.9.25/kotlin-stdlib-jdk8-1.9.25.jar
Downloaded from aiban-tianyin-core: https://aiban-maven.pkg.coding.net/repository/tianyin/core/org/jetbrains/kotlin/kotlin-stdlib/1.9.25/kotlin-stdlib-1.9.25.jar (0 B at 0 B/s)
Downloaded from aiban-tianyin-core: https://aiban-maven.pkg.coding.net/repository/tianyin/core/org/jetbrains/kotlin/kotlin-stdlib-jdk8/1.9.25/kotlin-stdlib-jdk8-1.9.25.jar (0 B at 0 B/s)
Downloaded from aiban-tianyin-core: https://aiban-maven.pkg.coding.net/repository/tianyin/core/org/apache/logging/log4j/log4j-api/2.21.1/log4j-api-2.21.1.jar (0 B at 0 B/s)
Progress (1): 2.6 kB
Progress (1): 5.5 kB
Progress (1): 9.6 kB
Progress (1): 13 kB 
Progress (1): 13 kB
                   
Downloaded from aiban-tianyin-core: https://aiban-maven.pkg.coding.net/repository/tianyin/core/org/apache/logging/log4j/log4j-jcl/2.21.1/log4j-jcl-2.21.1.jar (13 kB at 17 kB/s)
Progress (1): 4.1 kB
Progress (1): 8.2 kB
Progress (1): 11 kB 
Progress (1): 14 kB
Progress (1): 17 kB
Progress (1): 19 kB
Progress (1): 22 kB
Progress (1): 26 kB
Progress (1): 29 kB
Progress (1): 33 kB
Progress (1): 38 kB
Progress (1): 42 kB
Progress (1): 46 kB
Progress (1): 49 kB
Progress (1): 51 kB
Progress (1): 54 kB
Progress (1): 58 kB
Progress (1): 62 kB
Progress (1): 67 kB
Progress (1): 71 kB
Progress (1): 75 kB
Progress (1): 79 kB
Progress (1): 83 kB
Progress (1): 87 kB
Progress (1): 91 kB
Progress (1): 95 kB
Progress (1): 99 kB
Progress (1): 103 kB
Progress (1): 107 kB
Progress (1): 112 kB
Progress (1): 116 kB
Progress (1): 120 kB
Progress (1): 124 kB
Progress (1): 128 kB
Progress (1): 132 kB
Progress (1): 136 kB
Progress (1): 140 kB
Progress (1): 144 kB
Progress (1): 148 kB
Progress (1): 152 kB
Progress (1): 157 kB
Progress (1): 161 kB
Progress (1): 165 kB
Progress (1): 169 kB
Progress (1): 173 kB
Progress (1): 177 kB
Progress (1): 181 kB
Progress (1): 185 kB
Progress (1): 189 kB
Progress (1): 193 kB
Progress (1): 198 kB
Progress (1): 202 kB
Progress (1): 206 kB
Progress (1): 210 kB
Progress (1): 214 kB
Progress (1): 218 kB
Progress (1): 222 kB
Progress (1): 226 kB
Progress (1): 230 kB
Progress (1): 234 kB
Progress (1): 238 kB
Progress (1): 243 kB
Progress (1): 247 kB
Progress (1): 251 kB
Progress (1): 255 kB
Progress (1): 259 kB
Progress (1): 263 kB
Progress (1): 267 kB
Progress (1): 271 kB
Progress (1): 275 kB
Progress (1): 279 kB
Progress (1): 284 kB
Progress (1): 288 kB
Progress (1): 292 kB
Progress (1): 296 kB
Progress (1): 300 kB
Progress (1): 304 kB
Progress (1): 308 kB
Progress (1): 312 kB
Progress (1): 316 kB
Progress (1): 320 kB
Progress (1): 324 kB
Progress (1): 329 kB
Progress (1): 333 kB
Progress (1): 337 kB
Progress (1): 341 kB
Progress (1): 345 kB
Progress (1): 349 kB
Progress (1): 353 kB
Progress (1): 357 kB
Progress (1): 361 kB
Progress (1): 365 kB
Progress (1): 370 kB
Progress (1): 374 kB
Progress (1): 378 kB
Progress (1): 382 kB
Progress (1): 386 kB
Progress (1): 390 kB
Progress (1): 394 kB
Progress (1): 398 kB
Progress (1): 402 kB
Progress (1): 406 kB
Progress (1): 410 kB
Progress (1): 415 kB
Progress (1): 419 kB
Progress (1): 423 kB
Progress (1): 427 kB
Progress (1): 431 kB
Progress (1): 435 kB
Progress (1): 439 kB
Progress (1): 443 kB
Progress (1): 447 kB
Progress (1): 451 kB
Progress (1): 456 kB
Progress (1): 460 kB
Progress (1): 464 kB
Progress (1): 468 kB
Progress (1): 472 kB
Progress (1): 476 kB
Progress (1): 480 kB
Progress (1): 484 kB
Progress (1): 488 kB
Progress (1): 492 kB
Progress (1): 496 kB
Progress (1): 501 kB
Progress (1): 505 kB
Progress (1): 509 kB
Progress (1): 513 kB
Progress (1): 517 kB
Progress (1): 521 kB
Progress (1): 525 kB
Progress (1): 529 kB
Progress (1): 533 kB
Progress (1): 537 kB
Progress (1): 542 kB
Progress (1): 546 kB
Progress (1): 550 kB
Progress (1): 554 kB
Progress (1): 558 kB
Progress (1): 562 kB
Progress (1): 566 kB
Progress (1): 570 kB
Progress (1): 574 kB
Progress (1): 578 kB
Progress (1): 583 kB
Progress (1): 587 kB
Progress (1): 591 kB
Progress (1): 595 kB
Progress (1): 599 kB
Progress (1): 603 kB
Progress (1): 607 kB
Progress (1): 611 kB
Progress (1): 615 kB
Progress (1): 619 kB
Progress (1): 623 kB
Progress (1): 628 kB
Progress (1): 632 kB
Progress (1): 636 kB
Progress (1): 640 kB
Progress (1): 644 kB
Progress (1): 648 kB
Progress (1): 652 kB
Progress (1): 656 kB
Progress (1): 660 kB
Progress (1): 664 kB
Progress (1): 669 kB
Progress (1): 673 kB
Progress (1): 677 kB
Progress (1): 681 kB
Progress (1): 685 kB
Progress (1): 689 kB
Progress (1): 693 kB
Progress (1): 697 kB
Progress (1): 701 kB
Progress (1): 705 kB
Progress (1): 709 kB
Progress (1): 714 kB
Progress (1): 718 kB
Progress (1): 722 kB
Progress (1): 726 kB
Progress (1): 730 kB
Progress (1): 734 kB
Progress (1): 738 kB
Progress (1): 742 kB
Progress (1): 746 kB
Progress (1): 750 kB
Progress (1): 754 kB
Progress (1): 759 kB
Progress (1): 763 kB
Progress (1): 767 kB
Progress (1): 771 kB
Progress (1): 775 kB
Progress (1): 779 kB
Progress (1): 783 kB
Progress (1): 787 kB
Progress (1): 791 kB
Progress (1): 795 kB
Progress (1): 800 kB
Progress (1): 804 kB
Progress (1): 808 kB
Progress (1): 812 kB
Progress (1): 816 kB
Progress (1): 820 kB
Progress (1): 824 kB
Progress (1): 828 kB
Progress (1): 832 kB
Progress (1): 836 kB
Progress (1): 841 kB
Progress (1): 845 kB
Progress (1): 849 kB
Progress (1): 853 kB
Progress (1): 857 kB
Progress (1): 861 kB
Progress (1): 865 kB
Progress (1): 869 kB
Progress (1): 873 kB
Progress (1): 877 kB
Progress (1): 881 kB
Progress (1): 886 kB
Progress (1): 890 kB
Progress (1): 894 kB
Progress (1): 898 kB
Progress (1): 902 kB
Progress (1): 906 kB
Progress (1): 910 kB
Progress (1): 914 kB
Progress (1): 918 kB
Progress (1): 922 kB
Progress (1): 927 kB
Progress (1): 931 kB
Progress (1): 935 kB
Progress (1): 939 kB
Progress (1): 943 kB
Progress (1): 947 kB
Progress (1): 951 kB
Progress (1): 955 kB
Progress (1): 959 kB
Progress (1): 963 kB
Progress (1): 967 kB
Progress (1): 972 kB
Progress (1): 976 kB
Progress (1): 980 kB
Progress (1): 984 kB
Progress (1): 988 kB
Progress (1): 992 kB
Progress (1): 996 kB
Progress (1): 1.0 MB
Progress (1): 1.0 MB
Progress (1): 1.0 MB
Progress (1): 1.0 MB
Progress (1): 1.0 MB
Progress (1): 1.0 MB
Progress (1): 1.0 MB
Progress (1): 1.0 MB
Progress (1): 1.0 MB
Progress (1): 1.0 MB
Progress (1): 1.0 MB
Progress (1): 1.0 MB
Progress (1): 1.0 MB
Progress (1): 1.1 MB
Progress (1): 1.1 MB
Progress (1): 1.1 MB
Progress (1): 1.1 MB
Progress (1): 1.1 MB
Progress (1): 1.1 MB
Progress (1): 1.1 MB
Progress (1): 1.1 MB
Progress (1): 1.1 MB
Progress (1): 1.1 MB
Progress (1): 1.1 MB
Progress (1): 1.1 MB
Progress (1): 1.1 MB
Progress (1): 1.1 MB
Progress (1): 1.1 MB
Progress (1): 1.1 MB
Progress (1): 1.1 MB
Progress (1): 1.1 MB
Progress (1): 1.1 MB
Progress (1): 1.1 MB
Progress (1): 1.1 MB
Progress (1): 1.1 MB
Progress (1): 1.1 MB
Progress (1): 1.1 MB
Progress (1): 1.2 MB
Progress (1): 1.2 MB
Progress (1): 1.2 MB
Progress (1): 1.2 MB
Progress (1): 1.2 MB
Progress (1): 1.2 MB
Progress (1): 1.2 MB
Progress (1): 1.2 MB
Progress (1): 1.2 MB
Progress (1): 1.2 MB
Progress (1): 1.2 MB
Progress (1): 1.2 MB
Progress (1): 1.2 MB
Progress (1): 1.2 MB
Progress (1): 1.2 MB
Progress (1): 1.2 MB
Progress (1): 1.2 MB
Progress (1): 1.2 MB
Progress (1): 1.2 MB
Progress (1): 1.2 MB
Progress (1): 1.2 MB
Progress (1): 1.2 MB
Progress (1): 1.2 MB
Progress (1): 1.2 MB
Progress (1): 1.3 MB
Progress (1): 1.3 MB
Progress (1): 1.3 MB
Progress (1): 1.3 MB
Progress (1): 1.3 MB
Progress (1): 1.3 MB
Progress (1): 1.3 MB
Progress (1): 1.3 MB
Progress (1): 1.3 MB
Progress (1): 1.3 MB
Progress (1): 1.3 MB
Progress (1): 1.3 MB
Progress (1): 1.3 MB
Progress (1): 1.3 MB
Progress (1): 1.3 MB
Progress (1): 1.3 MB
Progress (1): 1.3 MB
Progress (1): 1.3 MB
Progress (1): 1.3 MB
Progress (1): 1.3 MB
Progress (1): 1.3 MB
Progress (1): 1.3 MB
Progress (1): 1.3 MB
Progress (1): 1.3 MB
Progress (1): 1.3 MB
Progress (1): 1.4 MB
Progress (1): 1.4 MB
Progress (1): 1.4 MB
Progress (1): 1.4 MB
Progress (1): 1.4 MB
Progress (1): 1.4 MB
Progress (1): 1.4 MB
Progress (1): 1.4 MB
Progress (1): 1.4 MB
Progress (1): 1.4 MB
Progress (1): 1.4 MB
Progress (1): 1.4 MB
Progress (1): 1.4 MB
Progress (1): 1.4 MB
Progress (1): 1.4 MB
Progress (1): 1.4 MB
Progress (1): 1.4 MB
Progress (1): 1.4 MB
Progress (1): 1.4 MB
Progress (1): 1.4 MB
Progress (1): 1.4 MB
Progress (1): 1.4 MB
Progress (1): 1.4 MB
Progress (1): 1.4 MB
Progress (1): 1.5 MB
Progress (1): 1.5 MB
Progress (1): 1.5 MB
Progress (1): 1.5 MB
Progress (1): 1.5 MB
Progress (1): 1.5 MB
Progress (1): 1.5 MB
Progress (1): 1.5 MB
Progress (1): 1.5 MB
Progress (1): 1.5 MB
Progress (1): 1.5 MB
Progress (1): 1.5 MB
Progress (1): 1.5 MB
Progress (1): 1.5 MB
Progress (1): 1.5 MB
Progress (1): 1.5 MB
Progress (1): 1.5 MB
Progress (1): 1.5 MB
Progress (1): 1.5 MB
Progress (1): 1.5 MB
Progress (1): 1.5 MB
Progress (1): 1.5 MB
Progress (1): 1.5 MB
Progress (1): 1.5 MB
Progress (1): 1.5 MB
Progress (1): 1.6 MB
Progress (1): 1.6 MB
Progress (1): 1.6 MB
Progress (1): 1.6 MB
Progress (1): 1.6 MB
Progress (1): 1.6 MB
Progress (1): 1.6 MB
Progress (1): 1.6 MB
Progress (1): 1.6 MB
Progress (1): 1.6 MB
Progress (1): 1.6 MB
Progress (1): 1.6 MB
Progress (1): 1.6 MB
Progress (1): 1.6 MB
Progress (1): 1.6 MB
Progress (1): 1.6 MB
Progress (1): 1.6 MB
Progress (1): 1.6 MB
Progress (1): 1.6 MB
Progress (1): 1.6 MB
Progress (1): 1.6 MB
Progress (1): 1.6 MB
Progress (1): 1.6 MB
Progress (1): 1.6 MB
Progress (1): 1.7 MB
Progress (1): 1.7 MB
Progress (1): 1.7 MB
Progress (1): 1.7 MB
Progress (1): 1.7 MB
Progress (1): 1.7 MB
Progress (1): 1.7 MB
Progress (1): 1.7 MB
Progress (1): 1.7 MB
Progress (1): 1.7 MB
Progress (1): 1.7 MB
Progress (1): 1.7 MB
Progress (1): 1.7 MB
Progress (1): 1.7 MB
Progress (1): 1.7 MB
Progress (1): 1.7 MB
Progress (1): 1.7 MB
Progress (1): 1.7 MB
Progress (1): 1.7 MB
Progress (1): 1.7 MB
Progress (1): 1.7 MB
Progress (1): 1.7 MB
Progress (1): 1.7 MB
Progress (1): 1.7 MB
Progress (1): 1.7 MB
Progress (1): 1.8 MB
Progress (1): 1.8 MB
Progress (1): 1.8 MB
Progress (1): 1.8 MB
Progress (1): 1.8 MB
Progress (1): 1.8 MB
Progress (1): 1.8 MB
Progress (1): 1.8 MB
Progress (1): 1.8 MB
Progress (1): 1.8 MB
Progress (1): 1.8 MB
Progress (1): 1.8 MB
Progress (1): 1.8 MB
Progress (1): 1.8 MB
Progress (1): 1.8 MB
Progress (1): 1.8 MB
Progress (1): 1.8 MB
Progress (1): 1.8 MB
Progress (1): 1.8 MB
Progress (1): 1.8 MB
Progress (1): 1.8 MB
Progress (1): 1.8 MB
Progress (1): 1.8 MB
Progress (1): 1.8 MB
Progress (1): 1.9 MB
Progress (1): 1.9 MB
Progress (1): 1.9 MB
Progress (1): 1.9 MB
Progress (1): 1.9 MB
Progress (1): 1.9 MB
Progress (1): 1.9 MB
Progress (1): 1.9 MB
Progress (1): 1.9 MB
Progress (1): 1.9 MB
Progress (1): 1.9 MB
Progress (1): 1.9 MB
Progress (1): 1.9 MB
Progress (1): 1.9 MB
Progress (1): 1.9 MB
Progress (1): 1.9 MB
                    
Downloaded from aiban-tianyin-core: https://aiban-maven.pkg.coding.net/repository/tianyin/core/org/springframework/spring-web/6.1.15/spring-web-6.1.15.jar (1.9 MB at 1.5 MB/s)
[[1;34mINFO[m] 
[[1;34mINFO[m] [1m--- [0;32mmaven-clean-plugin:3.4.0:clean[m [1m(default-clean)[m @ [36maxis2-spring-boot-starter[0;1m ---[m
[[1;34mINFO[m] 
[[1;34mINFO[m] [1m--- [0;32mmaven-enforcer-plugin:3.5.0:enforce[m [1m(default-cli)[m @ [36maxis2-spring-boot-starter[0;1m ---[m
[[1;34mINFO[m] Rule 1: org.apache.maven.enforcer.rules.version.RequireJavaVersion passed
[[1;34mINFO[m] [1m------------------------------------------------------------------------[m
[[1;34mINFO[m] [1;31mBUILD FAILURE[m
[[1;34mINFO[m] [1m------------------------------------------------------------------------[m
[[1;34mINFO[m] Total time:  3.100 s
[[1;34mINFO[m] Finished at: 2026-03-16T13:41:13+08:00
[[1;34mINFO[m] [1m------------------------------------------------------------------------[m
[[1;31mERROR[m] Failed to execute goal [32morg.apache.maven.plugins:maven-enforcer-plugin:3.5.0:enforce[m [1m(default-cli)[m on project [36maxis2-spring-boot-starter[m: [1;31m[m
[[1;31mERROR[m] [1;31mRule 0: org.apache.maven.enforcer.rules.version.RequireMavenVersion failed with message:[m
[[1;31mERROR[m] [1;31mYou are running an older version of Maven. This application requires at least Maven 3.9.9.[m
[[1;31mERROR[m] -> [1m[Help 1][m
[[1;31mERROR[m] 
[[1;31mERROR[m] To see the full stack trace of the errors, re-run Maven with the [1m-e[m switch.
[[1;31mERROR[m] Re-run Maven using the [1m-X[m switch to enable full debug logging.
[[1;31mERROR[m] 
[[1;31mERROR[m] For more information about the errors and possible solutions, please read the following articles:
[[1;31mERROR[m] [1m[Help 1][m http://cwiki.apache.org/confluence/display/MAVEN/MojoExecutionException
[axis2-spring-boot-starter/3.2.x] 失败 - 查看日志
[[1;34mINFO[m] Scanning for projects...
[[1;34mINFO[m] 
[[1;34mINFO[m] [1m------------< [0;36mio.github.hiwepy:axis2-spring-boot-starter[0;1m >-------------[m
[[1;34mINFO[m] [1mBuilding io.github.hiwepy:axis2-spring-boot-starter 3.3.x.20251227-SNAPSHOT[m
[[1;34mINFO[m] [1m--------------------------------[ jar ]---------------------------------[m
Downloading from aiban-tianyin-core: https://aiban-maven.pkg.coding.net/repository/tianyin/core/org/springframework/spring-web/6.1.21/spring-web-6.1.21.pom
Downloaded from aiban-tianyin-core: https://aiban-maven.pkg.coding.net/repository/tianyin/core/org/springframework/spring-web/6.1.21/spring-web-6.1.21.pom (0 B at 0 B/s)
Downloading from aiban-tianyin-core: https://aiban-maven.pkg.coding.net/repository/tianyin/core/org/apache/logging/log4j/log4j-api/2.23.1/log4j-api-2.23.1.jar
Downloading from aiban-tianyin-core: https://aiban-maven.pkg.coding.net/repository/tianyin/core/org/springframework/spring-web/6.1.21/spring-web-6.1.21.jar
Downloaded from aiban-tianyin-core: https://aiban-maven.pkg.coding.net/repository/tianyin/core/org/apache/logging/log4j/log4j-api/2.23.1/log4j-api-2.23.1.jar (0 B at 0 B/s)
Downloaded from aiban-tianyin-core: https://aiban-maven.pkg.coding.net/repository/tianyin/core/org/springframework/spring-web/6.1.21/spring-web-6.1.21.jar (0 B at 0 B/s)
[[1;34mINFO[m] 
[[1;34mINFO[m] [1m--- [0;32mmaven-clean-plugin:3.4.0:clean[m [1m(default-clean)[m @ [36maxis2-spring-boot-starter[0;1m ---[m
[[1;34mINFO[m] 
[[1;34mINFO[m] [1m--- [0;32mmaven-enforcer-plugin:3.5.0:enforce[m [1m(default-cli)[m @ [36maxis2-spring-boot-starter[0;1m ---[m
[[1;34mINFO[m] Rule 1: org.apache.maven.enforcer.rules.version.RequireJavaVersion passed
[[1;34mINFO[m] [1m------------------------------------------------------------------------[m
[[1;34mINFO[m] [1;31mBUILD FAILURE[m
[[1;34mINFO[m] [1m------------------------------------------------------------------------[m
[[1;34mINFO[m] Total time:  2.009 s
[[1;34mINFO[m] Finished at: 2026-03-16T13:41:15+08:00
[[1;34mINFO[m] [1m------------------------------------------------------------------------[m
[[1;31mERROR[m] Failed to execute goal [32morg.apache.maven.plugins:maven-enforcer-plugin:3.5.0:enforce[m [1m(default-cli)[m on project [36maxis2-spring-boot-starter[m: [1;31m[m
[[1;31mERROR[m] [1;31mRule 0: org.apache.maven.enforcer.rules.version.RequireMavenVersion failed with message:[m
[[1;31mERROR[m] [1;31mYou are running an older version of Maven. This application requires at least Maven 3.9.9.[m
[[1;31mERROR[m] -> [1m[Help 1][m
[[1;31mERROR[m] 
[[1;31mERROR[m] To see the full stack trace of the errors, re-run Maven with the [1m-e[m switch.
[[1;31mERROR[m] Re-run Maven using the [1m-X[m switch to enable full debug logging.
[[1;31mERROR[m] 
[[1;31mERROR[m] For more information about the errors and possible solutions, please read the following articles:
[[1;31mERROR[m] [1m[Help 1][m http://cwiki.apache.org/confluence/display/MAVEN/MojoExecutionException
[axis2-spring-boot-starter/3.3.x] 失败 - 查看日志
[[1;34mINFO[m] Scanning for projects...
[[1;34mINFO[m] 
[[1;34mINFO[m] [1m------------< [0;36mio.github.hiwepy:axis2-spring-boot-starter[0;1m >-------------[m
[[1;34mINFO[m] [1mBuilding io.github.hiwepy:axis2-spring-boot-starter 3.4.x.20251227-SNAPSHOT[m
[[1;34mINFO[m] [1m--------------------------------[ jar ]---------------------------------[m
[[1;34mINFO[m] 
[[1;34mINFO[m] [1m--- [0;32mmaven-clean-plugin:3.4.0:clean[m [1m(default-clean)[m @ [36maxis2-spring-boot-starter[0;1m ---[m
[[1;34mINFO[m] 
[[1;34mINFO[m] [1m--- [0;32mmaven-enforcer-plugin:3.5.0:enforce[m [1m(default-cli)[m @ [36maxis2-spring-boot-starter[0;1m ---[m
[[1;34mINFO[m] Rule 1: org.apache.maven.enforcer.rules.version.RequireJavaVersion passed
[[1;34mINFO[m] [1m------------------------------------------------------------------------[m
[[1;34mINFO[m] [1;31mBUILD FAILURE[m
[[1;34mINFO[m] [1m------------------------------------------------------------------------[m
[[1;34mINFO[m] Total time:  0.360 s
[[1;34mINFO[m] Finished at: 2026-03-16T13:41:16+08:00
[[1;34mINFO[m] [1m------------------------------------------------------------------------[m
[[1;31mERROR[m] Failed to execute goal [32morg.apache.maven.plugins:maven-enforcer-plugin:3.5.0:enforce[m [1m(default-cli)[m on project [36maxis2-spring-boot-starter[m: [1;31m[m
[[1;31mERROR[m] [1;31mRule 0: org.apache.maven.enforcer.rules.version.RequireMavenVersion failed with message:[m
[[1;31mERROR[m] [1;31mYou are running an older version of Maven. This application requires at least Maven 3.9.9.[m
[[1;31mERROR[m] -> [1m[Help 1][m
[[1;31mERROR[m] 
[[1;31mERROR[m] To see the full stack trace of the errors, re-run Maven with the [1m-e[m switch.
[[1;31mERROR[m] Re-run Maven using the [1m-X[m switch to enable full debug logging.
[[1;31mERROR[m] 
[[1;31mERROR[m] For more information about the errors and possible solutions, please read the following articles:
[[1;31mERROR[m] [1m[Help 1][m http://cwiki.apache.org/confluence/display/MAVEN/MojoExecutionException
[axis2-spring-boot-starter/3.4.x] 失败 - 查看日志
[[1;34mINFO[m] Scanning for projects...
[[1;34mINFO[m] 
[[1;34mINFO[m] [1m------------< [0;36mio.github.hiwepy:axis2-spring-boot-starter[0;1m >-------------[m
[[1;34mINFO[m] [1mBuilding io.github.hiwepy:axis2-spring-boot-starter 3.5.x.20251227-SNAPSHOT[m
[[1;34mINFO[m] [1m--------------------------------[ jar ]---------------------------------[m
[[1;34mINFO[m] 
[[1;34mINFO[m] [1m--- [0;32mmaven-clean-plugin:3.4.0:clean[m [1m(default-clean)[m @ [36maxis2-spring-boot-starter[0;1m ---[m
[[1;34mINFO[m] 
[[1;34mINFO[m] [1m--- [0;32mmaven-enforcer-plugin:3.5.0:enforce[m [1m(default-cli)[m @ [36maxis2-spring-boot-starter[0;1m ---[m
[[1;34mINFO[m] Rule 1: org.apache.maven.enforcer.rules.version.RequireJavaVersion passed
[[1;34mINFO[m] [1m------------------------------------------------------------------------[m
[[1;34mINFO[m] [1;31mBUILD FAILURE[m
[[1;34mINFO[m] [1m------------------------------------------------------------------------[m
[[1;34mINFO[m] Total time:  0.340 s
[[1;34mINFO[m] Finished at: 2026-03-16T13:41:17+08:00
[[1;34mINFO[m] [1m------------------------------------------------------------------------[m
[[1;31mERROR[m] Failed to execute goal [32morg.apache.maven.plugins:maven-enforcer-plugin:3.5.0:enforce[m [1m(default-cli)[m on project [36maxis2-spring-boot-starter[m: [1;31m[m
[[1;31mERROR[m] [1;31mRule 0: org.apache.maven.enforcer.rules.version.RequireMavenVersion failed with message:[m
[[1;31mERROR[m] [1;31mYou are running an older version of Maven. This application requires at least Maven 3.9.9.[m
[[1;31mERROR[m] -> [1m[Help 1][m
[[1;31mERROR[m] 
[[1;31mERROR[m] To see the full stack trace of the errors, re-run Maven with the [1m-e[m switch.
[[1;31mERROR[m] Re-run Maven using the [1m-X[m switch to enable full debug logging.
[[1;31mERROR[m] 
[[1;31mERROR[m] For more information about the errors and possible solutions, please read the following articles:
[[1;31mERROR[m] [1m[Help 1][m http://cwiki.apache.org/confluence/display/MAVEN/MojoExecutionException
[axis2-spring-boot-starter/3.5.x] 失败 - 查看日志
[[1;34mINFO[m] Scanning for projects...
[[1;34mINFO[m] 
[[1;34mINFO[m] [1m------------< [0;36mio.github.hiwepy:axis2-spring-boot-starter[0;1m >-------------[m
[[1;34mINFO[m] [1mBuilding io.github.hiwepy:axis2-spring-boot-starter 4.0.x.20251227-SNAPSHOT[m
[[1;34mINFO[m] [1m--------------------------------[ jar ]---------------------------------[m
Downloading from aiban-tianyin-core: https://aiban-maven.pkg.coding.net/repository/tianyin/core/com/sun/xml/bind/jaxb-jxc/4.0.6/jaxb-jxc-4.0.6.pom
Progress (1): 4.0 kB
Progress (1): 8.1 kB
Progress (1): 12 kB 
                   
Downloaded from aiban-tianyin-core: https://aiban-maven.pkg.coding.net/repository/tianyin/core/com/sun/xml/bind/jaxb-jxc/4.0.6/jaxb-jxc-4.0.6.pom (12 kB at 17 kB/s)
Downloading from aiban-tianyin-core: https://aiban-maven.pkg.coding.net/repository/tianyin/core/com/sun/xml/bind/mvn/jaxb-bundles/4.0.6/jaxb-bundles-4.0.6.pom
Downloaded from aiban-tianyin-core: https://aiban-maven.pkg.coding.net/repository/tianyin/core/com/sun/xml/bind/mvn/jaxb-bundles/4.0.6/jaxb-bundles-4.0.6.pom (0 B at 0 B/s)
Downloading from aiban-tianyin-core: https://aiban-maven.pkg.coding.net/repository/tianyin/core/com/sun/xml/bind/jaxb-impl/4.0.6/jaxb-impl-4.0.6.pom
Downloaded from aiban-tianyin-core: https://aiban-maven.pkg.coding.net/repository/tianyin/core/com/sun/xml/bind/jaxb-impl/4.0.6/jaxb-impl-4.0.6.pom (0 B at 0 B/s)
Downloading from aiban-tianyin-core: https://aiban-maven.pkg.coding.net/repository/tianyin/core/com/sun/xml/bind/jaxb-core/4.0.6/jaxb-core-4.0.6.pom
Downloaded from aiban-tianyin-core: https://aiban-maven.pkg.coding.net/repository/tianyin/core/com/sun/xml/bind/jaxb-core/4.0.6/jaxb-core-4.0.6.pom (0 B at 0 B/s)
Downloading from aiban-tianyin-core: https://aiban-maven.pkg.coding.net/repository/tianyin/core/com/sun/xml/bind/jaxb-xjc/4.0.6/jaxb-xjc-4.0.6.pom
Progress (1): 3.8 kB
Progress (1): 7.9 kB
Progress (1): 12 kB 
Progress (1): 16 kB
Progress (1): 17 kB
                   
Downloaded from aiban-tianyin-core: https://aiban-maven.pkg.coding.net/repository/tianyin/core/com/sun/xml/bind/jaxb-xjc/4.0.6/jaxb-xjc-4.0.6.pom (17 kB at 45 kB/s)
Downloading from aiban-tianyin-core: https://aiban-maven.pkg.coding.net/repository/tianyin/core/org/jetbrains/kotlin/kotlin-stdlib-common/1.4.20/kotlin-stdlib-common-1.4.20.pom
Progress (1): 1.2 kB
                    
Downloaded from aiban-tianyin-core: https://aiban-maven.pkg.coding.net/repository/tianyin/core/org/jetbrains/kotlin/kotlin-stdlib-common/1.4.20/kotlin-stdlib-common-1.4.20.pom (1.2 kB at 3.7 kB/s)
Downloading from aiban-tianyin-core: https://aiban-maven.pkg.coding.net/repository/tianyin/core/org/springframework/spring-web/7.0.2/spring-web-7.0.2.pom
Progress (1): 2.4 kB
                    
Downloaded from aiban-tianyin-core: https://aiban-maven.pkg.coding.net/repository/tianyin/core/org/springframework/spring-web/7.0.2/spring-web-7.0.2.pom (2.4 kB at 6.1 kB/s)
Downloading from aiban-tianyin-core: https://aiban-maven.pkg.coding.net/repository/tianyin/core/com/sun/xml/bind/jaxb-impl/4.0.6/jaxb-impl-4.0.6.jar
Downloading from aiban-tianyin-core: https://aiban-maven.pkg.coding.net/repository/tianyin/core/com/sun/xml/bind/jaxb-jxc/4.0.6/jaxb-jxc-4.0.6.jar
Downloading from aiban-tianyin-core: https://aiban-maven.pkg.coding.net/repository/tianyin/core/org/jetbrains/kotlin/kotlin-stdlib-common/1.4.20/kotlin-stdlib-common-1.4.20.jar
Downloading from aiban-tianyin-core: https://aiban-maven.pkg.coding.net/repository/tianyin/core/com/sun/xml/bind/jaxb-xjc/4.0.6/jaxb-xjc-4.0.6.jar
Downloading from aiban-tianyin-core: https://aiban-maven.pkg.coding.net/repository/tianyin/core/com/sun/xml/bind/jaxb-core/4.0.6/jaxb-core-4.0.6.jar
Downloaded from aiban-tianyin-core: https://aiban-maven.pkg.coding.net/repository/tianyin/core/com/sun/xml/bind/jaxb-impl/4.0.6/jaxb-impl-4.0.6.jar (0 B at 0 B/s)
Downloading from aiban-tianyin-core: https://aiban-maven.pkg.coding.net/repository/tianyin/core/org/apache/logging/log4j/log4j-api/2.25.3/log4j-api-2.25.3.jar
Downloaded from aiban-tianyin-core: https://aiban-maven.pkg.coding.net/repository/tianyin/core/org/apache/logging/log4j/log4j-api/2.25.3/log4j-api-2.25.3.jar (0 B at 0 B/s)
Downloading from aiban-tianyin-core: https://aiban-maven.pkg.coding.net/repository/tianyin/core/org/springframework/spring-web/7.0.2/spring-web-7.0.2.jar
Downloaded from aiban-tianyin-core: https://aiban-maven.pkg.coding.net/repository/tianyin/core/com/sun/xml/bind/jaxb-core/4.0.6/jaxb-core-4.0.6.jar (0 B at 0 B/s)
Progress (1): 4.1 kB
Progress (1): 8.2 kB
Progress (1): 11 kB 
Progress (2): 11 kB | 4.1 kB
Progress (2): 11 kB | 8.2 kB
Progress (2): 11 kB | 12 kB 
Progress (2): 15 kB | 12 kB
Progress (2): 18 kB | 12 kB
Progress (2): 22 kB | 12 kB
Progress (2): 25 kB | 12 kB
Progress (2): 28 kB | 12 kB
Progress (2): 31 kB | 12 kB
Progress (2): 35 kB | 12 kB
Progress (2): 38 kB | 12 kB
Progress (2): 38 kB | 15 kB
Progress (2): 38 kB | 18 kB
Progress (2): 38 kB | 21 kB
Progress (2): 38 kB | 24 kB
Progress (2): 38 kB | 28 kB
Progress (2): 38 kB | 31 kB
Progress (2): 38 kB | 35 kB
Progress (2): 38 kB | 38 kB
Progress (2): 42 kB | 38 kB
Progress (2): 45 kB | 38 kB
Progress (2): 47 kB | 38 kB
Progress (2): 47 kB | 41 kB
Progress (2): 51 kB | 41 kB
Progress (2): 51 kB | 43 kB
Progress (2): 54 kB | 43 kB
Progress (2): 54 kB | 47 kB
Progress (2): 58 kB | 47 kB
Progress (2): 58 kB | 51 kB
Progress (2): 58 kB | 54 kB
Progress (2): 58 kB | 58 kB
Progress (2): 58 kB | 62 kB
Progress (2): 58 kB | 67 kB
Progress (2): 62 kB | 67 kB
Progress (2): 62 kB | 71 kB
Progress (2): 66 kB | 71 kB
Progress (2): 66 kB | 75 kB
Progress (2): 66 kB | 79 kB
Progress (2): 70 kB | 79 kB
Progress (2): 75 kB | 79 kB
Progress (2): 79 kB | 79 kB
Progress (2): 83 kB | 79 kB
Progress (2): 87 kB | 79 kB
Progress (2): 91 kB | 79 kB
Progress (3): 91 kB | 79 kB | 4.1 kB
Progress (3): 91 kB | 83 kB | 4.1 kB
Progress (3): 91 kB | 83 kB | 8.2 kB
Progress (3): 91 kB | 87 kB | 8.2 kB
Progress (3): 91 kB | 87 kB | 11 kB 
Progress (3): 91 kB | 91 kB | 11 kB
Progress (3): 91 kB | 95 kB | 11 kB
Progress (3): 91 kB | 95 kB | 15 kB
Progress (3): 91 kB | 95 kB | 19 kB
Progress (3): 91 kB | 99 kB | 19 kB
Progress (3): 91 kB | 103 kB | 19 kB
Progress (3): 95 kB | 103 kB | 19 kB
Progress (3): 95 kB | 107 kB | 19 kB
Progress (3): 99 kB | 107 kB | 19 kB
Progress (3): 99 kB | 112 kB | 19 kB
Progress (3): 99 kB | 116 kB | 19 kB
Progress (3): 99 kB | 119 kB | 19 kB
Progress (3): 103 kB | 119 kB | 19 kB
Progress (3): 107 kB | 119 kB | 19 kB
Progress (3): 111 kB | 119 kB | 19 kB
Progress (3): 115 kB | 119 kB | 19 kB
Progress (3): 120 kB | 119 kB | 19 kB
Progress (3): 120 kB | 119 kB | 23 kB
Progress (3): 124 kB | 119 kB | 23 kB
Progress (3): 124 kB | 119 kB | 27 kB
Progress (3): 128 kB | 119 kB | 27 kB
Progress (3): 128 kB | 119 kB | 31 kB
Progress (3): 132 kB | 119 kB | 31 kB
Progress (3): 132 kB | 119 kB | 33 kB
Progress (3): 136 kB | 119 kB | 33 kB
Progress (3): 136 kB | 119 kB | 36 kB
Progress (3): 140 kB | 119 kB | 36 kB
Progress (3): 140 kB | 119 kB | 39 kB
Progress (3): 144 kB | 119 kB | 39 kB
Progress (3): 148 kB | 119 kB | 39 kB
Progress (3): 152 kB | 119 kB | 39 kB
Progress (3): 156 kB | 119 kB | 39 kB
Progress (3): 160 kB | 119 kB | 39 kB
Progress (3): 165 kB | 119 kB | 39 kB
Progress (3): 169 kB | 119 kB | 39 kB
Progress (3): 173 kB | 119 kB | 39 kB
Progress (3): 173 kB | 119 kB | 43 kB
Progress (3): 177 kB | 119 kB | 43 kB
Progress (3): 181 kB | 119 kB | 43 kB
Progress (3): 185 kB | 119 kB | 43 kB
Progress (3): 189 kB | 119 kB | 43 kB
Progress (3): 189 kB | 119 kB | 47 kB
Progress (3): 191 kB | 119 kB | 47 kB
Progress (3): 191 kB | 119 kB | 51 kB
Progress (3): 191 kB | 119 kB | 55 kB
Progress (3): 191 kB | 119 kB | 59 kB
Progress (3): 191 kB | 119 kB | 64 kB
Progress (3): 191 kB | 119 kB | 68 kB
Progress (3): 191 kB | 119 kB | 72 kB
Progress (3): 191 kB | 119 kB | 76 kB
Progress (3): 191 kB | 119 kB | 80 kB
Progress (3): 191 kB | 119 kB | 83 kB
Progress (3): 191 kB | 119 kB | 87 kB
Progress (3): 191 kB | 119 kB | 91 kB
Progress (3): 191 kB | 119 kB | 95 kB
Progress (3): 191 kB | 119 kB | 98 kB
Progress (3): 191 kB | 119 kB | 102 kB
Progress (3): 191 kB | 119 kB | 107 kB
Progress (3): 191 kB | 119 kB | 111 kB
Progress (3): 191 kB | 119 kB | 115 kB
Progress (3): 191 kB | 119 kB | 119 kB
Progress (3): 191 kB | 119 kB | 123 kB
Progress (3): 191 kB | 119 kB | 127 kB
Progress (3): 191 kB | 119 kB | 131 kB
Progress (3): 191 kB | 119 kB | 135 kB
Progress (3): 191 kB | 119 kB | 139 kB
Progress (3): 191 kB | 119 kB | 143 kB
Progress (3): 191 kB | 119 kB | 147 kB
Progress (3): 191 kB | 119 kB | 152 kB
Progress (3): 191 kB | 119 kB | 156 kB
Progress (3): 191 kB | 119 kB | 160 kB
Progress (3): 191 kB | 119 kB | 164 kB
Progress (3): 191 kB | 119 kB | 168 kB
Progress (3): 191 kB | 119 kB | 172 kB
Progress (3): 191 kB | 119 kB | 176 kB
Progress (3): 191 kB | 119 kB | 180 kB
Progress (3): 191 kB | 119 kB | 184 kB
Progress (3): 191 kB | 119 kB | 188 kB
Progress (3): 191 kB | 119 kB | 193 kB
Progress (3): 191 kB | 119 kB | 197 kB
Progress (3): 191 kB | 119 kB | 201 kB
Progress (3): 191 kB | 119 kB | 205 kB
Progress (3): 191 kB | 119 kB | 209 kB
Progress (3): 191 kB | 119 kB | 213 kB
Progress (3): 191 kB | 119 kB | 217 kB
Progress (3): 191 kB | 119 kB | 221 kB
Progress (3): 191 kB | 119 kB | 225 kB
Progress (3): 191 kB | 119 kB | 229 kB
Progress (3): 191 kB | 119 kB | 234 kB
Progress (3): 191 kB | 119 kB | 238 kB
Progress (3): 191 kB | 119 kB | 242 kB
Progress (3): 191 kB | 119 kB | 246 kB
Progress (3): 191 kB | 119 kB | 250 kB
Progress (3): 191 kB | 119 kB | 254 kB
Progress (3): 191 kB | 119 kB | 258 kB
Progress (3): 191 kB | 119 kB | 262 kB
Progress (3): 191 kB | 119 kB | 266 kB
Progress (3): 191 kB | 119 kB | 270 kB
Progress (3): 191 kB | 119 kB | 274 kB
Progress (3): 191 kB | 119 kB | 279 kB
Progress (3): 191 kB | 119 kB | 283 kB
Progress (3): 191 kB | 119 kB | 287 kB
Progress (3): 191 kB | 119 kB | 291 kB
Progress (3): 191 kB | 119 kB | 295 kB
Progress (3): 191 kB | 119 kB | 299 kB
Progress (3): 191 kB | 119 kB | 303 kB
Progress (3): 191 kB | 119 kB | 307 kB
Progress (3): 191 kB | 119 kB | 311 kB
Progress (3): 191 kB | 119 kB | 315 kB
Progress (3): 191 kB | 119 kB | 320 kB
Progress (3): 191 kB | 119 kB | 324 kB
Progress (3): 191 kB | 119 kB | 328 kB
Progress (3): 191 kB | 119 kB | 332 kB
Progress (3): 191 kB | 119 kB | 336 kB
Progress (3): 191 kB | 119 kB | 340 kB
Progress (3): 191 kB | 119 kB | 344 kB
Progress (3): 191 kB | 119 kB | 348 kB
Progress (3): 191 kB | 119 kB | 352 kB
Progress (3): 191 kB | 119 kB | 356 kB
Progress (3): 191 kB | 119 kB | 360 kB
Progress (3): 191 kB | 119 kB | 365 kB
Progress (3): 191 kB | 119 kB | 369 kB
Progress (3): 191 kB | 119 kB | 373 kB
Progress (3): 191 kB | 119 kB | 377 kB
Progress (3): 191 kB | 119 kB | 381 kB
Progress (3): 191 kB | 119 kB | 385 kB
Progress (3): 191 kB | 119 kB | 389 kB
Progress (3): 191 kB | 119 kB | 393 kB
Progress (3): 191 kB | 119 kB | 397 kB
Progress (3): 191 kB | 119 kB | 401 kB
Progress (3): 191 kB | 119 kB | 406 kB
Progress (3): 191 kB | 119 kB | 410 kB
Progress (3): 191 kB | 119 kB | 414 kB
Progress (3): 191 kB | 119 kB | 418 kB
Progress (3): 191 kB | 119 kB | 422 kB
Progress (3): 191 kB | 119 kB | 426 kB
Progress (3): 191 kB | 119 kB | 430 kB
Progress (3): 191 kB | 119 kB | 434 kB
Progress (3): 191 kB | 119 kB | 438 kB
Progress (3): 191 kB | 119 kB | 442 kB
Progress (3): 191 kB | 119 kB | 447 kB
Progress (3): 191 kB | 119 kB | 451 kB
Progress (3): 191 kB | 119 kB | 455 kB
Progress (3): 191 kB | 119 kB | 459 kB
Progress (3): 191 kB | 119 kB | 463 kB
Progress (3): 191 kB | 119 kB | 467 kB
Progress (3): 191 kB | 119 kB | 471 kB
Progress (3): 191 kB | 119 kB | 475 kB
Progress (3): 191 kB | 119 kB | 479 kB
Progress (3): 191 kB | 119 kB | 483 kB
Progress (3): 191 kB | 119 kB | 487 kB
Progress (3): 191 kB | 119 kB | 492 kB
Progress (3): 191 kB | 119 kB | 496 kB
Progress (3): 191 kB | 119 kB | 500 kB
Progress (3): 191 kB | 119 kB | 504 kB
Progress (3): 191 kB | 119 kB | 508 kB
Progress (3): 191 kB | 119 kB | 512 kB
Progress (3): 191 kB | 119 kB | 516 kB
Progress (3): 191 kB | 119 kB | 520 kB
Progress (3): 191 kB | 119 kB | 524 kB
Progress (3): 191 kB | 119 kB | 528 kB
Progress (3): 191 kB | 119 kB | 533 kB
Progress (3): 191 kB | 119 kB | 537 kB
Progress (3): 191 kB | 119 kB | 541 kB
Progress (3): 191 kB | 119 kB | 545 kB
Progress (3): 191 kB | 119 kB | 549 kB
Progress (3): 191 kB | 119 kB | 553 kB
Progress (3): 191 kB | 119 kB | 557 kB
Progress (3): 191 kB | 119 kB | 561 kB
Progress (3): 191 kB | 119 kB | 565 kB
Progress (3): 191 kB | 119 kB | 569 kB
Progress (3): 191 kB | 119 kB | 573 kB
Progress (3): 191 kB | 119 kB | 578 kB
Progress (3): 191 kB | 119 kB | 582 kB
Progress (3): 191 kB | 119 kB | 586 kB
Progress (3): 191 kB | 119 kB | 590 kB
Progress (3): 191 kB | 119 kB | 594 kB
Progress (3): 191 kB | 119 kB | 598 kB
Progress (3): 191 kB | 119 kB | 602 kB
Progress (3): 191 kB | 119 kB | 606 kB
Progress (3): 191 kB | 119 kB | 610 kB
Progress (3): 191 kB | 119 kB | 614 kB
Progress (3): 191 kB | 119 kB | 619 kB
Progress (3): 191 kB | 119 kB | 623 kB
Progress (3): 191 kB | 119 kB | 627 kB
Progress (3): 191 kB | 119 kB | 631 kB
Progress (3): 191 kB | 119 kB | 635 kB
Progress (3): 191 kB | 119 kB | 639 kB
Progress (3): 191 kB | 119 kB | 643 kB
Progress (3): 191 kB | 119 kB | 647 kB
Progress (3): 191 kB | 119 kB | 651 kB
Progress (3): 191 kB | 119 kB | 655 kB
Progress (3): 191 kB | 119 kB | 659 kB
Progress (3): 191 kB | 119 kB | 664 kB
Progress (3): 191 kB | 119 kB | 668 kB
Progress (3): 191 kB | 119 kB | 672 kB
Progress (3): 191 kB | 119 kB | 676 kB
Progress (3): 191 kB | 119 kB | 680 kB
Progress (3): 191 kB | 119 kB | 684 kB
Progress (3): 191 kB | 119 kB | 688 kB
Progress (3): 191 kB | 119 kB | 692 kB
Progress (3): 191 kB | 119 kB | 696 kB
Progress (3): 191 kB | 119 kB | 700 kB
Progress (3): 191 kB | 119 kB | 705 kB
Progress (3): 191 kB | 119 kB | 709 kB
Progress (3): 191 kB | 119 kB | 713 kB
Progress (3): 191 kB | 119 kB | 717 kB
Progress (3): 191 kB | 119 kB | 721 kB
Progress (3): 191 kB | 119 kB | 725 kB
Progress (3): 191 kB | 119 kB | 729 kB
Progress (3): 191 kB | 119 kB | 733 kB
Progress (3): 191 kB | 119 kB | 737 kB
Progress (3): 191 kB | 119 kB | 741 kB
Progress (3): 191 kB | 119 kB | 746 kB
Progress (3): 191 kB | 119 kB | 750 kB
Progress (3): 191 kB | 119 kB | 754 kB
Progress (3): 191 kB | 119 kB | 758 kB
Progress (3): 191 kB | 119 kB | 762 kB
Progress (3): 191 kB | 119 kB | 766 kB
Progress (3): 191 kB | 119 kB | 770 kB
Progress (3): 191 kB | 119 kB | 774 kB
Progress (3): 191 kB | 119 kB | 778 kB
Progress (3): 191 kB | 119 kB | 782 kB
Progress (3): 191 kB | 119 kB | 786 kB
Progress (3): 191 kB | 119 kB | 791 kB
Progress (3): 191 kB | 119 kB | 795 kB
Progress (3): 191 kB | 119 kB | 799 kB
Progress (3): 191 kB | 119 kB | 803 kB
Progress (3): 191 kB | 119 kB | 807 kB
Progress (3): 191 kB | 119 kB | 811 kB
Progress (3): 191 kB | 119 kB | 815 kB
Progress (3): 191 kB | 119 kB | 819 kB
Progress (3): 191 kB | 119 kB | 823 kB
Progress (3): 191 kB | 119 kB | 827 kB
Progress (3): 191 kB | 119 kB | 832 kB
Progress (3): 191 kB | 119 kB | 836 kB
Progress (3): 191 kB | 119 kB | 840 kB
Progress (3): 191 kB | 119 kB | 844 kB
Progress (3): 191 kB | 119 kB | 848 kB
Progress (3): 191 kB | 119 kB | 852 kB
Progress (3): 191 kB | 119 kB | 856 kB
Progress (3): 191 kB | 119 kB | 860 kB
Progress (3): 191 kB | 119 kB | 864 kB
Progress (3): 191 kB | 119 kB | 868 kB
Progress (3): 191 kB | 119 kB | 872 kB
Progress (3): 191 kB | 119 kB | 877 kB
Progress (3): 191 kB | 119 kB | 881 kB
Progress (3): 191 kB | 119 kB | 885 kB
Progress (3): 191 kB | 119 kB | 889 kB
Progress (3): 191 kB | 119 kB | 893 kB
Progress (3): 191 kB | 119 kB | 897 kB
Progress (3): 191 kB | 119 kB | 901 kB
Progress (3): 191 kB | 119 kB | 905 kB
Progress (3): 191 kB | 119 kB | 909 kB
Progress (3): 191 kB | 119 kB | 913 kB
Progress (3): 191 kB | 119 kB | 918 kB
Progress (3): 191 kB | 119 kB | 922 kB
Progress (3): 191 kB | 119 kB | 926 kB
Progress (3): 191 kB | 119 kB | 930 kB
Progress (3): 191 kB | 119 kB | 934 kB
Progress (3): 191 kB | 119 kB | 938 kB
Progress (3): 191 kB | 119 kB | 942 kB
Progress (3): 191 kB | 119 kB | 946 kB
Progress (3): 191 kB | 119 kB | 950 kB
Progress (3): 191 kB | 119 kB | 954 kB
Progress (3): 191 kB | 119 kB | 959 kB
Progress (3): 191 kB | 119 kB | 963 kB
Progress (3): 191 kB | 119 kB | 967 kB
Progress (3): 191 kB | 119 kB | 971 kB
Progress (3): 191 kB | 119 kB | 975 kB
Progress (3): 191 kB | 119 kB | 979 kB
Progress (3): 191 kB | 119 kB | 983 kB
Progress (3): 191 kB | 119 kB | 987 kB
Progress (3): 191 kB | 119 kB | 991 kB
Progress (3): 191 kB | 119 kB | 995 kB
Progress (3): 191 kB | 119 kB | 999 kB
Progress (3): 191 kB | 119 kB | 1.0 MB
Progress (3): 191 kB | 119 kB | 1.0 MB
Progress (3): 191 kB | 119 kB | 1.0 MB
Progress (3): 191 kB | 119 kB | 1.0 MB
Progress (3): 191 kB | 119 kB | 1.0 MB
Progress (3): 191 kB | 119 kB | 1.0 MB
Progress (3): 191 kB | 119 kB | 1.0 MB
Progress (3): 191 kB | 119 kB | 1.0 MB
Progress (3): 191 kB | 119 kB | 1.0 MB
Progress (3): 191 kB | 119 kB | 1.0 MB
Progress (3): 191 kB | 119 kB | 1.0 MB
Progress (3): 191 kB | 119 kB | 1.0 MB
Progress (3): 191 kB | 119 kB | 1.1 MB
Progress (3): 191 kB | 119 kB | 1.1 MB
Progress (3): 191 kB | 119 kB | 1.1 MB
Progress (3): 191 kB | 119 kB | 1.1 MB
Progress (3): 191 kB | 119 kB | 1.1 MB
Progress (3): 191 kB | 119 kB | 1.1 MB
Progress (3): 191 kB | 119 kB | 1.1 MB
Progress (3): 191 kB | 119 kB | 1.1 MB
Progress (3): 191 kB | 119 kB | 1.1 MB
Progress (3): 191 kB | 119 kB | 1.1 MB
Progress (3): 191 kB | 119 kB | 1.1 MB
Progress (3): 191 kB | 119 kB | 1.1 MB
Progress (3): 191 kB | 119 kB | 1.1 MB
Progress (3): 191 kB | 119 kB | 1.1 MB
Progress (3): 191 kB | 119 kB | 1.1 MB
Progress (3): 191 kB | 119 kB | 1.1 MB
Progress (3): 191 kB | 119 kB | 1.1 MB
Progress (3): 191 kB | 119 kB | 1.1 MB
Progress (3): 191 kB | 119 kB | 1.1 MB
Progress (3): 191 kB | 119 kB | 1.1 MB
Progress (3): 191 kB | 119 kB | 1.1 MB
Progress (3): 191 kB | 119 kB | 1.1 MB
Progress (3): 191 kB | 119 kB | 1.1 MB
Progress (3): 191 kB | 119 kB | 1.1 MB
Progress (3): 191 kB | 119 kB | 1.2 MB
Progress (3): 191 kB | 119 kB | 1.2 MB
Progress (3): 191 kB | 119 kB | 1.2 MB
Progress (3): 191 kB | 119 kB | 1.2 MB
Progress (3): 191 kB | 119 kB | 1.2 MB
Progress (3): 191 kB | 119 kB | 1.2 MB
Progress (3): 191 kB | 119 kB | 1.2 MB
Progress (3): 191 kB | 119 kB | 1.2 MB
Progress (3): 191 kB | 119 kB | 1.2 MB
Progress (3): 191 kB | 119 kB | 1.2 MB
Progress (3): 191 kB | 119 kB | 1.2 MB
Progress (3): 191 kB | 119 kB | 1.2 MB
Progress (3): 191 kB | 119 kB | 1.2 MB
Progress (3): 191 kB | 119 kB | 1.2 MB
Progress (3): 191 kB | 119 kB | 1.2 MB
Progress (3): 191 kB | 119 kB | 1.2 MB
Progress (3): 191 kB | 119 kB | 1.2 MB
Progress (3): 191 kB | 119 kB | 1.2 MB
Progress (3): 191 kB | 119 kB | 1.2 MB
Progress (3): 191 kB | 119 kB | 1.2 MB
Progress (3): 191 kB | 119 kB | 1.2 MB
Progress (3): 191 kB | 119 kB | 1.2 MB
Progress (3): 191 kB | 119 kB | 1.2 MB
Progress (3): 191 kB | 119 kB | 1.2 MB
Progress (3): 191 kB | 119 kB | 1.2 MB
Progress (3): 191 kB | 119 kB | 1.3 MB
Progress (3): 191 kB | 119 kB | 1.3 MB
Progress (3): 191 kB | 119 kB | 1.3 MB
Progress (3): 191 kB | 119 kB | 1.3 MB
Progress (3): 191 kB | 119 kB | 1.3 MB
Progress (3): 191 kB | 119 kB | 1.3 MB
Progress (3): 191 kB | 119 kB | 1.3 MB
Progress (3): 191 kB | 119 kB | 1.3 MB
Progress (3): 191 kB | 119 kB | 1.3 MB
Progress (3): 191 kB | 119 kB | 1.3 MB
Progress (3): 191 kB | 119 kB | 1.3 MB
Progress (3): 191 kB | 119 kB | 1.3 MB
Progress (3): 191 kB | 119 kB | 1.3 MB
Progress (3): 191 kB | 119 kB | 1.3 MB
Progress (3): 191 kB | 119 kB | 1.3 MB
Progress (3): 191 kB | 119 kB | 1.3 MB
Progress (3): 191 kB | 119 kB | 1.3 MB
Progress (3): 191 kB | 119 kB | 1.3 MB
Progress (3): 191 kB | 119 kB | 1.3 MB
Progress (3): 191 kB | 119 kB | 1.3 MB
Progress (3): 191 kB | 119 kB | 1.3 MB
Progress (3): 191 kB | 119 kB | 1.3 MB
Progress (3): 191 kB | 119 kB | 1.3 MB
Progress (3): 191 kB | 119 kB | 1.3 MB
Progress (3): 191 kB | 119 kB | 1.3 MB
Progress (3): 191 kB | 119 kB | 1.3 MB
Progress (3): 191 kB | 119 kB | 1.4 MB
Progress (3): 191 kB | 119 kB | 1.4 MB
Progress (3): 191 kB | 119 kB | 1.4 MB
Progress (3): 191 kB | 119 kB | 1.4 MB
Progress (3): 191 kB | 119 kB | 1.4 MB
Progress (3): 191 kB | 119 kB | 1.4 MB
Progress (3): 191 kB | 119 kB | 1.4 MB
Progress (3): 191 kB | 119 kB | 1.4 MB
Progress (3): 191 kB | 119 kB | 1.4 MB
Progress (3): 191 kB | 119 kB | 1.4 MB
Progress (3): 191 kB | 119 kB | 1.4 MB
Progress (3): 191 kB | 119 kB | 1.4 MB
Progress (3): 191 kB | 119 kB | 1.4 MB
Progress (3): 191 kB | 119 kB | 1.4 MB
Progress (3): 191 kB | 119 kB | 1.4 MB
Progress (3): 191 kB | 119 kB | 1.4 MB
Progress (3): 191 kB | 119 kB | 1.4 MB
Progress (3): 191 kB | 119 kB | 1.4 MB
Progress (3): 191 kB | 119 kB | 1.4 MB
Progress (3): 191 kB | 119 kB | 1.4 MB
Progress (3): 191 kB | 119 kB | 1.4 MB
Progress (3): 191 kB | 119 kB | 1.4 MB
Progress (3): 191 kB | 119 kB | 1.4 MB
Progress (3): 191 kB | 119 kB | 1.4 MB
Progress (3): 191 kB | 119 kB | 1.4 MB
Progress (3): 191 kB | 119 kB | 1.4 MB
Progress (3): 191 kB | 119 kB | 1.5 MB
Progress (3): 191 kB | 119 kB | 1.5 MB
Progress (3): 191 kB | 119 kB | 1.5 MB
Progress (3): 191 kB | 119 kB | 1.5 MB
Progress (3): 191 kB | 119 kB | 1.5 MB
Progress (3): 191 kB | 119 kB | 1.5 MB
Progress (3): 191 kB | 119 kB | 1.5 MB
Progress (3): 191 kB | 119 kB | 1.5 MB
Progress (3): 191 kB | 119 kB | 1.5 MB
Progress (3): 191 kB | 119 kB | 1.5 MB
Progress (3): 191 kB | 119 kB | 1.5 MB
Progress (3): 191 kB | 119 kB | 1.5 MB
Progress (3): 191 kB | 119 kB | 1.5 MB
Progress (3): 191 kB | 119 kB | 1.5 MB
Progress (3): 191 kB | 119 kB | 1.5 MB
Progress (3): 191 kB | 119 kB | 1.5 MB
Progress (3): 191 kB | 119 kB | 1.5 MB
Progress (3): 191 kB | 119 kB | 1.5 MB
Progress (3): 191 kB | 119 kB | 1.5 MB
Progress (3): 191 kB | 119 kB | 1.5 MB
Progress (3): 191 kB | 119 kB | 1.5 MB
Progress (3): 191 kB | 119 kB | 1.5 MB
Progress (3): 191 kB | 119 kB | 1.5 MB
Progress (3): 191 kB | 119 kB | 1.5 MB
Progress (3): 191 kB | 119 kB | 1.5 MB
Progress (3): 191 kB | 119 kB | 1.5 MB
Progress (3): 191 kB | 119 kB | 1.5 MB
Progress (3): 191 kB | 119 kB | 1.6 MB
                                      
Downloaded from aiban-tianyin-core: https://aiban-maven.pkg.coding.net/repository/tianyin/core/com/sun/xml/bind/jaxb-jxc/4.0.6/jaxb-jxc-4.0.6.jar (119 kB at 140 kB/s)
Progress (2): 191 kB | 1.6 MB
Progress (2): 191 kB | 1.6 MB
Progress (2): 191 kB | 1.6 MB
Progress (2): 191 kB | 1.6 MB
Progress (2): 191 kB | 1.6 MB
Progress (2): 191 kB | 1.6 MB
Progress (2): 191 kB | 1.6 MB
Progress (2): 191 kB | 1.6 MB
Progress (2): 191 kB | 1.6 MB
Progress (2): 191 kB | 1.6 MB
Progress (2): 191 kB | 1.6 MB
Progress (2): 191 kB | 1.6 MB
Progress (2): 191 kB | 1.6 MB
Progress (2): 191 kB | 1.6 MB
Progress (2): 191 kB | 1.6 MB
Progress (2): 191 kB | 1.6 MB
Progress (2): 191 kB | 1.6 MB
Progress (2): 191 kB | 1.6 MB
Progress (2): 191 kB | 1.6 MB
Progress (2): 191 kB | 1.6 MB
Progress (2): 191 kB | 1.6 MB
Progress (2): 191 kB | 1.6 MB
Progress (2): 191 kB | 1.6 MB
Progress (2): 191 kB | 1.6 MB
Progress (2): 191 kB | 1.7 MB
Progress (2): 191 kB | 1.7 MB
Progress (2): 191 kB | 1.7 MB
Progress (2): 191 kB | 1.7 MB
Progress (2): 191 kB | 1.7 MB
Progress (2): 191 kB | 1.7 MB
Progress (2): 191 kB | 1.7 MB
Progress (2): 191 kB | 1.7 MB
Progress (2): 191 kB | 1.7 MB
Progress (2): 191 kB | 1.7 MB
Progress (2): 191 kB | 1.7 MB
Progress (2): 191 kB | 1.7 MB
Progress (2): 191 kB | 1.7 MB
Progress (2): 191 kB | 1.7 MB
Progress (2): 191 kB | 1.7 MB
Progress (2): 191 kB | 1.7 MB
Progress (2): 191 kB | 1.7 MB
Progress (2): 191 kB | 1.7 MB
Progress (2): 191 kB | 1.7 MB
Progress (2): 191 kB | 1.7 MB
Progress (2): 191 kB | 1.7 MB
Progress (2): 191 kB | 1.7 MB
Progress (2): 191 kB | 1.7 MB
Progress (2): 191 kB | 1.7 MB
Progress (2): 191 kB | 1.7 MB
Progress (2): 191 kB | 1.7 MB
Progress (2): 191 kB | 1.8 MB
Progress (2): 191 kB | 1.8 MB
Progress (2): 191 kB | 1.8 MB
Progress (2): 191 kB | 1.8 MB
Progress (2): 191 kB | 1.8 MB
Progress (2): 191 kB | 1.8 MB
Progress (2): 191 kB | 1.8 MB
Progress (2): 191 kB | 1.8 MB
Progress (2): 191 kB | 1.8 MB
Progress (2): 191 kB | 1.8 MB
Progress (2): 191 kB | 1.8 MB
Progress (2): 191 kB | 1.8 MB
Progress (2): 191 kB | 1.8 MB
Progress (2): 191 kB | 1.8 MB
Progress (2): 191 kB | 1.8 MB
Progress (2): 191 kB | 1.8 MB
Progress (2): 191 kB | 1.8 MB
Progress (2): 191 kB | 1.8 MB
Progress (2): 191 kB | 1.8 MB
Progress (2): 191 kB | 1.8 MB
Progress (2): 191 kB | 1.8 MB
Progress (2): 191 kB | 1.8 MB
Progress (2): 191 kB | 1.8 MB
Progress (2): 191 kB | 1.8 MB
Progress (2): 191 kB | 1.8 MB
Progress (2): 191 kB | 1.9 MB
Progress (2): 191 kB | 1.9 MB
Progress (2): 191 kB | 1.9 MB
Progress (2): 191 kB | 1.9 MB
Progress (2): 191 kB | 1.9 MB
Progress (2): 191 kB | 1.9 MB
Progress (2): 191 kB | 1.9 MB
Progress (2): 191 kB | 1.9 MB
Progress (2): 191 kB | 1.9 MB
Progress (2): 191 kB | 1.9 MB
Progress (2): 191 kB | 1.9 MB
Progress (2): 191 kB | 1.9 MB
Progress (2): 191 kB | 1.9 MB
Progress (2): 191 kB | 1.9 MB
Progress (2): 191 kB | 1.9 MB
                             
Downloaded from aiban-tianyin-core: https://aiban-maven.pkg.coding.net/repository/tianyin/core/org/jetbrains/kotlin/kotlin-stdlib-common/1.4.20/kotlin-stdlib-common-1.4.20.jar (191 kB at 218 kB/s)
Progress (1): 1.9 MB
Progress (1): 1.9 MB
Progress (1): 1.9 MB
Progress (1): 1.9 MB
Progress (1): 1.9 MB
Progress (1): 1.9 MB
Progress (1): 1.9 MB
Progress (1): 1.9 MB
Progress (1): 1.9 MB
Progress (1): 2.0 MB
Progress (1): 2.0 MB
Progress (1): 2.0 MB
Progress (1): 2.0 MB
Progress (1): 2.0 MB
Progress (1): 2.0 MB
Progress (1): 2.0 MB
Progress (1): 2.0 MB
Progress (1): 2.0 MB
Progress (1): 2.0 MB
Progress (1): 2.0 MB
Progress (1): 2.0 MB
Progress (1): 2.0 MB
Progress (1): 2.0 MB
Progress (1): 2.0 MB
Progress (1): 2.0 MB
Progress (1): 2.0 MB
Progress (1): 2.0 MB
Progress (1): 2.0 MB
Progress (1): 2.0 MB
Progress (1): 2.0 MB
Progress (1): 2.0 MB
Progress (1): 2.0 MB
Progress (1): 2.0 MB
Progress (1): 2.0 MB
Progress (1): 2.0 MB
Progress (1): 2.1 MB
Progress (1): 2.1 MB
Progress (1): 2.1 MB
Progress (1): 2.1 MB
Progress (1): 2.1 MB
Progress (1): 2.1 MB
Progress (1): 2.1 MB
Progress (1): 2.1 MB
Progress (1): 2.1 MB
Progress (1): 2.1 MB
Progress (1): 2.1 MB
Progress (1): 2.1 MB
Progress (1): 2.1 MB
Progress (1): 2.1 MB
Progress (1): 2.1 MB
Progress (1): 2.1 MB
Progress (1): 2.1 MB
Progress (1): 2.1 MB
Progress (1): 2.1 MB
Progress (1): 2.1 MB
Progress (1): 2.1 MB
Progress (1): 2.1 MB
Progress (1): 2.1 MB
Progress (1): 2.1 MB
Progress (1): 2.1 MB
Progress (1): 2.1 MB
Progress (1): 2.2 MB
Progress (1): 2.2 MB
Progress (1): 2.2 MB
Progress (1): 2.2 MB
Progress (1): 2.2 MB
Progress (1): 2.2 MB
Progress (1): 2.2 MB
Progress (1): 2.2 MB
Progress (1): 2.2 MB
Progress (1): 2.2 MB
Progress (1): 2.2 MB
Progress (1): 2.2 MB
                    
Downloaded from aiban-tianyin-core: https://aiban-maven.pkg.coding.net/repository/tianyin/core/org/springframework/spring-web/7.0.2/spring-web-7.0.2.jar (2.2 MB at 2.0 MB/s)
Progress (1): 2.6 kB
Progress (1): 6.7 kB
Progress (1): 11 kB 
Progress (1): 14 kB
Progress (1): 17 kB
Progress (1): 19 kB
Progress (1): 22 kB
Progress (1): 26 kB
Progress (1): 30 kB
Progress (1): 34 kB
Progress (1): 38 kB
Progress (1): 41 kB
Progress (1): 45 kB
Progress (1): 49 kB
Progress (1): 53 kB
Progress (1): 57 kB
Progress (1): 61 kB
Progress (1): 65 kB
Progress (1): 69 kB
Progress (1): 73 kB
Progress (1): 77 kB
Progress (1): 81 kB
Progress (1): 84 kB
Progress (1): 87 kB
Progress (1): 90 kB
Progress (1): 94 kB
Progress (1): 98 kB
Progress (1): 102 kB
Progress (1): 106 kB
Progress (1): 110 kB
Progress (1): 114 kB
Progress (1): 116 kB
Progress (1): 120 kB
Progress (1): 122 kB
Progress (1): 126 kB
Progress (1): 131 kB
Progress (1): 135 kB
Progress (1): 139 kB
Progress (1): 143 kB
Progress (1): 147 kB
Progress (1): 151 kB
Progress (1): 155 kB
Progress (1): 159 kB
Progress (1): 163 kB
Progress (1): 167 kB
Progress (1): 172 kB
Progress (1): 176 kB
Progress (1): 180 kB
Progress (1): 184 kB
Progress (1): 188 kB
Progress (1): 192 kB
Progress (1): 196 kB
Progress (1): 200 kB
Progress (1): 204 kB
Progress (1): 208 kB
Progress (1): 213 kB
Progress (1): 217 kB
Progress (1): 221 kB
Progress (1): 225 kB
Progress (1): 229 kB
Progress (1): 233 kB
Progress (1): 237 kB
Progress (1): 241 kB
Progress (1): 245 kB
Progress (1): 249 kB
Progress (1): 253 kB
Progress (1): 258 kB
Progress (1): 262 kB
Progress (1): 266 kB
Progress (1): 270 kB
Progress (1): 274 kB
Progress (1): 278 kB
Progress (1): 282 kB
Progress (1): 286 kB
Progress (1): 290 kB
Progress (1): 294 kB
Progress (1): 299 kB
Progress (1): 303 kB
Progress (1): 307 kB
Progress (1): 311 kB
Progress (1): 315 kB
Progress (1): 319 kB
Progress (1): 323 kB
Progress (1): 327 kB
Progress (1): 331 kB
Progress (1): 335 kB
Progress (1): 339 kB
Progress (1): 344 kB
Progress (1): 348 kB
Progress (1): 352 kB
Progress (1): 356 kB
Progress (1): 360 kB
Progress (1): 364 kB
Progress (1): 368 kB
Progress (1): 372 kB
Progress (1): 376 kB
Progress (1): 380 kB
Progress (1): 385 kB
Progress (1): 389 kB
Progress (1): 393 kB
Progress (1): 397 kB
Progress (1): 401 kB
Progress (1): 405 kB
Progress (1): 409 kB
Progress (1): 413 kB
Progress (1): 417 kB
Progress (1): 421 kB
Progress (1): 426 kB
Progress (1): 430 kB
Progress (1): 434 kB
Progress (1): 438 kB
Progress (1): 442 kB
Progress (1): 446 kB
Progress (1): 450 kB
Progress (1): 454 kB
Progress (1): 458 kB
Progress (1): 462 kB
Progress (1): 466 kB
Progress (1): 471 kB
Progress (1): 475 kB
Progress (1): 479 kB
Progress (1): 483 kB
Progress (1): 487 kB
Progress (1): 491 kB
Progress (1): 495 kB
Progress (1): 499 kB
Progress (1): 503 kB
Progress (1): 507 kB
Progress (1): 512 kB
Progress (1): 516 kB
Progress (1): 520 kB
Progress (1): 524 kB
Progress (1): 528 kB
Progress (1): 532 kB
Progress (1): 536 kB
Progress (1): 540 kB
Progress (1): 544 kB
Progress (1): 548 kB
Progress (1): 552 kB
Progress (1): 557 kB
Progress (1): 561 kB
Progress (1): 565 kB
Progress (1): 569 kB
Progress (1): 573 kB
Progress (1): 577 kB
Progress (1): 581 kB
Progress (1): 585 kB
Progress (1): 589 kB
Progress (1): 593 kB
Progress (1): 598 kB
Progress (1): 602 kB
Progress (1): 606 kB
Progress (1): 610 kB
Progress (1): 614 kB
Progress (1): 618 kB
Progress (1): 622 kB
Progress (1): 626 kB
Progress (1): 630 kB
Progress (1): 634 kB
Progress (1): 638 kB
Progress (1): 643 kB
Progress (1): 647 kB
Progress (1): 651 kB
Progress (1): 655 kB
Progress (1): 659 kB
Progress (1): 663 kB
Progress (1): 667 kB
Progress (1): 671 kB
Progress (1): 675 kB
Progress (1): 679 kB
Progress (1): 684 kB
Progress (1): 688 kB
Progress (1): 692 kB
Progress (1): 696 kB
Progress (1): 700 kB
Progress (1): 704 kB
Progress (1): 708 kB
Progress (1): 712 kB
Progress (1): 716 kB
Progress (1): 720 kB
Progress (1): 724 kB
Progress (1): 729 kB
Progress (1): 733 kB
Progress (1): 737 kB
Progress (1): 741 kB
Progress (1): 745 kB
Progress (1): 749 kB
Progress (1): 753 kB
Progress (1): 757 kB
Progress (1): 761 kB
Progress (1): 765 kB
Progress (1): 770 kB
Progress (1): 774 kB
Progress (1): 778 kB
Progress (1): 782 kB
Progress (1): 786 kB
Progress (1): 790 kB
Progress (1): 794 kB
Progress (1): 798 kB
Progress (1): 802 kB
Progress (1): 806 kB
Progress (1): 810 kB
Progress (1): 815 kB
Progress (1): 819 kB
Progress (1): 823 kB
Progress (1): 827 kB
Progress (1): 831 kB
Progress (1): 835 kB
Progress (1): 839 kB
Progress (1): 843 kB
Progress (1): 847 kB
Progress (1): 851 kB
Progress (1): 856 kB
Progress (1): 860 kB
Progress (1): 864 kB
Progress (1): 868 kB
Progress (1): 872 kB
Progress (1): 876 kB
Progress (1): 880 kB
Progress (1): 884 kB
Progress (1): 888 kB
Progress (1): 892 kB
Progress (1): 896 kB
Progress (1): 901 kB
Progress (1): 905 kB
Progress (1): 909 kB
Progress (1): 913 kB
Progress (1): 917 kB
Progress (1): 921 kB
Progress (1): 925 kB
Progress (1): 929 kB
Progress (1): 933 kB
Progress (1): 937 kB
Progress (1): 942 kB
Progress (1): 946 kB
Progress (1): 950 kB
Progress (1): 954 kB
Progress (1): 958 kB
Progress (1): 962 kB
Progress (1): 966 kB
Progress (1): 970 kB
Progress (1): 974 kB
Progress (1): 978 kB
Progress (1): 982 kB
Progress (1): 987 kB
Progress (1): 991 kB
Progress (1): 995 kB
Progress (1): 999 kB
Progress (1): 1.0 MB
Progress (1): 1.0 MB
Progress (1): 1.0 MB
Progress (1): 1.0 MB
Progress (1): 1.0 MB
Progress (1): 1.0 MB
Progress (1): 1.0 MB
Progress (1): 1.0 MB
Progress (1): 1.0 MB
Progress (1): 1.0 MB
Progress (1): 1.0 MB
Progress (1): 1.0 MB
Progress (1): 1.1 MB
Progress (1): 1.1 MB
Progress (1): 1.1 MB
Progress (1): 1.1 MB
Progress (1): 1.1 MB
Progress (1): 1.1 MB
Progress (1): 1.1 MB
Progress (1): 1.1 MB
Progress (1): 1.1 MB
Progress (1): 1.1 MB
Progress (1): 1.1 MB
Progress (1): 1.1 MB
Progress (1): 1.1 MB
Progress (1): 1.1 MB
Progress (1): 1.1 MB
Progress (1): 1.1 MB
Progress (1): 1.1 MB
Progress (1): 1.1 MB
Progress (1): 1.1 MB
Progress (1): 1.1 MB
Progress (1): 1.1 MB
Progress (1): 1.1 MB
Progress (1): 1.1 MB
Progress (1): 1.1 MB
Progress (1): 1.2 MB
Progress (1): 1.2 MB
Progress (1): 1.2 MB
Progress (1): 1.2 MB
Progress (1): 1.2 MB
Progress (1): 1.2 MB
Progress (1): 1.2 MB
Progress (1): 1.2 MB
Progress (1): 1.2 MB
Progress (1): 1.2 MB
Progress (1): 1.2 MB
Progress (1): 1.2 MB
Progress (1): 1.2 MB
Progress (1): 1.2 MB
Progress (1): 1.2 MB
Progress (1): 1.2 MB
Progress (1): 1.2 MB
Progress (1): 1.2 MB
Progress (1): 1.2 MB
Progress (1): 1.2 MB
Progress (1): 1.2 MB
Progress (1): 1.2 MB
Progress (1): 1.2 MB
Progress (1): 1.2 MB
Progress (1): 1.2 MB
Progress (1): 1.3 MB
Progress (1): 1.3 MB
Progress (1): 1.3 MB
Progress (1): 1.3 MB
Progress (1): 1.3 MB
Progress (1): 1.3 MB
Progress (1): 1.3 MB
Progress (1): 1.3 MB
Progress (1): 1.3 MB
Progress (1): 1.3 MB
Progress (1): 1.3 MB
Progress (1): 1.3 MB
Progress (1): 1.3 MB
Progress (1): 1.3 MB
Progress (1): 1.3 MB
Progress (1): 1.3 MB
Progress (1): 1.3 MB
Progress (1): 1.3 MB
Progress (1): 1.3 MB
Progress (1): 1.3 MB
Progress (1): 1.3 MB
Progress (1): 1.3 MB
Progress (1): 1.3 MB
Progress (1): 1.3 MB
Progress (1): 1.4 MB
Progress (1): 1.4 MB
Progress (1): 1.4 MB
Progress (1): 1.4 MB
Progress (1): 1.4 MB
Progress (1): 1.4 MB
Progress (1): 1.4 MB
Progress (1): 1.4 MB
Progress (1): 1.4 MB
Progress (1): 1.4 MB
Progress (1): 1.4 MB
Progress (1): 1.4 MB
Progress (1): 1.4 MB
Progress (1): 1.4 MB
Progress (1): 1.4 MB
Progress (1): 1.4 MB
Progress (1): 1.4 MB
Progress (1): 1.4 MB
Progress (1): 1.4 MB
Progress (1): 1.4 MB
Progress (1): 1.4 MB
Progress (1): 1.4 MB
Progress (1): 1.4 MB
Progress (1): 1.4 MB
Progress (1): 1.4 MB
Progress (1): 1.5 MB
Progress (1): 1.5 MB
Progress (1): 1.5 MB
Progress (1): 1.5 MB
Progress (1): 1.5 MB
Progress (1): 1.5 MB
Progress (1): 1.5 MB
Progress (1): 1.5 MB
Progress (1): 1.5 MB
Progress (1): 1.5 MB
Progress (1): 1.5 MB
Progress (1): 1.5 MB
Progress (1): 1.5 MB
Progress (1): 1.5 MB
Progress (1): 1.5 MB
Progress (1): 1.5 MB
Progress (1): 1.5 MB
Progress (1): 1.5 MB
Progress (1): 1.5 MB
Progress (1): 1.5 MB
Progress (1): 1.5 MB
Progress (1): 1.5 MB
Progress (1): 1.5 MB
Progress (1): 1.5 MB
Progress (1): 1.6 MB
Progress (1): 1.6 MB
Progress (1): 1.6 MB
Progress (1): 1.6 MB
Progress (1): 1.6 MB
Progress (1): 1.6 MB
Progress (1): 1.6 MB
Progress (1): 1.6 MB
Progress (1): 1.6 MB
Progress (1): 1.6 MB
Progress (1): 1.6 MB
Progress (1): 1.6 MB
Progress (1): 1.6 MB
Progress (1): 1.6 MB
Progress (1): 1.6 MB
Progress (1): 1.6 MB
Progress (1): 1.6 MB
Progress (1): 1.6 MB
Progress (1): 1.6 MB
Progress (1): 1.6 MB
Progress (1): 1.6 MB
Progress (1): 1.6 MB
Progress (1): 1.6 MB
Progress (1): 1.6 MB
Progress (1): 1.6 MB
Progress (1): 1.6 MB
Progress (1): 1.7 MB
Progress (1): 1.7 MB
Progress (1): 1.7 MB
Progress (1): 1.7 MB
Progress (1): 1.7 MB
Progress (1): 1.7 MB
Progress (1): 1.7 MB
Progress (1): 1.7 MB
Progress (1): 1.7 MB
Progress (1): 1.7 MB
Progress (1): 1.7 MB
Progress (1): 1.7 MB
Progress (1): 1.7 MB
Progress (1): 1.7 MB
Progress (1): 1.7 MB
Progress (1): 1.7 MB
Progress (1): 1.7 MB
Progress (1): 1.7 MB
Progress (1): 1.7 MB
Progress (1): 1.7 MB
Progress (1): 1.7 MB
Progress (1): 1.7 MB
Progress (1): 1.7 MB
Progress (1): 1.7 MB
Progress (1): 1.7 MB
Progress (1): 1.8 MB
Progress (1): 1.8 MB
Progress (1): 1.8 MB
Progress (1): 1.8 MB
Progress (1): 1.8 MB
Progress (1): 1.8 MB
Progress (1): 1.8 MB
Progress (1): 1.8 MB
Progress (1): 1.8 MB
Progress (1): 1.8 MB
Progress (1): 1.8 MB
Progress (1): 1.8 MB
Progress (1): 1.8 MB
Progress (1): 1.8 MB
Progress (1): 1.8 MB
Progress (1): 1.8 MB
Progress (1): 1.8 MB
Progress (1): 1.8 MB
Progress (1): 1.8 MB
Progress (1): 1.8 MB
Progress (1): 1.8 MB
Progress (1): 1.8 MB
Progress (1): 1.8 MB
Progress (1): 1.8 MB
Progress (1): 1.8 MB
Progress (1): 1.8 MB
Progress (1): 1.9 MB
Progress (1): 1.9 MB
Progress (1): 1.9 MB
Progress (1): 1.9 MB
Progress (1): 1.9 MB
Progress (1): 1.9 MB
Progress (1): 1.9 MB
Progress (1): 1.9 MB
Progress (1): 1.9 MB
Progress (1): 1.9 MB
Progress (1): 1.9 MB
Progress (1): 1.9 MB
Progress (1): 1.9 MB
Progress (1): 1.9 MB
Progress (1): 1.9 MB
Progress (1): 1.9 MB
Progress (1): 1.9 MB
Progress (1): 1.9 MB
Progress (1): 1.9 MB
Progress (1): 1.9 MB
Progress (1): 1.9 MB
Progress (1): 1.9 MB
Progress (1): 1.9 MB
                    
Downloaded from aiban-tianyin-core: https://aiban-maven.pkg.coding.net/repository/tianyin/core/com/sun/xml/bind/jaxb-xjc/4.0.6/jaxb-xjc-4.0.6.jar (1.9 MB at 1.2 MB/s)
[[1;34mINFO[m] 
[[1;34mINFO[m] [1m--- [0;32mmaven-clean-plugin:3.4.0:clean[m [1m(default-clean)[m @ [36maxis2-spring-boot-starter[0;1m ---[m
[[1;34mINFO[m] 
[[1;34mINFO[m] [1m--- [0;32mmaven-enforcer-plugin:3.5.0:enforce[m [1m(default-cli)[m @ [36maxis2-spring-boot-starter[0;1m ---[m
[[1;34mINFO[m] Rule 1: org.apache.maven.enforcer.rules.version.RequireJavaVersion passed
[[1;34mINFO[m] [1m------------------------------------------------------------------------[m
[[1;34mINFO[m] [1;31mBUILD FAILURE[m
[[1;34mINFO[m] [1m------------------------------------------------------------------------[m
[[1;34mINFO[m] Total time:  4.339 s
[[1;34mINFO[m] Finished at: 2026-03-16T13:41:22+08:00
[[1;34mINFO[m] [1m------------------------------------------------------------------------[m
[[1;31mERROR[m] Failed to execute goal [32morg.apache.maven.plugins:maven-enforcer-plugin:3.5.0:enforce[m [1m(default-cli)[m on project [36maxis2-spring-boot-starter[m: [1;31m[m
[[1;31mERROR[m] [1;31mRule 0: org.apache.maven.enforcer.rules.version.RequireMavenVersion failed with message:[m
[[1;31mERROR[m] [1;31mYou are running an older version of Maven. This application requires at least Maven 3.9.9.[m
[[1;31mERROR[m] -> [1m[Help 1][m
[[1;31mERROR[m] 
[[1;31mERROR[m] To see the full stack trace of the errors, re-run Maven with the [1m-e[m switch.
[[1;31mERROR[m] Re-run Maven using the [1m-X[m switch to enable full debug logging.
[[1;31mERROR[m] 
[[1;31mERROR[m] For more information about the errors and possible solutions, please read the following articles:
[[1;31mERROR[m] [1m[Help 1][m http://cwiki.apache.org/confluence/display/MAVEN/MojoExecutionException
[axis2-spring-boot-starter/4.0.x] 失败 - 查看日志
[[1;34mINFO[m] Scanning for projects...
Downloading from mirror: https://maven.aliyun.com/nexus/content/groups/public/com/sun/xml/ws/jaxws-ri-bom/2.3.1/jaxws-ri-bom-2.3.1.pom
Progress (1): 4.1/15 kB
Progress (1): 7.3/15 kB
Progress (1): 11/15 kB 
Progress (1): 15 kB   
                   
Downloaded from mirror: https://maven.aliyun.com/nexus/content/groups/public/com/sun/xml/ws/jaxws-ri-bom/2.3.1/jaxws-ri-bom-2.3.1.pom (15 kB at 32 kB/s)
Downloading from mirror: https://maven.aliyun.com/nexus/content/groups/public/org/glassfish/jaxb/jaxb-bom/2.3.1/jaxb-bom-2.3.1.pom
Downloaded from mirror: https://maven.aliyun.com/nexus/content/groups/public/org/glassfish/jaxb/jaxb-bom/2.3.1/jaxb-bom-2.3.1.pom (0 B at 0 B/s)
[[1;34mINFO[m] 
[[1;34mINFO[m] [1m------------< [0;36mio.github.hiwepy:axis2-spring-boot-starter[0;1m >-------------[m
[[1;34mINFO[m] [1mBuilding io.github.hiwepy:axis2-spring-boot-starter 2.0.1-SNAPSHOT[m
[[1;34mINFO[m] [1m--------------------------------[ jar ]---------------------------------[m
Downloading from aiban-tianyin-core: https://aiban-maven.pkg.coding.net/repository/tianyin/core/org/apache/ws/xmlschema/xmlschema-core/2.3.0/xmlschema-core-2.3.0.pom
Progress (1): 2.6 kB
Progress (1): 6.7 kB
Progress (1): 6.9 kB
                    
Downloaded from aiban-tianyin-core: https://aiban-maven.pkg.coding.net/repository/tianyin/core/org/apache/ws/xmlschema/xmlschema-core/2.3.0/xmlschema-core-2.3.0.pom (6.9 kB at 12 kB/s)
Downloading from aiban-tianyin-core: https://aiban-maven.pkg.coding.net/repository/tianyin/core/org/apache/ws/xmlschema/xmlschema/2.3.0/xmlschema-2.3.0.pom
Progress (1): 4.1 kB
Progress (1): 8.2 kB
Progress (1): 11 kB 
Progress (1): 15 kB
Progress (1): 19 kB
Progress (1): 23 kB
Progress (1): 27 kB
Progress (1): 31 kB
Progress (1): 32 kB
                   
Downloaded from aiban-tianyin-core: https://aiban-maven.pkg.coding.net/repository/tianyin/core/org/apache/ws/xmlschema/xmlschema/2.3.0/xmlschema-2.3.0.pom (32 kB at 109 kB/s)
Downloading from aiban-tianyin-core: https://aiban-maven.pkg.coding.net/repository/tianyin/core/org/apache/axis2/axis2-kernel/1.8.0/axis2-kernel-1.8.0.pom
Progress (1): 2.6 kB
Progress (1): 5.4 kB
Progress (1): 9.5 kB
Progress (1): 11 kB 
                   
Downloaded from aiban-tianyin-core: https://aiban-maven.pkg.coding.net/repository/tianyin/core/org/apache/axis2/axis2-kernel/1.8.0/axis2-kernel-1.8.0.pom (11 kB at 32 kB/s)
Downloading from aiban-tianyin-core: https://aiban-maven.pkg.coding.net/repository/tianyin/core/org/apache/axis2/axis2/1.8.0/axis2-1.8.0.pom
Progress (1): 2.6 kB
Progress (1): 6.7 kB
Progress (1): 11 kB 
Progress (1): 14 kB
Progress (1): 18 kB
Progress (1): 22 kB
Progress (1): 26 kB
Progress (1): 29 kB
Progress (1): 32 kB
Progress (1): 36 kB
Progress (1): 39 kB
Progress (1): 43 kB
Progress (1): 47 kB
Progress (1): 51 kB
Progress (1): 54 kB
Progress (1): 57 kB
Progress (1): 61 kB
Progress (1): 65 kB
Progress (1): 69 kB
Progress (1): 70 kB
                   
Downloaded from aiban-tianyin-core: https://aiban-maven.pkg.coding.net/repository/tianyin/core/org/apache/axis2/axis2/1.8.0/axis2-1.8.0.pom (70 kB at 177 kB/s)
Downloading from aiban-tianyin-core: https://aiban-maven.pkg.coding.net/repository/tianyin/core/org/apache/ws/commons/axiom/axiom-api/1.3.0/axiom-api-1.3.0.pom
Progress (1): 2.6 kB
Progress (1): 6.7 kB
Progress (1): 9.7 kB
Progress (1): 14 kB 
Progress (1): 16 kB
Progress (1): 21 kB
Progress (1): 23 kB
                   
Downloaded from aiban-tianyin-core: https://aiban-maven.pkg.coding.net/repository/tianyin/core/org/apache/ws/commons/axiom/axiom-api/1.3.0/axiom-api-1.3.0.pom (23 kB at 62 kB/s)
Downloading from aiban-tianyin-core: https://aiban-maven.pkg.coding.net/repository/tianyin/core/org/apache/ws/commons/axiom/axiom/1.3.0/axiom-1.3.0.pom
Progress (1): 2.6 kB
Progress (1): 6.7 kB
Progress (1): 11 kB 
Progress (1): 14 kB
Progress (1): 16 kB
Progress (1): 19 kB
Progress (1): 23 kB
Progress (1): 28 kB
Progress (1): 32 kB
Progress (1): 35 kB
Progress (1): 39 kB
Progress (1): 42 kB
Progress (1): 46 kB
Progress (1): 50 kB
Progress (1): 53 kB
Progress (1): 57 kB
Progress (1): 60 kB
                   
Downloaded from aiban-tianyin-core: https://aiban-maven.pkg.coding.net/repository/tianyin/core/org/apache/ws/commons/axiom/axiom/1.3.0/axiom-1.3.0.pom (60 kB at 164 kB/s)
Downloading from aiban-tianyin-core: https://aiban-maven.pkg.coding.net/repository/tianyin/core/org/apache/james/apache-mime4j-core/0.8.4/apache-mime4j-core-0.8.4.pom
Progress (1): 2.2 kB
                    
Downloaded from aiban-tianyin-core: https://aiban-maven.pkg.coding.net/repository/tianyin/core/org/apache/james/apache-mime4j-core/0.8.4/apache-mime4j-core-0.8.4.pom (2.2 kB at 5.5 kB/s)
Downloading from aiban-tianyin-core: https://aiban-maven.pkg.coding.net/repository/tianyin/core/org/apache/james/apache-mime4j-project/0.8.4/apache-mime4j-project-0.8.4.pom
Progress (1): 2.6 kB
Progress (1): 6.7 kB
Progress (1): 9.0 kB
                    
Downloaded from aiban-tianyin-core: https://aiban-maven.pkg.coding.net/repository/tianyin/core/org/apache/james/apache-mime4j-project/0.8.4/apache-mime4j-project-0.8.4.pom (9.0 kB at 29 kB/s)
Downloading from aiban-tianyin-core: https://aiban-maven.pkg.coding.net/repository/tianyin/core/org/apache/ws/commons/axiom/axiom-impl/1.3.0/axiom-impl-1.3.0.pom
Progress (1): 4.0 kB
Progress (1): 6.0 kB
                    
Downloaded from aiban-tianyin-core: https://aiban-maven.pkg.coding.net/repository/tianyin/core/org/apache/ws/commons/axiom/axiom-impl/1.3.0/axiom-impl-1.3.0.pom (6.0 kB at 12 kB/s)
Downloading from aiban-tianyin-core: https://aiban-maven.pkg.coding.net/repository/tianyin/core/org/apache/ws/commons/axiom/implementations/1.3.0/implementations-1.3.0.pom
Progress (1): 2.6 kB
Progress (1): 4.1 kB
                    
Downloaded from aiban-tianyin-core: https://aiban-maven.pkg.coding.net/repository/tianyin/core/org/apache/ws/commons/axiom/implementations/1.3.0/implementations-1.3.0.pom (4.1 kB at 11 kB/s)
Downloading from aiban-tianyin-core: https://aiban-maven.pkg.coding.net/repository/tianyin/core/com/fasterxml/woodstox/woodstox-core/6.2.8/woodstox-core-6.2.8.pom
Progress (1): 4.0 kB
Progress (1): 8.1 kB
Progress (1): 8.8 kB
                    
Downloaded from aiban-tianyin-core: https://aiban-maven.pkg.coding.net/repository/tianyin/core/com/fasterxml/woodstox/woodstox-core/6.2.8/woodstox-core-6.2.8.pom (8.8 kB at 24 kB/s)
Downloading from aiban-tianyin-core: https://aiban-maven.pkg.coding.net/repository/tianyin/core/commons-io/commons-io/2.2/commons-io-2.2.pom
Downloaded from aiban-tianyin-core: https://aiban-maven.pkg.coding.net/repository/tianyin/core/commons-io/commons-io/2.2/commons-io-2.2.pom (0 B at 0 B/s)
Downloading from aiban-tianyin-core: https://aiban-maven.pkg.coding.net/repository/tianyin/core/org/apache/commons/commons-parent/24/commons-parent-24.pom
Downloaded from aiban-tianyin-core: https://aiban-maven.pkg.coding.net/repository/tianyin/core/org/apache/commons/commons-parent/24/commons-parent-24.pom (0 B at 0 B/s)
Downloading from aiban-tianyin-core: https://aiban-maven.pkg.coding.net/repository/tianyin/core/org/apache/neethi/neethi/3.1.1/neethi-3.1.1.pom
Progress (1): 2.6 kB
Progress (1): 6.7 kB
Progress (1): 11 kB 
Progress (1): 14 kB
                   
Downloaded from aiban-tianyin-core: https://aiban-maven.pkg.coding.net/repository/tianyin/core/org/apache/neethi/neethi/3.1.1/neethi-3.1.1.pom (14 kB at 42 kB/s)
Downloading from aiban-tianyin-core: https://aiban-maven.pkg.coding.net/repository/tianyin/core/org/apache/axis2/axis2-adb/1.8.0/axis2-adb-1.8.0.pom
Progress (1): 4.1 kB
Progress (1): 5.4 kB
                    
Downloaded from aiban-tianyin-core: https://aiban-maven.pkg.coding.net/repository/tianyin/core/org/apache/axis2/axis2-adb/1.8.0/axis2-adb-1.8.0.pom (5.4 kB at 13 kB/s)
Downloading from aiban-tianyin-core: https://aiban-maven.pkg.coding.net/repository/tianyin/core/org/apache/ws/commons/axiom/axiom-dom/1.3.0/axiom-dom-1.3.0.pom
Progress (1): 4.0 kB
Progress (1): 6.7 kB
                    
Downloaded from aiban-tianyin-core: https://aiban-maven.pkg.coding.net/repository/tianyin/core/org/apache/ws/commons/axiom/axiom-dom/1.3.0/axiom-dom-1.3.0.pom (6.7 kB at 17 kB/s)
Downloading from aiban-tianyin-core: https://aiban-maven.pkg.coding.net/repository/tianyin/core/org/apache/axis2/axis2-adb-codegen/1.8.0/axis2-adb-codegen-1.8.0.pom
Progress (1): 2.6 kB
Progress (1): 5.4 kB
Progress (1): 6.2 kB
                    
Downloaded from aiban-tianyin-core: https://aiban-maven.pkg.coding.net/repository/tianyin/core/org/apache/axis2/axis2-adb-codegen/1.8.0/axis2-adb-codegen-1.8.0.pom (6.2 kB at 9.4 kB/s)
Downloading from aiban-tianyin-core: https://aiban-maven.pkg.coding.net/repository/tianyin/core/org/apache/axis2/axis2-codegen/1.8.0/axis2-codegen-1.8.0.pom
Progress (1): 4.0 kB
Progress (1): 8.1 kB
Progress (1): 12 kB 
                   
Downloaded from aiban-tianyin-core: https://aiban-maven.pkg.coding.net/repository/tianyin/core/org/apache/axis2/axis2-codegen/1.8.0/axis2-codegen-1.8.0.pom (12 kB at 20 kB/s)
Downloading from aiban-tianyin-core: https://aiban-maven.pkg.coding.net/repository/tianyin/core/commons-cli/commons-cli/1.4/commons-cli-1.4.pom
Downloaded from aiban-tianyin-core: https://aiban-maven.pkg.coding.net/repository/tianyin/core/commons-cli/commons-cli/1.4/commons-cli-1.4.pom (0 B at 0 B/s)
Downloading from aiban-tianyin-core: https://aiban-maven.pkg.coding.net/repository/tianyin/core/org/apache/axis2/axis2-corba/1.8.0/axis2-corba-1.8.0.pom
Progress (1): 4.0 kB
                    
Downloaded from aiban-tianyin-core: https://aiban-maven.pkg.coding.net/repository/tianyin/core/org/apache/axis2/axis2-corba/1.8.0/axis2-corba-1.8.0.pom (4.0 kB at 5.7 kB/s)
Downloading from aiban-tianyin-core: https://aiban-maven.pkg.coding.net/repository/tianyin/core/org/apache/axis2/axis2-metadata/1.8.0/axis2-metadata-1.8.0.pom
Progress (1): 2.6 kB
Progress (1): 5.3 kB
Progress (1): 8.1 kB
Progress (1): 9.3 kB
                    
Downloaded from aiban-tianyin-core: https://aiban-maven.pkg.coding.net/repository/tianyin/core/org/apache/axis2/axis2-metadata/1.8.0/axis2-metadata-1.8.0.pom (9.3 kB at 23 kB/s)
Downloading from aiban-tianyin-core: https://aiban-maven.pkg.coding.net/repository/tianyin/core/org/apache/axis2/axis2-saaj/1.8.0/axis2-saaj-1.8.0.pom
Progress (1): 2.6 kB
Progress (1): 5.3 kB
Progress (1): 7.3 kB
                    
Downloaded from aiban-tianyin-core: https://aiban-maven.pkg.coding.net/repository/tianyin/core/org/apache/axis2/axis2-saaj/1.8.0/axis2-saaj-1.8.0.pom (7.3 kB at 18 kB/s)
Downloading from aiban-tianyin-core: https://aiban-maven.pkg.coding.net/repository/tianyin/core/org/apache/logging/log4j/log4j-jcl/2.14.1/log4j-jcl-2.14.1.pom
Progress (1): 3.9 kB
Progress (1): 6.7 kB
Progress (1): 6.9 kB
                    
Downloaded from aiban-tianyin-core: https://aiban-maven.pkg.coding.net/repository/tianyin/core/org/apache/logging/log4j/log4j-jcl/2.14.1/log4j-jcl-2.14.1.pom (6.9 kB at 19 kB/s)
Downloading from aiban-tianyin-core: https://aiban-maven.pkg.coding.net/repository/tianyin/core/com/sun/xml/ws/jaxws-tools/2.3.1/jaxws-tools-2.3.1.pom
Progress (1): 4.1 kB
Progress (1): 8.2 kB
Progress (1): 10 kB 
                   
Downloaded from aiban-tianyin-core: https://aiban-maven.pkg.coding.net/repository/tianyin/core/com/sun/xml/ws/jaxws-tools/2.3.1/jaxws-tools-2.3.1.pom (10 kB at 12 kB/s)
Downloading from aiban-tianyin-core: https://aiban-maven.pkg.coding.net/repository/tianyin/core/com/sun/xml/ws/bundles/2.3.1/bundles-2.3.1.pom
Progress (1): 4.0 kB
Progress (1): 4.0 kB
                    
Downloaded from aiban-tianyin-core: https://aiban-maven.pkg.coding.net/repository/tianyin/core/com/sun/xml/ws/bundles/2.3.1/bundles-2.3.1.pom (4.0 kB at 6.2 kB/s)
Downloading from aiban-tianyin-core: https://aiban-maven.pkg.coding.net/repository/tianyin/core/com/sun/xml/ws/project/2.3.1/project-2.3.1.pom
Progress (1): 2.6 kB
Progress (1): 6.7 kB
Progress (1): 11 kB 
Progress (1): 14 kB
Progress (1): 17 kB
Progress (1): 21 kB
Progress (1): 25 kB
Progress (1): 28 kB
Progress (1): 31 kB
Progress (1): 35 kB
Progress (1): 38 kB
Progress (1): 42 kB
Progress (1): 46 kB
Progress (1): 47 kB
                   
Downloaded from aiban-tianyin-core: https://aiban-maven.pkg.coding.net/repository/tianyin/core/com/sun/xml/ws/project/2.3.1/project-2.3.1.pom (47 kB at 128 kB/s)
Downloading from aiban-tianyin-core: https://aiban-maven.pkg.coding.net/repository/tianyin/core/com/sun/xml/ws/jaxws-ri-bom-ext/2.3.1/jaxws-ri-bom-ext-2.3.1.pom
Progress (1): 2.6 kB
Progress (1): 5.4 kB
                    
Downloaded from aiban-tianyin-core: https://aiban-maven.pkg.coding.net/repository/tianyin/core/com/sun/xml/ws/jaxws-ri-bom-ext/2.3.1/jaxws-ri-bom-ext-2.3.1.pom (5.4 kB at 14 kB/s)
Downloading from aiban-tianyin-core: https://aiban-maven.pkg.coding.net/repository/tianyin/core/com/sun/xml/bind/jaxb-jxc/2.3.1/jaxb-jxc-2.3.1.pom
Progress (1): 4.0 kB
Progress (1): 8.1 kB
Progress (1): 12 kB 
Progress (1): 15 kB
Progress (1): 16 kB
                   
Downloaded from aiban-tianyin-core: https://aiban-maven.pkg.coding.net/repository/tianyin/core/com/sun/xml/bind/jaxb-jxc/2.3.1/jaxb-jxc-2.3.1.pom (16 kB at 20 kB/s)
Downloading from aiban-tianyin-core: https://aiban-maven.pkg.coding.net/repository/tianyin/core/com/sun/xml/bind/mvn/jaxb-bundles/2.3.1/jaxb-bundles-2.3.1.pom
Progress (1): 2.6 kB
Progress (1): 2.9 kB
                    
Downloaded from aiban-tianyin-core: https://aiban-maven.pkg.coding.net/repository/tianyin/core/com/sun/xml/bind/mvn/jaxb-bundles/2.3.1/jaxb-bundles-2.3.1.pom (2.9 kB at 7.5 kB/s)
Downloading from aiban-tianyin-core: https://aiban-maven.pkg.coding.net/repository/tianyin/core/javax/xml/soap/javax.xml.soap-api/1.4.0/javax.xml.soap-api-1.4.0.pom
Progress (1): 2.6 kB
Progress (1): 6.7 kB
Progress (1): 11 kB 
Progress (1): 14 kB
Progress (1): 16 kB
Progress (1): 20 kB
                   
Downloaded from aiban-tianyin-core: https://aiban-maven.pkg.coding.net/repository/tianyin/core/javax/xml/soap/javax.xml.soap-api/1.4.0/javax.xml.soap-api-1.4.0.pom (20 kB at 65 kB/s)
Downloading from aiban-tianyin-core: https://aiban-maven.pkg.coding.net/repository/tianyin/core/javax/jws/javax.jws-api/1.1/javax.jws-api-1.1.pom
Downloaded from aiban-tianyin-core: https://aiban-maven.pkg.coding.net/repository/tianyin/core/javax/jws/javax.jws-api/1.1/javax.jws-api-1.1.pom (0 B at 0 B/s)
Downloading from aiban-tianyin-core: https://aiban-maven.pkg.coding.net/repository/tianyin/core/org/apache/ws/commons/axiom/axiom-api/1.2.21/axiom-api-1.2.21.pom
Progress (1): 2.6 kB
Progress (1): 6.7 kB
Progress (1): 11 kB 
Progress (1): 14 kB
Progress (1): 16 kB
                   
Downloaded from aiban-tianyin-core: https://aiban-maven.pkg.coding.net/repository/tianyin/core/org/apache/ws/commons/axiom/axiom-api/1.2.21/axiom-api-1.2.21.pom (16 kB at 42 kB/s)
Downloading from aiban-tianyin-core: https://aiban-maven.pkg.coding.net/repository/tianyin/core/org/apache/geronimo/specs/geronimo-activation_1.1_spec/1.1/geronimo-activation_1.1_spec-1.1.pom
Progress (1): 2.6 kB
Progress (1): 5.0 kB
                    
Downloaded from aiban-tianyin-core: https://aiban-maven.pkg.coding.net/repository/tianyin/core/org/apache/geronimo/specs/geronimo-activation_1.1_spec/1.1/geronimo-activation_1.1_spec-1.1.pom (5.0 kB at 12 kB/s)
Downloading from aiban-tianyin-core: https://aiban-maven.pkg.coding.net/repository/tianyin/core/org/apache/james/apache-mime4j-core/0.7.2/apache-mime4j-core-0.7.2.pom
Progress (1): 2.4 kB
                    
Downloaded from aiban-tianyin-core: https://aiban-maven.pkg.coding.net/repository/tianyin/core/org/apache/james/apache-mime4j-core/0.7.2/apache-mime4j-core-0.7.2.pom (2.4 kB at 6.6 kB/s)
Downloading from aiban-tianyin-core: https://aiban-maven.pkg.coding.net/repository/tianyin/core/org/apache/james/apache-mime4j-project/0.7.2/apache-mime4j-project-0.7.2.pom
Progress (1): 2.6 kB
Progress (1): 6.7 kB
Progress (1): 9.8 kB
                    
Downloaded from aiban-tianyin-core: https://aiban-maven.pkg.coding.net/repository/tianyin/core/org/apache/james/apache-mime4j-project/0.7.2/apache-mime4j-project-0.7.2.pom (9.8 kB at 20 kB/s)
Downloading from aiban-tianyin-core: https://aiban-maven.pkg.coding.net/repository/tianyin/core/org/apache/james/james-project/1.8/james-project-1.8.pom
Progress (1): 2.6 kB
Progress (1): 5.4 kB
Progress (1): 8.3 kB
Progress (1): 11 kB 
Progress (1): 14 kB
Progress (1): 16 kB
Progress (1): 19 kB
Progress (1): 22 kB
Progress (1): 26 kB
Progress (1): 30 kB
Progress (1): 34 kB
Progress (1): 38 kB
Progress (1): 41 kB
Progress (1): 45 kB
Progress (1): 47 kB
Progress (1): 51 kB
Progress (1): 54 kB
                   
Downloaded from aiban-tianyin-core: https://aiban-maven.pkg.coding.net/repository/tianyin/core/org/apache/james/james-project/1.8/james-project-1.8.pom (54 kB at 99 kB/s)
Downloading from aiban-tianyin-core: https://aiban-maven.pkg.coding.net/repository/tianyin/core/org/apache/apache/10/apache-10.pom
Downloaded from aiban-tianyin-core: https://aiban-maven.pkg.coding.net/repository/tianyin/core/org/apache/apache/10/apache-10.pom (0 B at 0 B/s)
Downloading from aiban-tianyin-core: https://aiban-maven.pkg.coding.net/repository/tianyin/core/com/sun/xml/bind/jaxb-impl/2.3.1/jaxb-impl-2.3.1.pom
Progress (1): 2.6 kB
Progress (1): 6.7 kB
Progress (1): 11 kB 
Progress (1): 15 kB
Progress (1): 15 kB
                   
Downloaded from aiban-tianyin-core: https://aiban-maven.pkg.coding.net/repository/tianyin/core/com/sun/xml/bind/jaxb-impl/2.3.1/jaxb-impl-2.3.1.pom (15 kB at 54 kB/s)
Downloading from aiban-tianyin-core: https://aiban-maven.pkg.coding.net/repository/tianyin/core/com/sun/xml/bind/jaxb-xjc/2.3.1/jaxb-xjc-2.3.1.pom
Progress (1): 4.1 kB
Progress (1): 8.2 kB
Progress (1): 11 kB 
Progress (1): 14 kB
Progress (1): 17 kB
Progress (1): 19 kB
Progress (1): 23 kB
Progress (1): 24 kB
                   
Downloaded from aiban-tianyin-core: https://aiban-maven.pkg.coding.net/repository/tianyin/core/com/sun/xml/bind/jaxb-xjc/2.3.1/jaxb-xjc-2.3.1.pom (24 kB at 36 kB/s)
Downloading from aiban-tianyin-core: https://aiban-maven.pkg.coding.net/repository/tianyin/core/org/apache/axis2/axis2-jibx/1.8.0/axis2-jibx-1.8.0.pom
Progress (1): 2.6 kB
Progress (1): 6.7 kB
Progress (1): 11 kB 
Progress (1): 13 kB
                   
Downloaded from aiban-tianyin-core: https://aiban-maven.pkg.coding.net/repository/tianyin/core/org/apache/axis2/axis2-jibx/1.8.0/axis2-jibx-1.8.0.pom (13 kB at 17 kB/s)
Downloading from aiban-tianyin-core: https://aiban-maven.pkg.coding.net/repository/tianyin/core/org/apache/axis2/axis2-jaxws/1.8.0/axis2-jaxws-1.8.0.pom
Progress (1): 4.0 kB
Progress (1): 8.1 kB
Progress (1): 12 kB 
Progress (1): 15 kB
Progress (1): 16 kB
                   
Downloaded from aiban-tianyin-core: https://aiban-maven.pkg.coding.net/repository/tianyin/core/org/apache/axis2/axis2-jaxws/1.8.0/axis2-jaxws-1.8.0.pom (16 kB at 33 kB/s)
Downloading from aiban-tianyin-core: https://aiban-maven.pkg.coding.net/repository/tianyin/core/org/glassfish/jaxb/jaxb-xjc/2.3.5/jaxb-xjc-2.3.5.pom
Progress (1): 4.1 kB
Progress (1): 8.2 kB
Progress (1): 11 kB 
                   
Downloaded from aiban-tianyin-core: https://aiban-maven.pkg.coding.net/repository/tianyin/core/org/glassfish/jaxb/jaxb-xjc/2.3.5/jaxb-xjc-2.3.5.pom (11 kB at 24 kB/s)
Downloading from aiban-tianyin-core: https://aiban-maven.pkg.coding.net/repository/tianyin/core/org/glassfish/jaxb/xsom/2.3.5/xsom-2.3.5.pom
Progress (1): 4.1 kB
Progress (1): 8.2 kB
Progress (1): 11 kB 
Progress (1): 14 kB
Progress (1): 18 kB
Progress (1): 20 kB
                   
Downloaded from aiban-tianyin-core: https://aiban-maven.pkg.coding.net/repository/tianyin/core/org/glassfish/jaxb/xsom/2.3.5/xsom-2.3.5.pom (20 kB at 38 kB/s)
Downloading from aiban-tianyin-core: https://aiban-maven.pkg.coding.net/repository/tianyin/core/com/sun/xml/bind/external/relaxng-datatype/2.3.5/relaxng-datatype-2.3.5.pom
Progress (1): 1.1 kB
                    
Downloaded from aiban-tianyin-core: https://aiban-maven.pkg.coding.net/repository/tianyin/core/com/sun/xml/bind/external/relaxng-datatype/2.3.5/relaxng-datatype-2.3.5.pom (1.1 kB at 2.7 kB/s)
Downloading from aiban-tianyin-core: https://aiban-maven.pkg.coding.net/repository/tianyin/core/com/sun/xml/bind/mvn/jaxb-external-parent/2.3.5/jaxb-external-parent-2.3.5.pom
Progress (1): 4.0 kB
Progress (1): 8.1 kB
Progress (1): 12 kB 
Progress (1): 14 kB
                   
Downloaded from aiban-tianyin-core: https://aiban-maven.pkg.coding.net/repository/tianyin/core/com/sun/xml/bind/mvn/jaxb-external-parent/2.3.5/jaxb-external-parent-2.3.5.pom (14 kB at 23 kB/s)
Downloading from aiban-tianyin-core: https://aiban-maven.pkg.coding.net/repository/tianyin/core/org/glassfish/jaxb/codemodel/2.3.5/codemodel-2.3.5.pom
Progress (1): 1.7 kB
                    
Downloaded from aiban-tianyin-core: https://aiban-maven.pkg.coding.net/repository/tianyin/core/org/glassfish/jaxb/codemodel/2.3.5/codemodel-2.3.5.pom (1.7 kB at 3.7 kB/s)
Downloading from aiban-tianyin-core: https://aiban-maven.pkg.coding.net/repository/tianyin/core/com/sun/xml/bind/mvn/jaxb-codemodel-parent/2.3.5/jaxb-codemodel-parent-2.3.5.pom
Progress (1): 4.1 kB
Progress (1): 6.9 kB
Progress (1): 11 kB 
Progress (1): 14 kB
                   
Downloaded from aiban-tianyin-core: https://aiban-maven.pkg.coding.net/repository/tianyin/core/com/sun/xml/bind/mvn/jaxb-codemodel-parent/2.3.5/jaxb-codemodel-parent-2.3.5.pom (14 kB at 35 kB/s)
Downloading from aiban-tianyin-core: https://aiban-maven.pkg.coding.net/repository/tianyin/core/com/sun/xml/bind/external/rngom/2.3.5/rngom-2.3.5.pom
Progress (1): 2.4 kB
                    
Downloaded from aiban-tianyin-core: https://aiban-maven.pkg.coding.net/repository/tianyin/core/com/sun/xml/bind/external/rngom/2.3.5/rngom-2.3.5.pom (2.4 kB at 5.7 kB/s)
Downloading from aiban-tianyin-core: https://aiban-maven.pkg.coding.net/repository/tianyin/core/com/sun/xml/dtd-parser/dtd-parser/1.4/dtd-parser-1.4.pom
Progress (1): 4.1 kB
Progress (1): 8.2 kB
Progress (1): 10 kB 
                   
Downloaded from aiban-tianyin-core: https://aiban-maven.pkg.coding.net/repository/tianyin/core/com/sun/xml/dtd-parser/dtd-parser/1.4/dtd-parser-1.4.pom (10 kB at 21 kB/s)
Downloading from aiban-tianyin-core: https://aiban-maven.pkg.coding.net/repository/tianyin/core/xalan/xalan/2.7.2/xalan-2.7.2.pom
Downloaded from aiban-tianyin-core: https://aiban-maven.pkg.coding.net/repository/tianyin/core/xalan/xalan/2.7.2/xalan-2.7.2.pom (0 B at 0 B/s)
Downloading from aiban-tianyin-core: https://aiban-maven.pkg.coding.net/repository/tianyin/core/xalan/serializer/2.7.2/serializer-2.7.2.pom
Downloaded from aiban-tianyin-core: https://aiban-maven.pkg.coding.net/repository/tianyin/core/xalan/serializer/2.7.2/serializer-2.7.2.pom (0 B at 0 B/s)
Downloading from aiban-tianyin-core: https://aiban-maven.pkg.coding.net/repository/tianyin/core/org/apache/axis2/axis2-transport-http/1.8.0/axis2-transport-http-1.8.0.pom
Progress (1): 3.9 kB
Progress (1): 4.9 kB
                    
Downloaded from aiban-tianyin-core: https://aiban-maven.pkg.coding.net/repository/tianyin/core/org/apache/axis2/axis2-transport-http/1.8.0/axis2-transport-http-1.8.0.pom (4.9 kB at 11 kB/s)
Downloading from aiban-tianyin-core: https://aiban-maven.pkg.coding.net/repository/tianyin/core/org/apache/ws/commons/axiom/axiom-api/1.2.7/axiom-api-1.2.7.pom
Progress (1): 3.2 kB
                    
Downloaded from aiban-tianyin-core: https://aiban-maven.pkg.coding.net/repository/tianyin/core/org/apache/ws/commons/axiom/axiom-api/1.2.7/axiom-api-1.2.7.pom (3.2 kB at 8.9 kB/s)
Downloading from aiban-tianyin-core: https://aiban-maven.pkg.coding.net/repository/tianyin/core/org/apache/ws/commons/axiom/axiom/1.2.7/axiom-1.2.7.pom
Progress (1): 2.6 kB
Progress (1): 6.7 kB
Progress (1): 11 kB 
Progress (1): 14 kB
Progress (1): 16 kB
                   
Downloaded from aiban-tianyin-core: https://aiban-maven.pkg.coding.net/repository/tianyin/core/org/apache/ws/commons/axiom/axiom/1.2.7/axiom-1.2.7.pom (16 kB at 27 kB/s)
Downloading from aiban-tianyin-core: https://aiban-maven.pkg.coding.net/repository/tianyin/core/org/apache/ws/commons/axiom/axiom-impl/1.2.7/axiom-impl-1.2.7.pom
Progress (1): 2.6 kB
Progress (1): 3.0 kB
                    
Downloaded from aiban-tianyin-core: https://aiban-maven.pkg.coding.net/repository/tianyin/core/org/apache/ws/commons/axiom/axiom-impl/1.2.7/axiom-impl-1.2.7.pom (3.0 kB at 8.4 kB/s)
Downloading from aiban-tianyin-core: https://aiban-maven.pkg.coding.net/repository/tianyin/core/org/apache/ws/commons/axiom/axiom-dom/1.2.7/axiom-dom-1.2.7.pom
Progress (1): 2.6 kB
Progress (1): 3.2 kB
                    
Downloaded from aiban-tianyin-core: https://aiban-maven.pkg.coding.net/repository/tianyin/core/org/apache/ws/commons/axiom/axiom-dom/1.2.7/axiom-dom-1.2.7.pom (3.2 kB at 8.9 kB/s)
Downloading from aiban-tianyin-core: https://aiban-maven.pkg.coding.net/repository/tianyin/core/xalan/xalan/2.7.0/xalan-2.7.0.pom
Progress (1): 491 B
                   
Downloaded from aiban-tianyin-core: https://aiban-maven.pkg.coding.net/repository/tianyin/core/xalan/xalan/2.7.0/xalan-2.7.0.pom (491 B at 1.8 kB/s)
Downloading from aiban-tianyin-core: https://aiban-maven.pkg.coding.net/repository/tianyin/core/xml-apis/xml-apis/2.0.2/xml-apis-2.0.2.pom
Downloaded from aiban-tianyin-core: https://aiban-maven.pkg.coding.net/repository/tianyin/core/xml-apis/xml-apis/2.0.2/xml-apis-2.0.2.pom (0 B at 0 B/s)
Downloading from aiban-tianyin-core: https://aiban-maven.pkg.coding.net/repository/tianyin/core/xml-apis/xml-apis/1.3.03/xml-apis-1.3.03.pom
Downloaded from aiban-tianyin-core: https://aiban-maven.pkg.coding.net/repository/tianyin/core/xml-apis/xml-apis/1.3.03/xml-apis-1.3.03.pom (0 B at 0 B/s)
Downloading from aiban-tianyin-core: https://aiban-maven.pkg.coding.net/repository/tianyin/core/org/apache/apache/1/apache-1.pom
Progress (1): 2.6 kB
Progress (1): 3.4 kB
                    
Downloaded from aiban-tianyin-core: https://aiban-maven.pkg.coding.net/repository/tianyin/core/org/apache/apache/1/apache-1.pom (3.4 kB at 12 kB/s)
Downloading from aiban-tianyin-core: https://aiban-maven.pkg.coding.net/repository/tianyin/core/org/apache/commons/commons-parent/7/commons-parent-7.pom
Downloaded from aiban-tianyin-core: https://aiban-maven.pkg.coding.net/repository/tianyin/core/org/apache/commons/commons-parent/7/commons-parent-7.pom (0 B at 0 B/s)
Downloading from aiban-tianyin-core: https://aiban-maven.pkg.coding.net/repository/tianyin/core/org/apache/axis2/axis2-json/1.8.0/axis2-json-1.8.0.pom
Progress (1): 2.6 kB
Progress (1): 6.7 kB
Progress (1): 11 kB 
Progress (1): 14 kB
Progress (1): 16 kB
                   
Downloaded from aiban-tianyin-core: https://aiban-maven.pkg.coding.net/repository/tianyin/core/org/apache/axis2/axis2-json/1.8.0/axis2-json-1.8.0.pom (16 kB at 18 kB/s)
Downloading from aiban-tianyin-core: https://aiban-maven.pkg.coding.net/repository/tianyin/core/org/codehaus/jettison/jettison/1.4.1/jettison-1.4.1.pom
Progress (1): 4.1 kB
Progress (1): 6.7 kB
Progress (1): 7.1 kB
                    
Downloaded from aiban-tianyin-core: https://aiban-maven.pkg.coding.net/repository/tianyin/core/org/codehaus/jettison/jettison/1.4.1/jettison-1.4.1.pom (7.1 kB at 20 kB/s)
Downloading from aiban-tianyin-core: https://aiban-maven.pkg.coding.net/repository/tianyin/core/com/squareup/moshi/moshi/1.12.0/moshi-1.12.0.pom
Progress (1): 1.9 kB
                    
Downloaded from aiban-tianyin-core: https://aiban-maven.pkg.coding.net/repository/tianyin/core/com/squareup/moshi/moshi/1.12.0/moshi-1.12.0.pom (1.9 kB at 5.8 kB/s)
Downloading from aiban-tianyin-core: https://aiban-maven.pkg.coding.net/repository/tianyin/core/org/jetbrains/kotlin/kotlin-stdlib/1.6.0/kotlin-stdlib-1.6.0.pom
Progress (1): 1.6 kB
                    
Downloaded from aiban-tianyin-core: https://aiban-maven.pkg.coding.net/repository/tianyin/core/org/jetbrains/kotlin/kotlin-stdlib/1.6.0/kotlin-stdlib-1.6.0.pom (1.6 kB at 4.4 kB/s)
Downloading from aiban-tianyin-core: https://aiban-maven.pkg.coding.net/repository/tianyin/core/org/jetbrains/kotlin/kotlin-stdlib-common/1.6.0/kotlin-stdlib-common-1.6.0.pom
Progress (1): 1.2 kB
                    
Downloaded from aiban-tianyin-core: https://aiban-maven.pkg.coding.net/repository/tianyin/core/org/jetbrains/kotlin/kotlin-stdlib-common/1.6.0/kotlin-stdlib-common-1.6.0.pom (1.2 kB at 4.1 kB/s)
Downloading from aiban-tianyin-core: https://aiban-maven.pkg.coding.net/repository/tianyin/core/com/squareup/moshi/moshi-adapters/1.12.0/moshi-adapters-1.12.0.pom
Progress (1): 2.0 kB
                    
Downloaded from aiban-tianyin-core: https://aiban-maven.pkg.coding.net/repository/tianyin/core/com/squareup/moshi/moshi-adapters/1.12.0/moshi-adapters-1.12.0.pom (2.0 kB at 2.5 kB/s)
Downloading from aiban-tianyin-core: https://aiban-maven.pkg.coding.net/repository/tianyin/core/org/apache/axis2/axis2-mtompolicy/1.8.0/axis2-mtompolicy-1.8.0.pom
Progress (1): 2.6 kB
Progress (1): 3.6 kB
                    
Downloaded from aiban-tianyin-core: https://aiban-maven.pkg.coding.net/repository/tianyin/core/org/apache/axis2/axis2-mtompolicy/1.8.0/axis2-mtompolicy-1.8.0.pom (3.6 kB at 5.2 kB/s)
Downloading from aiban-tianyin-core: https://aiban-maven.pkg.coding.net/repository/tianyin/core/org/apache/axis2/axis2-spring/1.8.0/axis2-spring-1.8.0.pom
Progress (1): 2.6 kB
Progress (1): 3.4 kB
                    
Downloaded from aiban-tianyin-core: https://aiban-maven.pkg.coding.net/repository/tianyin/core/org/apache/axis2/axis2-spring/1.8.0/axis2-spring-1.8.0.pom (3.4 kB at 9.3 kB/s)
Downloading from aiban-tianyin-core: https://aiban-maven.pkg.coding.net/repository/tianyin/core/org/springframework/spring-web/5.3.13/spring-web-5.3.13.pom
Progress (1): 2.2 kB
                    
Downloaded from aiban-tianyin-core: https://aiban-maven.pkg.coding.net/repository/tianyin/core/org/springframework/spring-web/5.3.13/spring-web-5.3.13.pom (2.2 kB at 8.0 kB/s)
Downloading from aiban-tianyin-core: https://aiban-maven.pkg.coding.net/repository/tianyin/core/org/apache/axis2/axis2-xmlbeans/1.8.0/axis2-xmlbeans-1.8.0.pom
Progress (1): 4.0 kB
Progress (1): 5.9 kB
                    
Downloaded from aiban-tianyin-core: https://aiban-maven.pkg.coding.net/repository/tianyin/core/org/apache/axis2/axis2-xmlbeans/1.8.0/axis2-xmlbeans-1.8.0.pom (5.9 kB at 13 kB/s)
Downloading from aiban-tianyin-core: https://aiban-maven.pkg.coding.net/repository/tianyin/core/org/apache/xmlbeans/xmlbeans/5.0.3/xmlbeans-5.0.3.pom
Progress (1): 4.1 kB
Progress (1): 4.6 kB
                    
Downloaded from aiban-tianyin-core: https://aiban-maven.pkg.coding.net/repository/tianyin/core/org/apache/xmlbeans/xmlbeans/5.0.3/xmlbeans-5.0.3.pom (4.6 kB at 18 kB/s)
Downloading from aiban-tianyin-core: https://aiban-maven.pkg.coding.net/repository/tianyin/core/org/apache/axis2/addressing/1.8.0/addressing-1.8.0.pom
Progress (1): 2.6 kB
Progress (1): 5.3 kB
                    
Downloaded from aiban-tianyin-core: https://aiban-maven.pkg.coding.net/repository/tianyin/core/org/apache/axis2/addressing/1.8.0/addressing-1.8.0.pom (5.3 kB at 8.2 kB/s)
Downloading from aiban-tianyin-core: https://aiban-maven.pkg.coding.net/repository/tianyin/core/org/apache/axis2/axis2-transport-base/1.8.0/axis2-transport-base-1.8.0.pom
Progress (1): 2.6 kB
Progress (1): 4.0 kB
                    
Downloaded from aiban-tianyin-core: https://aiban-maven.pkg.coding.net/repository/tianyin/core/org/apache/axis2/axis2-transport-base/1.8.0/axis2-transport-base-1.8.0.pom (4.0 kB at 5.2 kB/s)
Downloading from aiban-tianyin-core: https://aiban-maven.pkg.coding.net/repository/tianyin/core/org/apache/axis2/axis2-transport-jms/1.8.0/axis2-transport-jms-1.8.0.pom
Progress (1): 4.0 kB
Progress (1): 7.8 kB
                    
Downloaded from aiban-tianyin-core: https://aiban-maven.pkg.coding.net/repository/tianyin/core/org/apache/axis2/axis2-transport-jms/1.8.0/axis2-transport-jms-1.8.0.pom (7.8 kB at 13 kB/s)
Downloading from aiban-tianyin-core: https://aiban-maven.pkg.coding.net/repository/tianyin/core/org/apache/axis2/axis2-transport-local/1.8.0/axis2-transport-local-1.8.0.pom
Progress (1): 2.6 kB
Progress (1): 4.8 kB
                    
Downloaded from aiban-tianyin-core: https://aiban-maven.pkg.coding.net/repository/tianyin/core/org/apache/axis2/axis2-transport-local/1.8.0/axis2-transport-local-1.8.0.pom (4.8 kB at 10 kB/s)
Downloading from aiban-tianyin-core: https://aiban-maven.pkg.coding.net/repository/tianyin/core/org/apache/axis2/axis2-transport-mail/1.8.0/axis2-transport-mail-1.8.0.pom
Progress (1): 4.1 kB
Progress (1): 5.7 kB
                    
Downloaded from aiban-tianyin-core: https://aiban-maven.pkg.coding.net/repository/tianyin/core/org/apache/axis2/axis2-transport-mail/1.8.0/axis2-transport-mail-1.8.0.pom (5.7 kB at 8.3 kB/s)
Downloading from aiban-tianyin-core: https://aiban-maven.pkg.coding.net/repository/tianyin/core/org/apache/axis2/axis2-transport-tcp/1.8.0/axis2-transport-tcp-1.8.0.pom
Progress (1): 4.1 kB
Progress (1): 6.2 kB
                    
Downloaded from aiban-tianyin-core: https://aiban-maven.pkg.coding.net/repository/tianyin/core/org/apache/axis2/axis2-transport-tcp/1.8.0/axis2-transport-tcp-1.8.0.pom (6.2 kB at 5.1 kB/s)
Downloading from aiban-tianyin-core: https://aiban-maven.pkg.coding.net/repository/tianyin/core/org/apache/axis2/axis2-transport-udp/1.8.0/axis2-transport-udp-1.8.0.pom
Progress (1): 3.5 kB
                    
Downloaded from aiban-tianyin-core: https://aiban-maven.pkg.coding.net/repository/tianyin/core/org/apache/axis2/axis2-transport-udp/1.8.0/axis2-transport-udp-1.8.0.pom (3.5 kB at 5.2 kB/s)
Downloading from aiban-tianyin-core: https://aiban-maven.pkg.coding.net/repository/tianyin/core/org/apache/ws/xmlschema/xmlschema-core/2.3.0/xmlschema-core-2.3.0.jar
Downloading from aiban-tianyin-core: https://aiban-maven.pkg.coding.net/repository/tianyin/core/org/apache/ws/commons/axiom/axiom-impl/1.3.0/axiom-impl-1.3.0.jar
Downloading from aiban-tianyin-core: https://aiban-maven.pkg.coding.net/repository/tianyin/core/org/apache/james/apache-mime4j-core/0.8.4/apache-mime4j-core-0.8.4.jar
Downloading from aiban-tianyin-core: https://aiban-maven.pkg.coding.net/repository/tianyin/core/org/apache/ws/commons/axiom/axiom-api/1.3.0/axiom-api-1.3.0.jar
Downloading from aiban-tianyin-core: https://aiban-maven.pkg.coding.net/repository/tianyin/core/org/apache/axis2/axis2-kernel/1.8.0/axis2-kernel-1.8.0.jar
Progress (1): 4.0 kB
Progress (1): 8.1 kB
Progress (1): 12 kB 
Progress (1): 16 kB
Progress (1): 19 kB
Progress (1): 22 kB
Progress (1): 26 kB
Progress (1): 30 kB
Progress (1): 34 kB
Progress (1): 37 kB
Progress (1): 40 kB
Progress (1): 42 kB
Progress (1): 45 kB
Progress (1): 49 kB
Progress (1): 53 kB
Progress (1): 56 kB
Progress (1): 60 kB
Progress (1): 64 kB
Progress (1): 68 kB
Progress (1): 72 kB
Progress (1): 76 kB
Progress (1): 80 kB
Progress (1): 85 kB
Progress (1): 89 kB
Progress (1): 93 kB
Progress (1): 97 kB
Progress (1): 101 kB
Progress (1): 105 kB
Progress (1): 109 kB
Progress (1): 113 kB
Progress (1): 117 kB
Progress (1): 121 kB
Progress (1): 126 kB
Progress (1): 130 kB
Progress (1): 134 kB
Progress (1): 138 kB
Progress (1): 142 kB
Progress (1): 146 kB
Progress (1): 150 kB
Progress (1): 154 kB
Progress (1): 158 kB
Progress (1): 162 kB
Progress (1): 166 kB
Progress (1): 171 kB
Progress (1): 173 kB
Progress (2): 173 kB | 4.1 kB
Progress (2): 173 kB | 8.2 kB
Progress (3): 173 kB | 8.2 kB | 2.6 kB
Progress (3): 173 kB | 8.2 kB | 6.7 kB
                                      
Downloaded from aiban-tianyin-core: https://aiban-maven.pkg.coding.net/repository/tianyin/core/org/apache/ws/xmlschema/xmlschema-core/2.3.0/xmlschema-core-2.3.0.jar (173 kB at 435 kB/s)
Progress (2): 8.2 kB | 11 kB
                            
Downloading from aiban-tianyin-core: https://aiban-maven.pkg.coding.net/repository/tianyin/core/com/fasterxml/woodstox/woodstox-core/6.2.8/woodstox-core-6.2.8.jar
Progress (2): 11 kB | 11 kB
Progress (2): 15 kB | 11 kB
Progress (2): 19 kB | 11 kB
Progress (2): 23 kB | 11 kB
Progress (2): 27 kB | 11 kB
Progress (2): 31 kB | 11 kB
Progress (2): 33 kB | 11 kB
Progress (2): 36 kB | 11 kB
Progress (2): 36 kB | 15 kB
Progress (2): 36 kB | 18 kB
Progress (2): 36 kB | 21 kB
Progress (2): 36 kB | 25 kB
Progress (2): 36 kB | 29 kB
Progress (2): 36 kB | 33 kB
Progress (2): 36 kB | 37 kB
Progress (2): 40 kB | 37 kB
Progress (2): 43 kB | 37 kB
Progress (2): 46 kB | 37 kB
Progress (2): 49 kB | 37 kB
Progress (2): 52 kB | 37 kB
Progress (2): 54 kB | 37 kB
Progress (2): 58 kB | 37 kB
Progress (2): 62 kB | 37 kB
Progress (2): 66 kB | 37 kB
Progress (2): 70 kB | 37 kB
Progress (2): 75 kB | 37 kB
Progress (2): 79 kB | 37 kB
Progress (2): 83 kB | 37 kB
Progress (2): 87 kB | 37 kB
Progress (2): 91 kB | 37 kB
Progress (2): 91 kB | 39 kB
Progress (2): 91 kB | 42 kB
Progress (2): 91 kB | 46 kB
Progress (2): 91 kB | 49 kB
Progress (2): 91 kB | 51 kB
Progress (2): 91 kB | 54 kB
Progress (2): 91 kB | 58 kB
Progress (2): 91 kB | 62 kB
Progress (2): 91 kB | 66 kB
Progress (2): 91 kB | 70 kB
Progress (2): 91 kB | 75 kB
Progress (2): 91 kB | 79 kB
Progress (2): 91 kB | 83 kB
Progress (2): 91 kB | 87 kB
Progress (2): 91 kB | 91 kB
Progress (2): 91 kB | 95 kB
Progress (2): 95 kB | 95 kB
Progress (2): 99 kB | 95 kB
Progress (2): 103 kB | 95 kB
Progress (2): 107 kB | 95 kB
Progress (2): 108 kB | 95 kB
Progress (2): 108 kB | 99 kB
Progress (2): 108 kB | 103 kB
Progress (2): 108 kB | 107 kB
Progress (2): 108 kB | 111 kB
Progress (2): 108 kB | 115 kB
Progress (2): 108 kB | 120 kB
Progress (2): 108 kB | 124 kB
Progress (2): 108 kB | 128 kB
Progress (2): 108 kB | 132 kB
Progress (2): 108 kB | 136 kB
Progress (2): 108 kB | 140 kB
Progress (2): 108 kB | 144 kB
Progress (2): 108 kB | 148 kB
Progress (2): 108 kB | 152 kB
Progress (2): 108 kB | 156 kB
Progress (2): 108 kB | 160 kB
Progress (2): 108 kB | 165 kB
Progress (2): 108 kB | 169 kB
Progress (2): 108 kB | 173 kB
Progress (2): 108 kB | 177 kB
Progress (2): 108 kB | 181 kB
Progress (2): 108 kB | 185 kB
Progress (2): 108 kB | 189 kB
Progress (2): 108 kB | 193 kB
Progress (2): 108 kB | 197 kB
Progress (2): 108 kB | 201 kB
Progress (2): 108 kB | 206 kB
Progress (2): 108 kB | 210 kB
Progress (2): 108 kB | 214 kB
Progress (2): 108 kB | 218 kB
Progress (2): 108 kB | 222 kB
Progress (2): 108 kB | 226 kB
Progress (2): 108 kB | 230 kB
Progress (2): 108 kB | 234 kB
Progress (2): 108 kB | 238 kB
Progress (2): 108 kB | 242 kB
Progress (2): 108 kB | 247 kB
Progress (2): 108 kB | 251 kB
Progress (2): 108 kB | 255 kB
Progress (2): 108 kB | 259 kB
Progress (2): 108 kB | 263 kB
Progress (2): 108 kB | 267 kB
Progress (2): 108 kB | 271 kB
Progress (2): 108 kB | 275 kB
Progress (2): 108 kB | 279 kB
Progress (2): 108 kB | 283 kB
Progress (2): 108 kB | 287 kB
Progress (2): 108 kB | 292 kB
Progress (2): 108 kB | 296 kB
Progress (2): 108 kB | 300 kB
Progress (2): 108 kB | 304 kB
Progress (2): 108 kB | 308 kB
Progress (2): 108 kB | 312 kB
                             
Downloaded from aiban-tianyin-core: https://aiban-maven.pkg.coding.net/repository/tianyin/core/org/apache/james/apache-mime4j-core/0.8.4/apache-mime4j-core-0.8.4.jar (108 kB at 187 kB/s)
Downloading from aiban-tianyin-core: https://aiban-maven.pkg.coding.net/repository/tianyin/core/org/apache/neethi/neethi/3.1.1/neethi-3.1.1.jar
Progress (2): 312 kB | 2.6 kB
Progress (2): 312 kB | 6.7 kB
                             
Downloaded from aiban-tianyin-core: https://aiban-maven.pkg.coding.net/repository/tianyin/core/org/apache/ws/commons/axiom/axiom-api/1.3.0/axiom-api-1.3.0.jar (312 kB at 461 kB/s)
Downloading from aiban-tianyin-core: https://aiban-maven.pkg.coding.net/repository/tianyin/core/org/apache/axis2/axis2-adb/1.8.0/axis2-adb-1.8.0.jar
Progress (1): 11 kB
Progress (1): 14 kB
Progress (1): 18 kB
Progress (1): 21 kB
Progress (1): 25 kB
Progress (1): 29 kB
Progress (1): 33 kB
Progress (1): 36 kB
Progress (1): 39 kB
Progress (1): 42 kB
Progress (1): 46 kB
Progress (1): 50 kB
Progress (1): 54 kB
Progress (1): 58 kB
Progress (1): 62 kB
Progress (1): 66 kB
Progress (1): 70 kB
Progress (1): 74 kB
Progress (1): 79 kB
Progress (1): 83 kB
Progress (1): 87 kB
Progress (1): 91 kB
Progress (1): 95 kB
Progress (1): 99 kB
Progress (1): 103 kB
Progress (1): 107 kB
Progress (1): 111 kB
Progress (1): 115 kB
Progress (1): 120 kB
Progress (1): 124 kB
Progress (1): 128 kB
Progress (1): 132 kB
Progress (1): 136 kB
Progress (1): 140 kB
Progress (1): 144 kB
Progress (1): 148 kB
Progress (1): 152 kB
Progress (2): 152 kB | 4.0 kB
Progress (2): 152 kB | 8.1 kB
Progress (2): 152 kB | 11 kB 
Progress (2): 156 kB | 11 kB
Progress (2): 160 kB | 11 kB
Progress (2): 165 kB | 11 kB
Progress (2): 169 kB | 11 kB
Progress (2): 173 kB | 11 kB
Progress (2): 177 kB | 11 kB
Progress (2): 181 kB | 11 kB
Progress (2): 185 kB | 11 kB
Progress (2): 189 kB | 11 kB
Progress (2): 193 kB | 11 kB
Progress (2): 197 kB | 11 kB
Progress (2): 201 kB | 11 kB
Progress (2): 206 kB | 11 kB
Progress (2): 210 kB | 11 kB
Progress (2): 214 kB | 11 kB
Progress (2): 218 kB | 11 kB
Progress (2): 222 kB | 11 kB
Progress (2): 226 kB | 11 kB
Progress (2): 230 kB | 11 kB
Progress (2): 234 kB | 11 kB
Progress (2): 238 kB | 11 kB
Progress (2): 242 kB | 11 kB
Progress (2): 246 kB | 11 kB
Progress (2): 251 kB | 11 kB
Progress (2): 255 kB | 11 kB
Progress (2): 259 kB | 11 kB
Progress (2): 263 kB | 11 kB
Progress (2): 267 kB | 11 kB
Progress (2): 271 kB | 11 kB
Progress (2): 275 kB | 11 kB
Progress (2): 279 kB | 11 kB
Progress (2): 283 kB | 11 kB
Progress (2): 287 kB | 11 kB
Progress (2): 292 kB | 11 kB
Progress (2): 296 kB | 11 kB
Progress (2): 300 kB | 11 kB
Progress (2): 304 kB | 11 kB
Progress (2): 308 kB | 11 kB
Progress (2): 312 kB | 11 kB
Progress (2): 316 kB | 11 kB
Progress (2): 320 kB | 11 kB
Progress (2): 320 kB | 14 kB
Progress (2): 324 kB | 14 kB
Progress (2): 324 kB | 17 kB
Progress (2): 328 kB | 17 kB
Progress (2): 328 kB | 21 kB
Progress (2): 333 kB | 21 kB
Progress (2): 333 kB | 25 kB
Progress (2): 337 kB | 25 kB
Progress (2): 337 kB | 29 kB
Progress (2): 337 kB | 33 kB
Progress (2): 337 kB | 37 kB
Progress (2): 341 kB | 37 kB
Progress (2): 345 kB | 37 kB
Progress (2): 349 kB | 37 kB
Progress (2): 353 kB | 37 kB
Progress (2): 357 kB | 37 kB
Progress (2): 361 kB | 37 kB
Progress (2): 365 kB | 37 kB
Progress (2): 369 kB | 37 kB
Progress (2): 373 kB | 37 kB
Progress (2): 378 kB | 37 kB
Progress (2): 382 kB | 37 kB
Progress (2): 386 kB | 37 kB
Progress (2): 390 kB | 37 kB
Progress (2): 394 kB | 37 kB
Progress (2): 398 kB | 37 kB
Progress (2): 402 kB | 37 kB
Progress (2): 406 kB | 37 kB
Progress (2): 410 kB | 37 kB
Progress (2): 414 kB | 37 kB
Progress (2): 419 kB | 37 kB
Progress (2): 423 kB | 37 kB
Progress (2): 427 kB | 37 kB
Progress (2): 431 kB | 37 kB
Progress (2): 435 kB | 37 kB
Progress (2): 439 kB | 37 kB
Progress (2): 443 kB | 37 kB
Progress (2): 447 kB | 37 kB
Progress (2): 451 kB | 37 kB
Progress (2): 455 kB | 37 kB
Progress (2): 459 kB | 37 kB
Progress (2): 464 kB | 37 kB
Progress (2): 468 kB | 37 kB
Progress (2): 472 kB | 37 kB
Progress (2): 476 kB | 37 kB
Progress (2): 480 kB | 37 kB
Progress (2): 484 kB | 37 kB
Progress (2): 488 kB | 37 kB
Progress (2): 492 kB | 37 kB
Progress (2): 496 kB | 37 kB
Progress (2): 500 kB | 37 kB
Progress (2): 505 kB | 37 kB
Progress (2): 509 kB | 37 kB
Progress (2): 513 kB | 37 kB
Progress (2): 517 kB | 37 kB
Progress (2): 521 kB | 37 kB
Progress (2): 525 kB | 37 kB
Progress (2): 529 kB | 37 kB
Progress (2): 533 kB | 37 kB
Progress (2): 537 kB | 37 kB
Progress (2): 541 kB | 37 kB
Progress (2): 545 kB | 37 kB
Progress (2): 550 kB | 37 kB
Progress (2): 554 kB | 37 kB
Progress (2): 558 kB | 37 kB
Progress (2): 562 kB | 37 kB
Progress (2): 566 kB | 37 kB
Progress (2): 570 kB | 37 kB
Progress (2): 574 kB | 37 kB
Progress (2): 578 kB | 37 kB
Progress (2): 578 kB | 39 kB
Progress (2): 582 kB | 39 kB
Progress (2): 586 kB | 39 kB
Progress (2): 591 kB | 39 kB
Progress (2): 595 kB | 39 kB
Progress (2): 599 kB | 39 kB
Progress (2): 603 kB | 39 kB
Progress (2): 607 kB | 39 kB
Progress (2): 611 kB | 39 kB
Progress (2): 615 kB | 39 kB
Progress (2): 619 kB | 39 kB
Progress (2): 623 kB | 39 kB
Progress (2): 627 kB | 39 kB
Progress (2): 632 kB | 39 kB
Progress (2): 636 kB | 39 kB
Progress (2): 640 kB | 39 kB
Progress (2): 644 kB | 39 kB
Progress (2): 644 kB | 42 kB
Progress (2): 644 kB | 45 kB
Progress (2): 644 kB | 47 kB
Progress (2): 644 kB | 50 kB
Progress (2): 644 kB | 54 kB
Progress (2): 644 kB | 56 kB
Progress (2): 648 kB | 56 kB
Progress (2): 648 kB | 60 kB
Progress (2): 652 kB | 60 kB
Progress (2): 652 kB | 64 kB
Progress (2): 656 kB | 64 kB
Progress (2): 656 kB | 68 kB
Progress (2): 656 kB | 72 kB
Progress (2): 656 kB | 76 kB
Progress (2): 656 kB | 80 kB
Progress (2): 656 kB | 84 kB
Progress (2): 656 kB | 89 kB
Progress (2): 656 kB | 93 kB
Progress (2): 660 kB | 93 kB
Progress (2): 664 kB | 93 kB
Progress (2): 668 kB | 93 kB
Progress (2): 672 kB | 93 kB
Progress (2): 677 kB | 93 kB
Progress (2): 681 kB | 93 kB
Progress (2): 685 kB | 93 kB
Progress (2): 689 kB | 93 kB
Progress (2): 693 kB | 93 kB
Progress (2): 697 kB | 93 kB
Progress (2): 701 kB | 93 kB
Progress (2): 705 kB | 93 kB
Progress (2): 709 kB | 93 kB
Progress (2): 713 kB | 93 kB
Progress (2): 718 kB | 93 kB
Progress (2): 722 kB | 93 kB
Progress (2): 726 kB | 93 kB
Progress (2): 730 kB | 93 kB
Progress (2): 734 kB | 93 kB
Progress (2): 738 kB | 93 kB
Progress (2): 742 kB | 93 kB
Progress (2): 746 kB | 93 kB
Progress (2): 750 kB | 93 kB
Progress (2): 754 kB | 93 kB
Progress (2): 758 kB | 93 kB
Progress (2): 763 kB | 93 kB
Progress (2): 767 kB | 93 kB
Progress (2): 771 kB | 93 kB
Progress (2): 775 kB | 93 kB
Progress (2): 779 kB | 93 kB
Progress (2): 783 kB | 93 kB
Progress (2): 787 kB | 93 kB
Progress (2): 791 kB | 93 kB
Progress (2): 795 kB | 93 kB
Progress (2): 799 kB | 93 kB
Progress (2): 804 kB | 93 kB
Progress (2): 808 kB | 93 kB
Progress (2): 812 kB | 93 kB
Progress (2): 816 kB | 93 kB
Progress (2): 820 kB | 93 kB
Progress (2): 824 kB | 93 kB
Progress (2): 828 kB | 93 kB
Progress (2): 828 kB | 97 kB
Progress (2): 832 kB | 97 kB
Progress (2): 836 kB | 97 kB
Progress (2): 840 kB | 97 kB
Progress (2): 845 kB | 97 kB
Progress (2): 849 kB | 97 kB
Progress (2): 853 kB | 97 kB
Progress (2): 853 kB | 101 kB
Progress (2): 857 kB | 101 kB
Progress (2): 861 kB | 101 kB
Progress (2): 865 kB | 101 kB
Progress (2): 869 kB | 101 kB
Progress (2): 873 kB | 101 kB
Progress (2): 877 kB | 101 kB
Progress (2): 881 kB | 101 kB
Progress (2): 885 kB | 101 kB
Progress (2): 890 kB | 101 kB
Progress (2): 894 kB | 101 kB
Progress (2): 898 kB | 101 kB
Progress (2): 902 kB | 101 kB
Progress (2): 906 kB | 101 kB
Progress (2): 910 kB | 101 kB
Progress (2): 914 kB | 101 kB
Progress (2): 918 kB | 101 kB
Progress (2): 922 kB | 101 kB
Progress (2): 926 kB | 101 kB
Progress (2): 931 kB | 101 kB
Progress (2): 935 kB | 101 kB
Progress (2): 939 kB | 101 kB
Progress (2): 943 kB | 101 kB
Progress (2): 943 kB | 105 kB
Progress (2): 947 kB | 105 kB
Progress (2): 947 kB | 109 kB
Progress (2): 947 kB | 113 kB
Progress (2): 947 kB | 117 kB
Progress (2): 947 kB | 121 kB
Progress (2): 947 kB | 125 kB
Progress (2): 947 kB | 129 kB
Progress (2): 947 kB | 134 kB
Progress (2): 947 kB | 138 kB
Progress (2): 947 kB | 142 kB
Progress (2): 947 kB | 146 kB
Progress (2): 947 kB | 150 kB
Progress (2): 947 kB | 154 kB
Progress (2): 947 kB | 158 kB
Progress (2): 947 kB | 162 kB
Progress (2): 947 kB | 166 kB
Progress (2): 951 kB | 166 kB
Progress (2): 955 kB | 166 kB
Progress (2): 959 kB | 166 kB
Progress (2): 963 kB | 166 kB
Progress (2): 963 kB | 170 kB
Progress (2): 963 kB | 175 kB
Progress (2): 963 kB | 179 kB
Progress (2): 963 kB | 183 kB
Progress (2): 963 kB | 187 kB
Progress (2): 963 kB | 191 kB
Progress (2): 963 kB | 195 kB
Progress (2): 963 kB | 199 kB
Progress (2): 967 kB | 199 kB
Progress (2): 967 kB | 203 kB
Progress (2): 971 kB | 203 kB
Progress (2): 976 kB | 203 kB
Progress (2): 980 kB | 203 kB
Progress (2): 984 kB | 203 kB
Progress (2): 988 kB | 203 kB
Progress (2): 992 kB | 203 kB
Progress (2): 996 kB | 203 kB
Progress (2): 1.0 MB | 203 kB
Progress (2): 1.0 MB | 203 kB
Progress (2): 1.0 MB | 203 kB
Progress (2): 1.0 MB | 203 kB
Progress (2): 1.0 MB | 203 kB
Progress (2): 1.0 MB | 203 kB
Progress (2): 1.0 MB | 203 kB
Progress (2): 1.0 MB | 203 kB
Progress (2): 1.0 MB | 203 kB
Progress (2): 1.0 MB | 203 kB
Progress (2): 1.0 MB | 203 kB
Progress (2): 1.0 MB | 203 kB
Progress (2): 1.0 MB | 207 kB
Progress (2): 1.0 MB | 207 kB
Progress (2): 1.0 MB | 211 kB
Progress (2): 1.1 MB | 211 kB
Progress (2): 1.1 MB | 211 kB
Progress (2): 1.1 MB | 211 kB
Progress (2): 1.1 MB | 211 kB
Progress (2): 1.1 MB | 211 kB
Progress (2): 1.1 MB | 211 kB
Progress (2): 1.1 MB | 215 kB
Progress (2): 1.1 MB | 220 kB
Progress (2): 1.1 MB | 224 kB
Progress (2): 1.1 MB | 228 kB
Progress (2): 1.1 MB | 232 kB
Progress (2): 1.1 MB | 236 kB
Progress (2): 1.1 MB | 240 kB
Progress (2): 1.1 MB | 244 kB
Progress (2): 1.1 MB | 248 kB
Progress (2): 1.1 MB | 252 kB
Progress (2): 1.1 MB | 256 kB
Progress (2): 1.1 MB | 261 kB
Progress (2): 1.1 MB | 265 kB
Progress (2): 1.1 MB | 269 kB
Progress (2): 1.1 MB | 273 kB
Progress (2): 1.1 MB | 277 kB
Progress (2): 1.1 MB | 281 kB
Progress (2): 1.1 MB | 285 kB
Progress (2): 1.1 MB | 289 kB
Progress (2): 1.1 MB | 293 kB
Progress (2): 1.1 MB | 297 kB
Progress (2): 1.1 MB | 301 kB
Progress (2): 1.1 MB | 306 kB
Progress (2): 1.1 MB | 310 kB
Progress (2): 1.1 MB | 314 kB
Progress (2): 1.1 MB | 318 kB
Progress (2): 1.1 MB | 322 kB
Progress (2): 1.1 MB | 326 kB
Progress (2): 1.1 MB | 330 kB
Progress (2): 1.1 MB | 334 kB
Progress (2): 1.1 MB | 338 kB
Progress (2): 1.1 MB | 342 kB
Progress (2): 1.1 MB | 347 kB
Progress (2): 1.1 MB | 351 kB
Progress (2): 1.1 MB | 355 kB
Progress (2): 1.1 MB | 359 kB
Progress (2): 1.1 MB | 363 kB
Progress (2): 1.1 MB | 367 kB
Progress (2): 1.1 MB | 371 kB
Progress (2): 1.1 MB | 375 kB
Progress (2): 1.1 MB | 379 kB
Progress (2): 1.1 MB | 383 kB
Progress (2): 1.1 MB | 387 kB
Progress (2): 1.1 MB | 392 kB
Progress (2): 1.1 MB | 396 kB
Progress (2): 1.1 MB | 400 kB
Progress (2): 1.1 MB | 404 kB
Progress (3): 1.1 MB | 404 kB | 4.1 kB
Progress (3): 1.1 MB | 404 kB | 8.2 kB
Progress (3): 1.1 MB | 404 kB | 11 kB 
Progress (3): 1.1 MB | 404 kB | 14 kB
Progress (3): 1.1 MB | 404 kB | 17 kB
Progress (3): 1.1 MB | 404 kB | 21 kB
Progress (3): 1.1 MB | 404 kB | 25 kB
Progress (3): 1.1 MB | 404 kB | 28 kB
Progress (3): 1.1 MB | 404 kB | 30 kB
Progress (3): 1.1 MB | 404 kB | 35 kB
Progress (3): 1.1 MB | 404 kB | 39 kB
Progress (3): 1.1 MB | 404 kB | 42 kB
Progress (3): 1.1 MB | 408 kB | 42 kB
Progress (3): 1.1 MB | 412 kB | 42 kB
Progress (3): 1.1 MB | 416 kB | 42 kB
Progress (3): 1.1 MB | 420 kB | 42 kB
Progress (3): 1.1 MB | 424 kB | 42 kB
Progress (3): 1.1 MB | 428 kB | 42 kB
Progress (3): 1.1 MB | 433 kB | 42 kB
Progress (3): 1.1 MB | 437 kB | 42 kB
Progress (3): 1.1 MB | 441 kB | 42 kB
Progress (3): 1.1 MB | 445 kB | 42 kB
Progress (3): 1.1 MB | 449 kB | 42 kB
Progress (3): 1.1 MB | 453 kB | 42 kB
Progress (3): 1.1 MB | 457 kB | 42 kB
Progress (3): 1.1 MB | 461 kB | 42 kB
Progress (3): 1.1 MB | 465 kB | 42 kB
Progress (3): 1.1 MB | 469 kB | 42 kB
Progress (3): 1.1 MB | 473 kB | 42 kB
Progress (3): 1.1 MB | 478 kB | 42 kB
Progress (3): 1.1 MB | 482 kB | 42 kB
Progress (3): 1.1 MB | 486 kB | 42 kB
Progress (3): 1.1 MB | 490 kB | 42 kB
Progress (3): 1.1 MB | 494 kB | 42 kB
Progress (3): 1.1 MB | 498 kB | 42 kB
Progress (3): 1.1 MB | 502 kB | 42 kB
Progress (3): 1.1 MB | 506 kB | 42 kB
Progress (3): 1.1 MB | 510 kB | 42 kB
Progress (3): 1.1 MB | 514 kB | 42 kB
Progress (3): 1.1 MB | 519 kB | 42 kB
Progress (3): 1.1 MB | 523 kB | 42 kB
Progress (3): 1.1 MB | 527 kB | 42 kB
Progress (3): 1.1 MB | 531 kB | 42 kB
Progress (3): 1.1 MB | 535 kB | 42 kB
Progress (3): 1.1 MB | 539 kB | 42 kB
Progress (3): 1.1 MB | 543 kB | 42 kB
Progress (3): 1.1 MB | 547 kB | 42 kB
Progress (3): 1.1 MB | 551 kB | 42 kB
Progress (3): 1.1 MB | 555 kB | 42 kB
Progress (3): 1.1 MB | 560 kB | 42 kB
Progress (3): 1.1 MB | 564 kB | 42 kB
Progress (3): 1.1 MB | 568 kB | 42 kB
Progress (3): 1.1 MB | 572 kB | 42 kB
Progress (3): 1.1 MB | 576 kB | 42 kB
Progress (3): 1.1 MB | 580 kB | 42 kB
Progress (3): 1.1 MB | 580 kB | 46 kB
Progress (3): 1.1 MB | 584 kB | 46 kB
Progress (3): 1.1 MB | 584 kB | 50 kB
Progress (3): 1.1 MB | 588 kB | 50 kB
Progress (3): 1.1 MB | 588 kB | 54 kB
Progress (3): 1.1 MB | 592 kB | 54 kB
Progress (3): 1.1 MB | 592 kB | 57 kB
Progress (3): 1.1 MB | 596 kB | 57 kB
Progress (3): 1.1 MB | 596 kB | 61 kB
Progress (3): 1.1 MB | 600 kB | 61 kB
Progress (3): 1.1 MB | 605 kB | 61 kB
Progress (3): 1.1 MB | 609 kB | 61 kB
Progress (3): 1.1 MB | 613 kB | 61 kB
Progress (3): 1.1 MB | 617 kB | 61 kB
Progress (3): 1.1 MB | 617 kB | 64 kB
Progress (3): 1.1 MB | 617 kB | 67 kB
Progress (3): 1.1 MB | 617 kB | 70 kB
Progress (3): 1.1 MB | 617 kB | 73 kB
Progress (3): 1.1 MB | 617 kB | 74 kB
Progress (3): 1.1 MB | 621 kB | 74 kB
Progress (3): 1.1 MB | 625 kB | 74 kB
Progress (3): 1.1 MB | 629 kB | 74 kB
Progress (3): 1.1 MB | 633 kB | 74 kB
Progress (3): 1.1 MB | 637 kB | 74 kB
Progress (3): 1.1 MB | 641 kB | 74 kB
Progress (3): 1.1 MB | 646 kB | 74 kB
Progress (3): 1.1 MB | 650 kB | 74 kB
Progress (3): 1.1 MB | 654 kB | 74 kB
Progress (3): 1.1 MB | 658 kB | 74 kB
Progress (3): 1.1 MB | 662 kB | 74 kB
Progress (3): 1.1 MB | 666 kB | 74 kB
Progress (3): 1.1 MB | 670 kB | 74 kB
Progress (3): 1.1 MB | 674 kB | 74 kB
Progress (3): 1.1 MB | 678 kB | 74 kB
Progress (3): 1.1 MB | 682 kB | 74 kB
Progress (3): 1.1 MB | 686 kB | 74 kB
Progress (3): 1.1 MB | 691 kB | 74 kB
Progress (3): 1.1 MB | 695 kB | 74 kB
Progress (3): 1.1 MB | 699 kB | 74 kB
Progress (3): 1.1 MB | 703 kB | 74 kB
Progress (3): 1.1 MB | 707 kB | 74 kB
Progress (3): 1.1 MB | 711 kB | 74 kB
Progress (3): 1.1 MB | 715 kB | 74 kB
Progress (3): 1.1 MB | 719 kB | 74 kB
Progress (3): 1.1 MB | 722 kB | 74 kB
Progress (4): 1.1 MB | 722 kB | 74 kB | 2.6 kB
Progress (4): 1.1 MB | 722 kB | 74 kB | 5.4 kB
Progress (4): 1.1 MB | 722 kB | 74 kB | 8.1 kB
Progress (4): 1.1 MB | 722 kB | 74 kB | 11 kB 
Progress (4): 1.1 MB | 722 kB | 74 kB | 14 kB
Progress (4): 1.1 MB | 722 kB | 74 kB | 17 kB
Progress (4): 1.1 MB | 722 kB | 74 kB | 19 kB
Progress (4): 1.1 MB | 722 kB | 74 kB | 24 kB
Progress (4): 1.1 MB | 722 kB | 74 kB | 28 kB
Progress (4): 1.1 MB | 722 kB | 74 kB | 31 kB
Progress (4): 1.1 MB | 722 kB | 74 kB | 35 kB
Progress (4): 1.1 MB | 722 kB | 74 kB | 39 kB
Progress (4): 1.1 MB | 722 kB | 74 kB | 42 kB
Progress (4): 1.1 MB | 722 kB | 74 kB | 46 kB
Progress (4): 1.1 MB | 722 kB | 74 kB | 50 kB
Progress (4): 1.1 MB | 722 kB | 74 kB | 54 kB
Progress (4): 1.1 MB | 722 kB | 74 kB | 58 kB
Progress (4): 1.1 MB | 722 kB | 74 kB | 61 kB
Progress (4): 1.1 MB | 722 kB | 74 kB | 65 kB
Progress (4): 1.1 MB | 722 kB | 74 kB | 69 kB
Progress (4): 1.1 MB | 722 kB | 74 kB | 73 kB
Progress (4): 1.1 MB | 722 kB | 74 kB | 76 kB
Progress (4): 1.1 MB | 722 kB | 74 kB | 79 kB
Progress (4): 1.1 MB | 722 kB | 74 kB | 82 kB
Progress (4): 1.1 MB | 722 kB | 74 kB | 86 kB
Progress (4): 1.1 MB | 722 kB | 74 kB | 89 kB
Progress (4): 1.1 MB | 722 kB | 74 kB | 93 kB
Progress (4): 1.1 MB | 722 kB | 74 kB | 97 kB
Progress (4): 1.1 MB | 722 kB | 74 kB | 100 kB
Progress (4): 1.1 MB | 722 kB | 74 kB | 103 kB
Progress (4): 1.1 MB | 722 kB | 74 kB | 107 kB
Progress (4): 1.1 MB | 722 kB | 74 kB | 110 kB
Progress (4): 1.1 MB | 722 kB | 74 kB | 113 kB
Progress (4): 1.1 MB | 722 kB | 74 kB | 117 kB
Progress (4): 1.1 MB | 722 kB | 74 kB | 120 kB
Progress (4): 1.1 MB | 722 kB | 74 kB | 123 kB
Progress (4): 1.1 MB | 722 kB | 74 kB | 126 kB
Progress (4): 1.1 MB | 722 kB | 74 kB | 130 kB
Progress (4): 1.1 MB | 722 kB | 74 kB | 133 kB
Progress (4): 1.1 MB | 722 kB | 74 kB | 137 kB
Progress (4): 1.1 MB | 722 kB | 74 kB | 140 kB
Progress (4): 1.1 MB | 722 kB | 74 kB | 143 kB
Progress (4): 1.1 MB | 722 kB | 74 kB | 146 kB
Progress (4): 1.1 MB | 722 kB | 74 kB | 148 kB
Progress (4): 1.1 MB | 722 kB | 74 kB | 153 kB
Progress (4): 1.1 MB | 722 kB | 74 kB | 156 kB
Progress (4): 1.1 MB | 722 kB | 74 kB | 160 kB
Progress (4): 1.1 MB | 722 kB | 74 kB | 164 kB
Progress (4): 1.1 MB | 722 kB | 74 kB | 168 kB
Progress (4): 1.1 MB | 722 kB | 74 kB | 172 kB
Progress (4): 1.1 MB | 722 kB | 74 kB | 176 kB
Progress (4): 1.1 MB | 722 kB | 74 kB | 180 kB
Progress (4): 1.1 MB | 722 kB | 74 kB | 184 kB
Progress (4): 1.1 MB | 722 kB | 74 kB | 188 kB
Progress (4): 1.1 MB | 722 kB | 74 kB | 192 kB
Progress (4): 1.1 MB | 722 kB | 74 kB | 196 kB
Progress (4): 1.1 MB | 722 kB | 74 kB | 200 kB
Progress (4): 1.1 MB | 722 kB | 74 kB | 205 kB
Progress (4): 1.1 MB | 722 kB | 74 kB | 209 kB
Progress (4): 1.1 MB | 722 kB | 74 kB | 213 kB
Progress (4): 1.1 MB | 722 kB | 74 kB | 217 kB
Progress (4): 1.1 MB | 722 kB | 74 kB | 221 kB
Progress (4): 1.1 MB | 722 kB | 74 kB | 225 kB
Progress (4): 1.1 MB | 722 kB | 74 kB | 229 kB
Progress (4): 1.1 MB | 722 kB | 74 kB | 233 kB
Progress (4): 1.1 MB | 722 kB | 74 kB | 237 kB
Progress (4): 1.1 MB | 722 kB | 74 kB | 241 kB
Progress (4): 1.1 MB | 722 kB | 74 kB | 246 kB
Progress (4): 1.1 MB | 722 kB | 74 kB | 250 kB
Progress (4): 1.1 MB | 722 kB | 74 kB | 254 kB
Progress (4): 1.1 MB | 722 kB | 74 kB | 258 kB
Progress (4): 1.1 MB | 722 kB | 74 kB | 262 kB
Progress (4): 1.1 MB | 722 kB | 74 kB | 266 kB
Progress (4): 1.1 MB | 722 kB | 74 kB | 270 kB
Progress (4): 1.1 MB | 722 kB | 74 kB | 274 kB
Progress (4): 1.1 MB | 722 kB | 74 kB | 278 kB
Progress (4): 1.1 MB | 722 kB | 74 kB | 282 kB
Progress (4): 1.1 MB | 722 kB | 74 kB | 286 kB
Progress (4): 1.1 MB | 722 kB | 74 kB | 291 kB
Progress (4): 1.1 MB | 722 kB | 74 kB | 295 kB
Progress (4): 1.1 MB | 722 kB | 74 kB | 299 kB
Progress (4): 1.1 MB | 722 kB | 74 kB | 303 kB
Progress (4): 1.1 MB | 722 kB | 74 kB | 307 kB
Progress (4): 1.1 MB | 722 kB | 74 kB | 311 kB
Progress (4): 1.1 MB | 722 kB | 74 kB | 315 kB
Progress (4): 1.1 MB | 722 kB | 74 kB | 319 kB
Progress (4): 1.1 MB | 722 kB | 74 kB | 323 kB
Progress (4): 1.1 MB | 722 kB | 74 kB | 327 kB
Progress (4): 1.1 MB | 722 kB | 74 kB | 332 kB
Progress (4): 1.1 MB | 722 kB | 74 kB | 336 kB
Progress (4): 1.1 MB | 722 kB | 74 kB | 340 kB
Progress (4): 1.1 MB | 722 kB | 74 kB | 344 kB
Progress (4): 1.1 MB | 722 kB | 74 kB | 348 kB
Progress (4): 1.1 MB | 722 kB | 74 kB | 352 kB
Progress (4): 1.1 MB | 722 kB | 74 kB | 356 kB
Progress (4): 1.1 MB | 722 kB | 74 kB | 360 kB
Progress (4): 1.1 MB | 722 kB | 74 kB | 364 kB
Progress (4): 1.1 MB | 722 kB | 74 kB | 368 kB
Progress (4): 1.1 MB | 722 kB | 74 kB | 373 kB
Progress (4): 1.1 MB | 722 kB | 74 kB | 377 kB
Progress (4): 1.1 MB | 722 kB | 74 kB | 381 kB
Progress (4): 1.1 MB | 722 kB | 74 kB | 385 kB
Progress (4): 1.1 MB | 722 kB | 74 kB | 389 kB
Progress (4): 1.1 MB | 722 kB | 74 kB | 393 kB
Progress (4): 1.1 MB | 722 kB | 74 kB | 397 kB
Progress (4): 1.1 MB | 722 kB | 74 kB | 401 kB
Progress (4): 1.1 MB | 722 kB | 74 kB | 405 kB
Progress (4): 1.1 MB | 722 kB | 74 kB | 409 kB
Progress (4): 1.1 MB | 722 kB | 74 kB | 413 kB
Progress (4): 1.1 MB | 722 kB | 74 kB | 418 kB
Progress (4): 1.1 MB | 722 kB | 74 kB | 422 kB
Progress (4): 1.1 MB | 722 kB | 74 kB | 426 kB
Progress (4): 1.1 MB | 722 kB | 74 kB | 430 kB
Progress (4): 1.1 MB | 722 kB | 74 kB | 434 kB
Progress (4): 1.1 MB | 722 kB | 74 kB | 438 kB
Progress (4): 1.1 MB | 722 kB | 74 kB | 442 kB
Progress (4): 1.1 MB | 722 kB | 74 kB | 446 kB
Progress (4): 1.1 MB | 722 kB | 74 kB | 450 kB
Progress (4): 1.1 MB | 722 kB | 74 kB | 454 kB
Progress (4): 1.1 MB | 722 kB | 74 kB | 459 kB
Progress (4): 1.1 MB | 722 kB | 74 kB | 463 kB
Progress (4): 1.1 MB | 722 kB | 74 kB | 467 kB
Progress (4): 1.1 MB | 722 kB | 74 kB | 471 kB
Progress (4): 1.1 MB | 722 kB | 74 kB | 475 kB
Progress (4): 1.1 MB | 722 kB | 74 kB | 479 kB
Progress (4): 1.1 MB | 722 kB | 74 kB | 483 kB
Progress (4): 1.1 MB | 722 kB | 74 kB | 487 kB
Progress (4): 1.1 MB | 722 kB | 74 kB | 491 kB
Progress (4): 1.1 MB | 722 kB | 74 kB | 495 kB
Progress (4): 1.1 MB | 722 kB | 74 kB | 499 kB
Progress (4): 1.1 MB | 722 kB | 74 kB | 504 kB
Progress (4): 1.1 MB | 722 kB | 74 kB | 508 kB
Progress (4): 1.1 MB | 722 kB | 74 kB | 512 kB
Progress (4): 1.1 MB | 722 kB | 74 kB | 516 kB
Progress (4): 1.1 MB | 722 kB | 74 kB | 520 kB
Progress (4): 1.1 MB | 722 kB | 74 kB | 524 kB
Progress (4): 1.1 MB | 722 kB | 74 kB | 528 kB
Progress (4): 1.1 MB | 722 kB | 74 kB | 532 kB
Progress (4): 1.1 MB | 722 kB | 74 kB | 536 kB
Progress (4): 1.1 MB | 722 kB | 74 kB | 540 kB
Progress (4): 1.1 MB | 722 kB | 74 kB | 545 kB
Progress (4): 1.1 MB | 722 kB | 74 kB | 549 kB
Progress (4): 1.1 MB | 722 kB | 74 kB | 553 kB
Progress (4): 1.1 MB | 722 kB | 74 kB | 557 kB
Progress (4): 1.1 MB | 722 kB | 74 kB | 561 kB
Progress (4): 1.1 MB | 722 kB | 74 kB | 565 kB
Progress (4): 1.1 MB | 722 kB | 74 kB | 569 kB
Progress (4): 1.1 MB | 722 kB | 74 kB | 573 kB
Progress (4): 1.1 MB | 722 kB | 74 kB | 577 kB
Progress (4): 1.1 MB | 722 kB | 74 kB | 581 kB
Progress (4): 1.1 MB | 722 kB | 74 kB | 585 kB
Progress (4): 1.1 MB | 722 kB | 74 kB | 590 kB
Progress (4): 1.1 MB | 722 kB | 74 kB | 594 kB
Progress (4): 1.1 MB | 722 kB | 74 kB | 598 kB
Progress (4): 1.1 MB | 722 kB | 74 kB | 602 kB
Progress (4): 1.1 MB | 722 kB | 74 kB | 606 kB
Progress (4): 1.1 MB | 722 kB | 74 kB | 610 kB
Progress (4): 1.1 MB | 722 kB | 74 kB | 614 kB
Progress (4): 1.1 MB | 722 kB | 74 kB | 618 kB
Progress (4): 1.1 MB | 722 kB | 74 kB | 622 kB
Progress (4): 1.1 MB | 722 kB | 74 kB | 626 kB
Progress (4): 1.1 MB | 722 kB | 74 kB | 631 kB
Progress (4): 1.1 MB | 722 kB | 74 kB | 635 kB
Progress (4): 1.1 MB | 722 kB | 74 kB | 639 kB
Progress (4): 1.1 MB | 722 kB | 74 kB | 643 kB
Progress (4): 1.1 MB | 722 kB | 74 kB | 647 kB
Progress (4): 1.1 MB | 722 kB | 74 kB | 651 kB
Progress (4): 1.1 MB | 722 kB | 74 kB | 655 kB
Progress (4): 1.1 MB | 722 kB | 74 kB | 659 kB
Progress (4): 1.1 MB | 722 kB | 74 kB | 663 kB
Progress (4): 1.1 MB | 722 kB | 74 kB | 667 kB
Progress (4): 1.1 MB | 722 kB | 74 kB | 671 kB
Progress (4): 1.1 MB | 722 kB | 74 kB | 676 kB
Progress (4): 1.1 MB | 722 kB | 74 kB | 680 kB
Progress (4): 1.1 MB | 722 kB | 74 kB | 684 kB
Progress (4): 1.1 MB | 722 kB | 74 kB | 688 kB
Progress (4): 1.1 MB | 722 kB | 74 kB | 692 kB
Progress (4): 1.1 MB | 722 kB | 74 kB | 696 kB
Progress (4): 1.1 MB | 722 kB | 74 kB | 700 kB
Progress (4): 1.1 MB | 722 kB | 74 kB | 704 kB
Progress (4): 1.1 MB | 722 kB | 74 kB | 708 kB
Progress (4): 1.1 MB | 722 kB | 74 kB | 712 kB
Progress (4): 1.1 MB | 722 kB | 74 kB | 717 kB
Progress (4): 1.1 MB | 722 kB | 74 kB | 721 kB
Progress (4): 1.1 MB | 722 kB | 74 kB | 725 kB
Progress (4): 1.1 MB | 722 kB | 74 kB | 729 kB
Progress (4): 1.1 MB | 722 kB | 74 kB | 733 kB
Progress (4): 1.1 MB | 722 kB | 74 kB | 737 kB
Progress (4): 1.1 MB | 722 kB | 74 kB | 741 kB
Progress (4): 1.1 MB | 722 kB | 74 kB | 745 kB
Progress (4): 1.1 MB | 722 kB | 74 kB | 749 kB
Progress (4): 1.1 MB | 722 kB | 74 kB | 753 kB
Progress (4): 1.1 MB | 722 kB | 74 kB | 757 kB
Progress (4): 1.1 MB | 722 kB | 74 kB | 762 kB
Progress (4): 1.1 MB | 722 kB | 74 kB | 766 kB
Progress (4): 1.1 MB | 722 kB | 74 kB | 770 kB
Progress (4): 1.1 MB | 722 kB | 74 kB | 774 kB
Progress (4): 1.1 MB | 722 kB | 74 kB | 778 kB
Progress (4): 1.1 MB | 722 kB | 74 kB | 782 kB
Progress (4): 1.1 MB | 722 kB | 74 kB | 786 kB
                                              
Downloaded from aiban-tianyin-core: https://aiban-maven.pkg.coding.net/repository/tianyin/core/org/apache/neethi/neethi/3.1.1/neethi-3.1.1.jar (74 kB at 74 kB/s)
Downloading from aiban-tianyin-core: https://aiban-maven.pkg.coding.net/repository/tianyin/core/org/apache/ws/commons/axiom/axiom-dom/1.3.0/axiom-dom-1.3.0.jar
Progress (3): 1.1 MB | 722 kB | 790 kB
Progress (3): 1.1 MB | 722 kB | 794 kB
Progress (3): 1.1 MB | 722 kB | 798 kB
Progress (3): 1.1 MB | 722 kB | 803 kB
Progress (3): 1.1 MB | 722 kB | 807 kB
Progress (3): 1.1 MB | 722 kB | 811 kB
Progress (3): 1.1 MB | 722 kB | 815 kB
Progress (3): 1.1 MB | 722 kB | 819 kB
Progress (3): 1.1 MB | 722 kB | 823 kB
Progress (3): 1.1 MB | 722 kB | 827 kB
Progress (3): 1.1 MB | 722 kB | 831 kB
Progress (3): 1.1 MB | 722 kB | 835 kB
Progress (3): 1.1 MB | 722 kB | 839 kB
Progress (3): 1.1 MB | 722 kB | 843 kB
                                      
Downloaded from aiban-tianyin-core: https://aiban-maven.pkg.coding.net/repository/tianyin/core/org/apache/axis2/axis2-kernel/1.8.0/axis2-kernel-1.8.0.jar (1.1 MB at 1.1 MB/s)
Downloading from aiban-tianyin-core: https://aiban-maven.pkg.coding.net/repository/tianyin/core/org/apache/axis2/axis2-adb-codegen/1.8.0/axis2-adb-codegen-1.8.0.jar
Progress (2): 722 kB | 848 kB
Progress (2): 722 kB | 852 kB
Progress (2): 722 kB | 856 kB
Progress (2): 722 kB | 860 kB
Progress (2): 722 kB | 864 kB
Progress (2): 722 kB | 868 kB
Progress (2): 722 kB | 872 kB
Progress (2): 722 kB | 876 kB
Progress (2): 722 kB | 880 kB
Progress (2): 722 kB | 884 kB
Progress (2): 722 kB | 889 kB
Progress (2): 722 kB | 893 kB
Progress (2): 722 kB | 897 kB
Progress (2): 722 kB | 901 kB
Progress (2): 722 kB | 905 kB
Progress (2): 722 kB | 909 kB
Progress (2): 722 kB | 913 kB
Progress (2): 722 kB | 917 kB
Progress (2): 722 kB | 921 kB
Progress (2): 722 kB | 925 kB
Progress (2): 722 kB | 929 kB
Progress (2): 722 kB | 934 kB
Progress (2): 722 kB | 938 kB
Progress (2): 722 kB | 942 kB
Progress (2): 722 kB | 946 kB
Progress (2): 722 kB | 950 kB
Progress (2): 722 kB | 954 kB
Progress (2): 722 kB | 958 kB
Progress (2): 722 kB | 962 kB
Progress (2): 722 kB | 966 kB
Progress (2): 722 kB | 970 kB
Progress (2): 722 kB | 975 kB
Progress (2): 722 kB | 979 kB
Progress (2): 722 kB | 983 kB
Progress (2): 722 kB | 987 kB
Progress (2): 722 kB | 991 kB
Progress (2): 722 kB | 995 kB
Progress (2): 722 kB | 999 kB
Progress (2): 722 kB | 1.0 MB
Progress (2): 722 kB | 1.0 MB
Progress (2): 722 kB | 1.0 MB
Progress (2): 722 kB | 1.0 MB
Progress (2): 722 kB | 1.0 MB
Progress (2): 722 kB | 1.0 MB
Progress (2): 722 kB | 1.0 MB
Progress (2): 722 kB | 1.0 MB
Progress (2): 722 kB | 1.0 MB
Progress (2): 722 kB | 1.0 MB
Progress (2): 722 kB | 1.0 MB
Progress (2): 722 kB | 1.0 MB
Progress (2): 722 kB | 1.1 MB
Progress (2): 722 kB | 1.1 MB
Progress (2): 722 kB | 1.1 MB
Progress (2): 722 kB | 1.1 MB
Progress (2): 722 kB | 1.1 MB
Progress (2): 722 kB | 1.1 MB
Progress (2): 722 kB | 1.1 MB
Progress (2): 722 kB | 1.1 MB
Progress (2): 722 kB | 1.1 MB
Progress (2): 722 kB | 1.1 MB
Progress (2): 722 kB | 1.1 MB
Progress (2): 722 kB | 1.1 MB
Progress (2): 722 kB | 1.1 MB
Progress (2): 722 kB | 1.1 MB
Progress (2): 722 kB | 1.1 MB
Progress (2): 722 kB | 1.1 MB
Progress (3): 722 kB | 1.1 MB | 4.1 kB
Progress (3): 722 kB | 1.1 MB | 8.2 kB
Progress (3): 722 kB | 1.1 MB | 12 kB 
Progress (3): 722 kB | 1.1 MB | 15 kB
Progress (3): 722 kB | 1.1 MB | 15 kB
Progress (3): 722 kB | 1.1 MB | 18 kB
Progress (3): 722 kB | 1.1 MB | 18 kB
Progress (3): 722 kB | 1.1 MB | 21 kB
Progress (3): 722 kB | 1.1 MB | 21 kB
Progress (3): 722 kB | 1.1 MB | 24 kB
Progress (3): 722 kB | 1.1 MB | 28 kB
Progress (3): 722 kB | 1.1 MB | 32 kB
Progress (3): 722 kB | 1.1 MB | 36 kB
Progress (3): 722 kB | 1.1 MB | 40 kB
Progress (3): 722 kB | 1.1 MB | 44 kB
Progress (3): 722 kB | 1.1 MB | 48 kB
Progress (3): 722 kB | 1.1 MB | 52 kB
Progress (3): 722 kB | 1.1 MB | 56 kB
Progress (3): 722 kB | 1.1 MB | 60 kB
Progress (3): 722 kB | 1.1 MB | 60 kB
Progress (3): 722 kB | 1.1 MB | 63 kB
Progress (3): 722 kB | 1.1 MB | 63 kB
Progress (3): 722 kB | 1.1 MB | 66 kB
Progress (3): 722 kB | 1.1 MB | 69 kB
Progress (3): 722 kB | 1.1 MB | 71 kB
Progress (3): 722 kB | 1.1 MB | 74 kB
Progress (3): 722 kB | 1.1 MB | 74 kB
Progress (3): 722 kB | 1.1 MB | 77 kB
Progress (3): 722 kB | 1.1 MB | 77 kB
Progress (3): 722 kB | 1.1 MB | 77 kB
Progress (3): 722 kB | 1.1 MB | 81 kB
Progress (3): 722 kB | 1.1 MB | 81 kB
Progress (3): 722 kB | 1.1 MB | 85 kB
Progress (3): 722 kB | 1.1 MB | 88 kB
Progress (3): 722 kB | 1.1 MB | 91 kB
Progress (3): 722 kB | 1.1 MB | 94 kB
Progress (3): 722 kB | 1.1 MB | 98 kB
Progress (3): 722 kB | 1.1 MB | 101 kB
Progress (3): 722 kB | 1.2 MB | 101 kB
Progress (3): 722 kB | 1.2 MB | 101 kB
Progress (3): 722 kB | 1.2 MB | 101 kB
Progress (3): 722 kB | 1.2 MB | 101 kB
Progress (3): 722 kB | 1.2 MB | 105 kB
Progress (3): 722 kB | 1.2 MB | 105 kB
Progress (3): 722 kB | 1.2 MB | 108 kB
Progress (3): 722 kB | 1.2 MB | 112 kB
Progress (3): 722 kB | 1.2 MB | 116 kB
Progress (3): 722 kB | 1.2 MB | 119 kB
Progress (3): 722 kB | 1.2 MB | 122 kB
Progress (3): 722 kB | 1.2 MB | 126 kB
Progress (3): 722 kB | 1.2 MB | 129 kB
Progress (3): 722 kB | 1.2 MB | 132 kB
Progress (3): 722 kB | 1.2 MB | 136 kB
Progress (3): 722 kB | 1.2 MB | 136 kB
Progress (3): 722 kB | 1.2 MB | 136 kB
Progress (3): 722 kB | 1.2 MB | 136 kB
Progress (3): 722 kB | 1.2 MB | 136 kB
Progress (3): 722 kB | 1.2 MB | 136 kB
Progress (3): 722 kB | 1.2 MB | 136 kB
Progress (3): 722 kB | 1.2 MB | 136 kB
Progress (3): 722 kB | 1.2 MB | 136 kB
Progress (3): 722 kB | 1.2 MB | 136 kB
Progress (3): 722 kB | 1.2 MB | 136 kB
Progress (3): 722 kB | 1.2 MB | 136 kB
Progress (3): 722 kB | 1.2 MB | 136 kB
Progress (3): 722 kB | 1.2 MB | 136 kB
Progress (3): 722 kB | 1.2 MB | 136 kB
Progress (3): 722 kB | 1.2 MB | 136 kB
Progress (3): 722 kB | 1.2 MB | 136 kB
Progress (3): 722 kB | 1.2 MB | 136 kB
Progress (3): 722 kB | 1.2 MB | 136 kB
Progress (3): 722 kB | 1.2 MB | 136 kB
Progress (3): 722 kB | 1.2 MB | 136 kB
Progress (3): 722 kB | 1.3 MB | 136 kB
Progress (3): 722 kB | 1.3 MB | 136 kB
Progress (3): 722 kB | 1.3 MB | 136 kB
Progress (3): 722 kB | 1.3 MB | 136 kB
Progress (3): 722 kB | 1.3 MB | 136 kB
Progress (3): 722 kB | 1.3 MB | 136 kB
Progress (3): 722 kB | 1.3 MB | 136 kB
Progress (3): 722 kB | 1.3 MB | 136 kB
Progress (3): 722 kB | 1.3 MB | 136 kB
Progress (3): 722 kB | 1.3 MB | 136 kB
Progress (3): 722 kB | 1.3 MB | 136 kB
Progress (3): 722 kB | 1.3 MB | 136 kB
Progress (3): 722 kB | 1.3 MB | 136 kB
Progress (3): 722 kB | 1.3 MB | 136 kB
Progress (3): 722 kB | 1.3 MB | 136 kB
Progress (3): 722 kB | 1.3 MB | 136 kB
Progress (3): 722 kB | 1.3 MB | 136 kB
Progress (3): 722 kB | 1.3 MB | 136 kB
Progress (3): 722 kB | 1.3 MB | 136 kB
Progress (3): 722 kB | 1.3 MB | 136 kB
Progress (3): 722 kB | 1.3 MB | 136 kB
Progress (3): 722 kB | 1.3 MB | 136 kB
Progress (3): 722 kB | 1.3 MB | 136 kB
Progress (3): 722 kB | 1.3 MB | 136 kB
Progress (3): 722 kB | 1.3 MB | 136 kB
Progress (3): 722 kB | 1.4 MB | 136 kB
Progress (3): 722 kB | 1.4 MB | 136 kB
Progress (3): 722 kB | 1.4 MB | 140 kB
Progress (3): 722 kB | 1.4 MB | 143 kB
Progress (3): 722 kB | 1.4 MB | 147 kB
Progress (3): 722 kB | 1.4 MB | 150 kB
Progress (3): 722 kB | 1.4 MB | 154 kB
Progress (3): 722 kB | 1.4 MB | 154 kB
Progress (3): 722 kB | 1.4 MB | 158 kB
Progress (3): 722 kB | 1.4 MB | 158 kB
Progress (3): 722 kB | 1.4 MB | 162 kB
Progress (3): 722 kB | 1.4 MB | 162 kB
Progress (3): 722 kB | 1.4 MB | 166 kB
Progress (3): 722 kB | 1.4 MB | 169 kB
Progress (3): 722 kB | 1.4 MB | 172 kB
Progress (3): 722 kB | 1.4 MB | 176 kB
Progress (3): 722 kB | 1.4 MB | 181 kB
Progress (3): 722 kB | 1.4 MB | 185 kB
Progress (3): 722 kB | 1.4 MB | 185 kB
Progress (3): 722 kB | 1.4 MB | 189 kB
Progress (3): 722 kB | 1.4 MB | 191 kB
Progress (3): 722 kB | 1.4 MB | 191 kB
Progress (3): 722 kB | 1.4 MB | 191 kB
Progress (3): 722 kB | 1.4 MB | 191 kB
Progress (3): 722 kB | 1.4 MB | 191 kB
Progress (3): 722 kB | 1.4 MB | 191 kB
Progress (3): 722 kB | 1.4 MB | 191 kB
Progress (3): 722 kB | 1.4 MB | 191 kB
Progress (3): 722 kB | 1.4 MB | 191 kB
Progress (3): 722 kB | 1.4 MB | 191 kB
Progress (3): 722 kB | 1.4 MB | 191 kB
                                      
Downloaded from aiban-tianyin-core: https://aiban-maven.pkg.coding.net/repository/tianyin/core/org/apache/ws/commons/axiom/axiom-impl/1.3.0/axiom-impl-1.3.0.jar (722 kB at 673 kB/s)
Downloading from aiban-tianyin-core: https://aiban-maven.pkg.coding.net/repository/tianyin/core/commons-cli/commons-cli/1.4/commons-cli-1.4.jar
Progress (2): 1.4 MB | 191 kB
Progress (2): 1.4 MB | 191 kB
Progress (2): 1.4 MB | 191 kB
Progress (2): 1.4 MB | 191 kB
Progress (2): 1.4 MB | 191 kB
Progress (2): 1.4 MB | 191 kB
Progress (2): 1.4 MB | 191 kB
Progress (2): 1.4 MB | 191 kB
Progress (2): 1.5 MB | 191 kB
Progress (2): 1.5 MB | 191 kB
Progress (2): 1.5 MB | 191 kB
Progress (2): 1.5 MB | 191 kB
Progress (2): 1.5 MB | 191 kB
Progress (2): 1.5 MB | 191 kB
Progress (2): 1.5 MB | 191 kB
Progress (2): 1.5 MB | 191 kB
Progress (2): 1.5 MB | 191 kB
Progress (2): 1.5 MB | 191 kB
Progress (2): 1.5 MB | 191 kB
Progress (2): 1.5 MB | 191 kB
Progress (2): 1.5 MB | 191 kB
Progress (2): 1.5 MB | 191 kB
Progress (2): 1.5 MB | 191 kB
Progress (2): 1.5 MB | 191 kB
Progress (2): 1.5 MB | 191 kB
Progress (2): 1.5 MB | 191 kB
Progress (2): 1.5 MB | 191 kB
Progress (2): 1.5 MB | 191 kB
Progress (2): 1.5 MB | 191 kB
Progress (2): 1.5 MB | 191 kB
Progress (2): 1.5 MB | 191 kB
Progress (2): 1.5 MB | 191 kB
Progress (2): 1.5 MB | 191 kB
Progress (2): 1.6 MB | 191 kB
Progress (2): 1.6 MB | 191 kB
Progress (2): 1.6 MB | 191 kB
Progress (2): 1.6 MB | 191 kB
Progress (2): 1.6 MB | 191 kB
Progress (2): 1.6 MB | 191 kB
Progress (2): 1.6 MB | 191 kB
Progress (2): 1.6 MB | 191 kB
Progress (2): 1.6 MB | 191 kB
                             
Downloaded from aiban-tianyin-core: https://aiban-maven.pkg.coding.net/repository/tianyin/core/com/fasterxml/woodstox/woodstox-core/6.2.8/woodstox-core-6.2.8.jar (1.6 MB at 1.3 MB/s)
Downloading from aiban-tianyin-core: https://aiban-maven.pkg.coding.net/repository/tianyin/core/org/apache/axis2/axis2-corba/1.8.0/axis2-corba-1.8.0.jar
Progress (2): 191 kB | 3.8 kB
Progress (2): 191 kB | 7.9 kB
Progress (2): 191 kB | 11 kB 
Progress (2): 191 kB | 14 kB
Progress (2): 191 kB | 17 kB
Progress (2): 191 kB | 21 kB
Progress (2): 191 kB | 25 kB
Progress (2): 191 kB | 29 kB
Progress (2): 191 kB | 32 kB
Progress (2): 191 kB | 36 kB
Progress (2): 191 kB | 39 kB
Progress (2): 191 kB | 42 kB
Progress (2): 191 kB | 45 kB
Progress (2): 191 kB | 49 kB
Progress (2): 191 kB | 53 kB
Progress (2): 191 kB | 54 kB
                            
Downloaded from aiban-tianyin-core: https://aiban-maven.pkg.coding.net/repository/tianyin/core/org/apache/axis2/axis2-adb/1.8.0/axis2-adb-1.8.0.jar (191 kB at 149 kB/s)
Downloading from aiban-tianyin-core: https://aiban-maven.pkg.coding.net/repository/tianyin/core/org/apache/axis2/axis2-codegen/1.8.0/axis2-codegen-1.8.0.jar
Downloaded from aiban-tianyin-core: https://aiban-maven.pkg.coding.net/repository/tianyin/core/commons-cli/commons-cli/1.4/commons-cli-1.4.jar (54 kB at 40 kB/s)
Downloading from aiban-tianyin-core: https://aiban-maven.pkg.coding.net/repository/tianyin/core/com/sun/xml/bind/jaxb-impl/2.3.1/jaxb-impl-2.3.1.jar
Progress (1): 4.1 kB
Progress (1): 8.2 kB
Progress (1): 11 kB 
Progress (1): 14 kB
Progress (1): 18 kB
Progress (1): 21 kB
Progress (1): 25 kB
Progress (1): 29 kB
Progress (1): 33 kB
Progress (1): 37 kB
Progress (1): 41 kB
Progress (1): 45 kB
Progress (1): 49 kB
Progress (1): 53 kB
Progress (1): 57 kB
Progress (1): 60 kB
Progress (1): 64 kB
Progress (1): 68 kB
Progress (1): 71 kB
Progress (1): 75 kB
Progress (1): 79 kB
Progress (1): 83 kB
Progress (1): 88 kB
Progress (1): 91 kB
Progress (1): 94 kB
Progress (1): 97 kB
Progress (1): 100 kB
Progress (1): 102 kB
Progress (1): 105 kB
Progress (1): 108 kB
Progress (1): 111 kB
Progress (1): 113 kB
Progress (1): 116 kB
Progress (1): 120 kB
Progress (1): 124 kB
Progress (1): 128 kB
Progress (1): 132 kB
Progress (1): 136 kB
Progress (1): 140 kB
Progress (1): 144 kB
Progress (1): 148 kB
Progress (1): 152 kB
Progress (1): 156 kB
Progress (1): 161 kB
Progress (1): 165 kB
Progress (1): 169 kB
Progress (1): 173 kB
Progress (1): 177 kB
Progress (1): 181 kB
Progress (1): 185 kB
Progress (1): 189 kB
Progress (1): 193 kB
Progress (1): 197 kB
Progress (1): 201 kB
Progress (1): 206 kB
Progress (1): 210 kB
Progress (1): 214 kB
Progress (1): 218 kB
Progress (1): 222 kB
Progress (1): 226 kB
Progress (1): 230 kB
Progress (1): 234 kB
Progress (1): 238 kB
Progress (1): 242 kB
Progress (1): 247 kB
Progress (1): 251 kB
Progress (1): 255 kB
Progress (1): 259 kB
Progress (1): 263 kB
Progress (1): 267 kB
Progress (1): 271 kB
Progress (1): 275 kB
Progress (1): 279 kB
Progress (1): 283 kB
Progress (1): 288 kB
Progress (1): 292 kB
Progress (1): 296 kB
Progress (1): 300 kB
Progress (1): 304 kB
Progress (1): 308 kB
Progress (1): 312 kB
Progress (1): 316 kB
Progress (1): 320 kB
Progress (1): 324 kB
Progress (1): 328 kB
Progress (1): 333 kB
Progress (1): 337 kB
Progress (1): 341 kB
Progress (1): 345 kB
Progress (1): 349 kB
Progress (1): 353 kB
Progress (1): 357 kB
Progress (1): 361 kB
Progress (1): 365 kB
Progress (1): 369 kB
Progress (1): 374 kB
Progress (1): 378 kB
Progress (1): 382 kB
Progress (1): 386 kB
Progress (1): 390 kB
Progress (1): 394 kB
Progress (1): 398 kB
Progress (1): 402 kB
Progress (1): 406 kB
Progress (1): 410 kB
Progress (1): 414 kB
Progress (1): 419 kB
Progress (1): 423 kB
Progress (1): 427 kB
Progress (1): 431 kB
Progress (1): 435 kB
Progress (1): 439 kB
Progress (1): 443 kB
Progress (1): 447 kB
Progress (1): 451 kB
Progress (1): 455 kB
Progress (1): 460 kB
Progress (1): 464 kB
Progress (1): 468 kB
Progress (1): 472 kB
Progress (1): 476 kB
Progress (1): 480 kB
Progress (1): 484 kB
Progress (1): 488 kB
Progress (1): 492 kB
Progress (1): 496 kB
Progress (1): 501 kB
Progress (1): 505 kB
Progress (1): 509 kB
Progress (1): 513 kB
Progress (1): 517 kB
Progress (1): 521 kB
Progress (1): 525 kB
Progress (1): 529 kB
Progress (1): 533 kB
Progress (1): 537 kB
Progress (1): 541 kB
Progress (1): 546 kB
Progress (1): 550 kB
Progress (1): 554 kB
Progress (1): 558 kB
Progress (1): 562 kB
Progress (1): 566 kB
Progress (1): 570 kB
Progress (1): 574 kB
Progress (1): 578 kB
Progress (1): 582 kB
Progress (1): 587 kB
Progress (1): 591 kB
Progress (1): 595 kB
Progress (1): 599 kB
Progress (1): 603 kB
Progress (1): 607 kB
Progress (1): 611 kB
Progress (1): 615 kB
Progress (1): 619 kB
Progress (1): 623 kB
Progress (1): 627 kB
Progress (1): 632 kB
Progress (1): 636 kB
Progress (1): 640 kB
Progress (1): 644 kB
Progress (1): 648 kB
Progress (1): 652 kB
Progress (1): 656 kB
Progress (1): 660 kB
Progress (1): 664 kB
Progress (1): 668 kB
Progress (1): 673 kB
Progress (1): 677 kB
Progress (1): 681 kB
Progress (1): 685 kB
Progress (1): 689 kB
Progress (1): 693 kB
Progress (1): 697 kB
Progress (1): 701 kB
Progress (1): 705 kB
Progress (1): 709 kB
Progress (1): 713 kB
Progress (1): 718 kB
Progress (1): 722 kB
Progress (1): 726 kB
Progress (1): 730 kB
Progress (1): 734 kB
Progress (1): 738 kB
Progress (1): 742 kB
Progress (1): 746 kB
Progress (1): 750 kB
Progress (1): 754 kB
Progress (1): 759 kB
Progress (1): 763 kB
Progress (1): 767 kB
Progress (1): 771 kB
Progress (1): 775 kB
Progress (1): 779 kB
Progress (1): 783 kB
Progress (1): 787 kB
Progress (1): 791 kB
Progress (1): 795 kB
Progress (1): 800 kB
Progress (1): 804 kB
Progress (1): 808 kB
Progress (1): 812 kB
Progress (1): 816 kB
Progress (1): 820 kB
Progress (1): 824 kB
Progress (1): 828 kB
Progress (1): 832 kB
Progress (1): 836 kB
Progress (1): 840 kB
Progress (1): 845 kB
Progress (1): 849 kB
Progress (1): 853 kB
Progress (1): 857 kB
Progress (1): 861 kB
Progress (1): 865 kB
Progress (1): 869 kB
Progress (1): 873 kB
Progress (2): 873 kB | 4.1 kB
Progress (2): 873 kB | 8.2 kB
Progress (2): 873 kB | 11 kB 
Progress (2): 873 kB | 14 kB
Progress (2): 873 kB | 17 kB
Progress (2): 873 kB | 21 kB
Progress (2): 873 kB | 25 kB
Progress (2): 873 kB | 29 kB
Progress (2): 873 kB | 33 kB
Progress (2): 873 kB | 36 kB
Progress (2): 873 kB | 39 kB
Progress (2): 873 kB | 42 kB
Progress (2): 873 kB | 46 kB
Progress (2): 873 kB | 50 kB
Progress (2): 873 kB | 54 kB
Progress (2): 873 kB | 58 kB
Progress (2): 873 kB | 62 kB
Progress (2): 873 kB | 65 kB
Progress (2): 873 kB | 69 kB
Progress (2): 873 kB | 72 kB
Progress (2): 873 kB | 76 kB
Progress (2): 873 kB | 80 kB
Progress (2): 873 kB | 84 kB
Progress (2): 873 kB | 88 kB
Progress (2): 873 kB | 91 kB
Progress (2): 873 kB | 93 kB
Progress (2): 873 kB | 98 kB
Progress (2): 873 kB | 101 kB
Progress (2): 873 kB | 103 kB
Progress (2): 873 kB | 107 kB
Progress (2): 873 kB | 112 kB
Progress (2): 873 kB | 115 kB
Progress (2): 873 kB | 118 kB
Progress (2): 873 kB | 121 kB
Progress (2): 873 kB | 124 kB
Progress (2): 873 kB | 128 kB
Progress (2): 873 kB | 132 kB
Progress (2): 873 kB | 134 kB
Progress (2): 873 kB | 138 kB
Progress (2): 873 kB | 142 kB
Progress (2): 873 kB | 146 kB
Progress (2): 873 kB | 150 kB
Progress (2): 873 kB | 154 kB
Progress (2): 873 kB | 158 kB
Progress (2): 873 kB | 162 kB
Progress (2): 873 kB | 166 kB
Progress (2): 873 kB | 170 kB
Progress (2): 873 kB | 174 kB
Progress (2): 873 kB | 178 kB
Progress (2): 873 kB | 182 kB
Progress (2): 873 kB | 185 kB
Progress (2): 873 kB | 188 kB
Progress (2): 873 kB | 191 kB
Progress (2): 873 kB | 194 kB
Progress (2): 873 kB | 198 kB
Progress (2): 873 kB | 202 kB
Progress (2): 873 kB | 206 kB
Progress (2): 873 kB | 210 kB
Progress (2): 873 kB | 212 kB
Progress (2): 873 kB | 215 kB
Progress (2): 873 kB | 218 kB
Progress (2): 873 kB | 221 kB
Progress (2): 873 kB | 224 kB
Progress (2): 873 kB | 226 kB
Progress (2): 873 kB | 229 kB
Progress (2): 873 kB | 233 kB
Progress (2): 873 kB | 237 kB
Progress (2): 873 kB | 241 kB
Progress (2): 873 kB | 245 kB
Progress (2): 873 kB | 249 kB
Progress (2): 873 kB | 253 kB
Progress (2): 873 kB | 257 kB
Progress (2): 873 kB | 261 kB
Progress (2): 873 kB | 264 kB
Progress (2): 873 kB | 266 kB
Progress (2): 873 kB | 270 kB
Progress (2): 873 kB | 274 kB
Progress (3): 873 kB | 274 kB | 2.6 kB
Progress (3): 873 kB | 274 kB | 6.7 kB
Progress (3): 873 kB | 274 kB | 11 kB 
Progress (3): 873 kB | 274 kB | 14 kB
Progress (3): 873 kB | 274 kB | 18 kB
Progress (3): 873 kB | 274 kB | 22 kB
Progress (3): 873 kB | 274 kB | 26 kB
Progress (3): 873 kB | 274 kB | 30 kB
Progress (3): 873 kB | 274 kB | 34 kB
Progress (3): 873 kB | 274 kB | 38 kB
Progress (3): 873 kB | 274 kB | 41 kB
Progress (3): 873 kB | 274 kB | 44 kB
Progress (3): 873 kB | 274 kB | 46 kB
Progress (3): 873 kB | 274 kB | 50 kB
Progress (3): 873 kB | 274 kB | 54 kB
Progress (3): 873 kB | 274 kB | 58 kB
Progress (3): 873 kB | 274 kB | 61 kB
Progress (3): 873 kB | 274 kB | 66 kB
Progress (3): 873 kB | 274 kB | 69 kB
Progress (3): 873 kB | 274 kB | 71 kB
Progress (3): 873 kB | 274 kB | 75 kB
Progress (3): 873 kB | 274 kB | 79 kB
Progress (3): 873 kB | 274 kB | 83 kB
Progress (3): 873 kB | 274 kB | 88 kB
Progress (3): 873 kB | 274 kB | 91 kB
Progress (3): 873 kB | 274 kB | 95 kB
Progress (3): 873 kB | 274 kB | 99 kB
Progress (3): 873 kB | 274 kB | 102 kB
Progress (3): 873 kB | 274 kB | 105 kB
Progress (3): 873 kB | 274 kB | 108 kB
Progress (3): 873 kB | 274 kB | 111 kB
Progress (3): 873 kB | 274 kB | 115 kB
Progress (3): 873 kB | 274 kB | 118 kB
Progress (3): 873 kB | 274 kB | 121 kB
Progress (3): 873 kB | 274 kB | 125 kB
Progress (3): 873 kB | 274 kB | 129 kB
Progress (3): 873 kB | 274 kB | 132 kB
Progress (3): 873 kB | 274 kB | 134 kB
Progress (3): 873 kB | 274 kB | 138 kB
Progress (3): 873 kB | 274 kB | 142 kB
Progress (3): 873 kB | 274 kB | 147 kB
Progress (3): 873 kB | 274 kB | 151 kB
Progress (3): 873 kB | 274 kB | 155 kB
Progress (3): 873 kB | 274 kB | 159 kB
Progress (3): 873 kB | 274 kB | 163 kB
Progress (3): 873 kB | 274 kB | 166 kB
Progress (3): 873 kB | 274 kB | 168 kB
Progress (3): 873 kB | 274 kB | 171 kB
Progress (3): 873 kB | 274 kB | 174 kB
Progress (3): 873 kB | 274 kB | 178 kB
Progress (3): 873 kB | 274 kB | 182 kB
Progress (3): 873 kB | 274 kB | 186 kB
Progress (3): 873 kB | 274 kB | 190 kB
Progress (3): 873 kB | 274 kB | 194 kB
Progress (3): 873 kB | 274 kB | 198 kB
Progress (3): 873 kB | 274 kB | 201 kB
Progress (3): 873 kB | 274 kB | 203 kB
Progress (3): 873 kB | 274 kB | 206 kB
Progress (3): 873 kB | 274 kB | 209 kB
Progress (3): 873 kB | 274 kB | 211 kB
Progress (3): 873 kB | 274 kB | 216 kB
Progress (3): 873 kB | 274 kB | 220 kB
Progress (3): 873 kB | 274 kB | 224 kB
Progress (3): 873 kB | 274 kB | 228 kB
Progress (3): 873 kB | 274 kB | 232 kB
Progress (3): 873 kB | 274 kB | 236 kB
Progress (3): 873 kB | 274 kB | 239 kB
Progress (3): 873 kB | 274 kB | 241 kB
Progress (3): 873 kB | 274 kB | 244 kB
Progress (3): 873 kB | 274 kB | 247 kB
Progress (3): 873 kB | 274 kB | 251 kB
Progress (3): 873 kB | 274 kB | 255 kB
Progress (3): 873 kB | 274 kB | 259 kB
Progress (3): 873 kB | 274 kB | 263 kB
Progress (3): 873 kB | 274 kB | 267 kB
Progress (3): 873 kB | 274 kB | 271 kB
Progress (3): 873 kB | 274 kB | 275 kB
Progress (3): 873 kB | 274 kB | 278 kB
Progress (3): 873 kB | 274 kB | 282 kB
Progress (3): 873 kB | 274 kB | 286 kB
Progress (4): 873 kB | 274 kB | 286 kB | 4.0 kB
Progress (4): 873 kB | 274 kB | 286 kB | 8.1 kB
Progress (4): 873 kB | 274 kB | 286 kB | 12 kB 
Progress (4): 873 kB | 274 kB | 286 kB | 15 kB
Progress (4): 873 kB | 274 kB | 286 kB | 18 kB
Progress (4): 873 kB | 274 kB | 286 kB | 21 kB
Progress (4): 873 kB | 274 kB | 286 kB | 23 kB
Progress (4): 873 kB | 274 kB | 286 kB | 28 kB
Progress (4): 873 kB | 274 kB | 286 kB | 31 kB
Progress (4): 873 kB | 274 kB | 286 kB | 35 kB
Progress (4): 873 kB | 274 kB | 286 kB | 39 kB
Progress (4): 873 kB | 274 kB | 290 kB | 39 kB
Progress (4): 873 kB | 274 kB | 294 kB | 39 kB
Progress (4): 873 kB | 274 kB | 298 kB | 39 kB
Progress (4): 873 kB | 274 kB | 302 kB | 39 kB
Progress (4): 873 kB | 274 kB | 306 kB | 39 kB
Progress (4): 873 kB | 274 kB | 310 kB | 39 kB
Progress (4): 873 kB | 274 kB | 314 kB | 39 kB
Progress (4): 873 kB | 274 kB | 317 kB | 39 kB
Progress (4): 873 kB | 274 kB | 320 kB | 39 kB
Progress (4): 873 kB | 274 kB | 323 kB | 39 kB
Progress (4): 873 kB | 274 kB | 325 kB | 39 kB
Progress (4): 873 kB | 274 kB | 328 kB | 39 kB
Progress (4): 873 kB | 274 kB | 331 kB | 39 kB
Progress (4): 873 kB | 274 kB | 334 kB | 39 kB
Progress (4): 873 kB | 274 kB | 338 kB | 39 kB
Progress (4): 873 kB | 274 kB | 341 kB | 39 kB
Progress (4): 873 kB | 274 kB | 343 kB | 39 kB
Progress (4): 873 kB | 274 kB | 348 kB | 39 kB
Progress (4): 873 kB | 274 kB | 351 kB | 39 kB
Progress (4): 873 kB | 274 kB | 353 kB | 39 kB
Progress (4): 873 kB | 274 kB | 356 kB | 39 kB
Progress (4): 873 kB | 274 kB | 360 kB | 39 kB
Progress (4): 873 kB | 274 kB | 364 kB | 39 kB
Progress (4): 873 kB | 274 kB | 369 kB | 39 kB
Progress (4): 873 kB | 274 kB | 373 kB | 39 kB
Progress (4): 873 kB | 274 kB | 377 kB | 39 kB
Progress (4): 873 kB | 274 kB | 381 kB | 39 kB
Progress (4): 873 kB | 274 kB | 385 kB | 39 kB
Progress (4): 873 kB | 274 kB | 389 kB | 39 kB
Progress (4): 873 kB | 274 kB | 393 kB | 39 kB
Progress (4): 873 kB | 274 kB | 397 kB | 39 kB
Progress (4): 873 kB | 274 kB | 401 kB | 39 kB
Progress (4): 873 kB | 274 kB | 405 kB | 39 kB
Progress (4): 873 kB | 274 kB | 410 kB | 39 kB
Progress (4): 873 kB | 274 kB | 414 kB | 39 kB
Progress (4): 873 kB | 274 kB | 418 kB | 39 kB
Progress (4): 873 kB | 274 kB | 422 kB | 39 kB
Progress (4): 873 kB | 274 kB | 426 kB | 39 kB
Progress (4): 873 kB | 274 kB | 430 kB | 39 kB
Progress (4): 873 kB | 274 kB | 434 kB | 39 kB
Progress (4): 873 kB | 274 kB | 438 kB | 39 kB
Progress (4): 873 kB | 274 kB | 442 kB | 39 kB
Progress (4): 873 kB | 274 kB | 446 kB | 39 kB
Progress (4): 873 kB | 274 kB | 446 kB | 43 kB
Progress (4): 873 kB | 274 kB | 446 kB | 46 kB
Progress (4): 873 kB | 274 kB | 446 kB | 49 kB
Progress (4): 873 kB | 274 kB | 446 kB | 53 kB
Progress (4): 873 kB | 274 kB | 446 kB | 56 kB
Progress (4): 873 kB | 274 kB | 446 kB | 59 kB
Progress (4): 873 kB | 274 kB | 446 kB | 63 kB
Progress (4): 873 kB | 274 kB | 446 kB | 66 kB
Progress (4): 873 kB | 274 kB | 446 kB | 68 kB
Progress (4): 873 kB | 274 kB | 446 kB | 71 kB
Progress (4): 873 kB | 274 kB | 446 kB | 75 kB
Progress (4): 873 kB | 274 kB | 446 kB | 79 kB
Progress (4): 873 kB | 274 kB | 451 kB | 79 kB
Progress (4): 873 kB | 274 kB | 451 kB | 83 kB
Progress (4): 873 kB | 274 kB | 455 kB | 83 kB
Progress (4): 873 kB | 274 kB | 455 kB | 87 kB
Progress (4): 873 kB | 274 kB | 455 kB | 91 kB
Progress (4): 873 kB | 274 kB | 459 kB | 91 kB
Progress (4): 873 kB | 274 kB | 463 kB | 91 kB
Progress (4): 873 kB | 274 kB | 467 kB | 91 kB
Progress (4): 873 kB | 274 kB | 471 kB | 91 kB
Progress (4): 873 kB | 274 kB | 475 kB | 91 kB
Progress (4): 873 kB | 274 kB | 479 kB | 91 kB
Progress (4): 873 kB | 274 kB | 483 kB | 91 kB
Progress (4): 873 kB | 274 kB | 487 kB | 91 kB
Progress (4): 873 kB | 274 kB | 487 kB | 95 kB
Progress (4): 873 kB | 274 kB | 491 kB | 95 kB
Progress (4): 873 kB | 274 kB | 491 kB | 98 kB
Progress (4): 873 kB | 274 kB | 491 kB | 102 kB
Progress (4): 873 kB | 274 kB | 491 kB | 106 kB
Progress (4): 873 kB | 274 kB | 491 kB | 110 kB
Progress (4): 873 kB | 274 kB | 491 kB | 114 kB
Progress (4): 873 kB | 274 kB | 491 kB | 118 kB
Progress (4): 873 kB | 274 kB | 491 kB | 122 kB
Progress (4): 873 kB | 274 kB | 491 kB | 125 kB
Progress (4): 873 kB | 274 kB | 491 kB | 128 kB
Progress (4): 873 kB | 274 kB | 491 kB | 132 kB
Progress (4): 873 kB | 274 kB | 491 kB | 134 kB
Progress (4): 873 kB | 274 kB | 491 kB | 137 kB
Progress (4): 873 kB | 274 kB | 491 kB | 140 kB
Progress (4): 873 kB | 274 kB | 491 kB | 144 kB
Progress (4): 873 kB | 274 kB | 496 kB | 144 kB
Progress (4): 873 kB | 274 kB | 500 kB | 144 kB
Progress (4): 873 kB | 274 kB | 504 kB | 144 kB
Progress (4): 873 kB | 274 kB | 508 kB | 144 kB
Progress (4): 873 kB | 274 kB | 512 kB | 144 kB
Progress (4): 873 kB | 274 kB | 516 kB | 144 kB
Progress (4): 873 kB | 274 kB | 520 kB | 144 kB
Progress (4): 873 kB | 274 kB | 524 kB | 144 kB
Progress (4): 873 kB | 274 kB | 528 kB | 144 kB
Progress (4): 873 kB | 274 kB | 532 kB | 144 kB
Progress (4): 873 kB | 274 kB | 537 kB | 144 kB
Progress (4): 873 kB | 274 kB | 541 kB | 144 kB
Progress (4): 873 kB | 274 kB | 545 kB | 144 kB
Progress (4): 873 kB | 274 kB | 549 kB | 144 kB
Progress (4): 873 kB | 274 kB | 553 kB | 144 kB
Progress (4): 873 kB | 274 kB | 557 kB | 144 kB
Progress (4): 873 kB | 274 kB | 561 kB | 144 kB
Progress (4): 873 kB | 274 kB | 565 kB | 144 kB
Progress (4): 873 kB | 274 kB | 569 kB | 144 kB
Progress (4): 873 kB | 274 kB | 573 kB | 144 kB
Progress (4): 873 kB | 274 kB | 577 kB | 144 kB
Progress (4): 873 kB | 274 kB | 582 kB | 144 kB
Progress (4): 873 kB | 274 kB | 586 kB | 144 kB
Progress (4): 873 kB | 274 kB | 590 kB | 144 kB
Progress (4): 873 kB | 274 kB | 594 kB | 144 kB
Progress (4): 873 kB | 274 kB | 598 kB | 144 kB
Progress (4): 873 kB | 274 kB | 602 kB | 144 kB
Progress (4): 873 kB | 274 kB | 606 kB | 144 kB
Progress (4): 873 kB | 274 kB | 610 kB | 144 kB
Progress (4): 873 kB | 274 kB | 614 kB | 144 kB
Progress (4): 873 kB | 274 kB | 618 kB | 144 kB
Progress (4): 873 kB | 274 kB | 623 kB | 144 kB
Progress (4): 873 kB | 274 kB | 623 kB | 148 kB
Progress (4): 873 kB | 274 kB | 623 kB | 152 kB
Progress (4): 873 kB | 274 kB | 623 kB | 156 kB
Progress (4): 873 kB | 274 kB | 623 kB | 160 kB
Progress (4): 873 kB | 274 kB | 627 kB | 160 kB
Progress (4): 873 kB | 274 kB | 627 kB | 164 kB
Progress (4): 873 kB | 274 kB | 631 kB | 164 kB
Progress (4): 873 kB | 274 kB | 631 kB | 167 kB
Progress (4): 873 kB | 274 kB | 631 kB | 169 kB
Progress (4): 873 kB | 274 kB | 631 kB | 172 kB
Progress (4): 873 kB | 274 kB | 635 kB | 172 kB
Progress (4): 873 kB | 274 kB | 635 kB | 176 kB
Progress (4): 873 kB | 274 kB | 639 kB | 176 kB
Progress (4): 873 kB | 274 kB | 639 kB | 179 kB
Progress (4): 873 kB | 274 kB | 639 kB | 182 kB
Progress (4): 873 kB | 274 kB | 639 kB | 186 kB
Progress (4): 873 kB | 274 kB | 643 kB | 186 kB
Progress (4): 873 kB | 274 kB | 647 kB | 186 kB
Progress (4): 873 kB | 274 kB | 651 kB | 186 kB
Progress (4): 873 kB | 274 kB | 655 kB | 186 kB
Progress (4): 873 kB | 274 kB | 659 kB | 186 kB
Progress (4): 873 kB | 274 kB | 663 kB | 186 kB
Progress (4): 873 kB | 274 kB | 668 kB | 186 kB
Progress (4): 873 kB | 274 kB | 672 kB | 186 kB
Progress (4): 873 kB | 274 kB | 676 kB | 186 kB
Progress (4): 873 kB | 274 kB | 680 kB | 186 kB
Progress (4): 873 kB | 274 kB | 684 kB | 186 kB
Progress (4): 873 kB | 274 kB | 688 kB | 186 kB
Progress (4): 873 kB | 274 kB | 692 kB | 186 kB
Progress (4): 873 kB | 274 kB | 696 kB | 186 kB
Progress (4): 873 kB | 274 kB | 700 kB | 186 kB
Progress (4): 873 kB | 274 kB | 704 kB | 186 kB
Progress (4): 873 kB | 274 kB | 709 kB | 186 kB
Progress (4): 873 kB | 274 kB | 713 kB | 186 kB
Progress (4): 873 kB | 274 kB | 717 kB | 186 kB
Progress (4): 873 kB | 274 kB | 721 kB | 186 kB
Progress (4): 873 kB | 274 kB | 725 kB | 186 kB
Progress (4): 873 kB | 274 kB | 729 kB | 186 kB
Progress (4): 873 kB | 274 kB | 733 kB | 186 kB
Progress (4): 873 kB | 274 kB | 737 kB | 186 kB
Progress (4): 873 kB | 274 kB | 741 kB | 186 kB
Progress (4): 873 kB | 274 kB | 745 kB | 186 kB
Progress (4): 873 kB | 274 kB | 750 kB | 186 kB
Progress (4): 873 kB | 274 kB | 754 kB | 186 kB
Progress (4): 873 kB | 274 kB | 758 kB | 186 kB
Progress (4): 873 kB | 274 kB | 762 kB | 186 kB
Progress (4): 873 kB | 274 kB | 766 kB | 186 kB
Progress (4): 873 kB | 274 kB | 770 kB | 186 kB
Progress (4): 873 kB | 274 kB | 774 kB | 186 kB
Progress (4): 873 kB | 274 kB | 778 kB | 186 kB
Progress (4): 873 kB | 274 kB | 782 kB | 186 kB
Progress (4): 873 kB | 274 kB | 786 kB | 186 kB
Progress (4): 873 kB | 274 kB | 790 kB | 186 kB
Progress (4): 873 kB | 274 kB | 795 kB | 186 kB
Progress (4): 873 kB | 274 kB | 799 kB | 186 kB
Progress (4): 873 kB | 274 kB | 803 kB | 186 kB
Progress (4): 873 kB | 274 kB | 807 kB | 186 kB
Progress (4): 873 kB | 274 kB | 811 kB | 186 kB
Progress (4): 873 kB | 274 kB | 815 kB | 186 kB
Progress (4): 873 kB | 274 kB | 819 kB | 186 kB
Progress (4): 873 kB | 274 kB | 823 kB | 186 kB
Progress (4): 873 kB | 274 kB | 827 kB | 186 kB
Progress (4): 873 kB | 274 kB | 831 kB | 186 kB
Progress (4): 873 kB | 274 kB | 836 kB | 186 kB
Progress (4): 873 kB | 274 kB | 840 kB | 186 kB
Progress (4): 873 kB | 274 kB | 844 kB | 186 kB
Progress (4): 873 kB | 274 kB | 848 kB | 186 kB
Progress (4): 873 kB | 274 kB | 852 kB | 186 kB
Progress (4): 873 kB | 274 kB | 856 kB | 186 kB
Progress (4): 873 kB | 274 kB | 860 kB | 186 kB
Progress (4): 873 kB | 274 kB | 863 kB | 186 kB
Progress (4): 873 kB | 274 kB | 867 kB | 186 kB
Progress (4): 873 kB | 274 kB | 871 kB | 186 kB
Progress (4): 873 kB | 274 kB | 875 kB | 186 kB
Progress (4): 873 kB | 274 kB | 879 kB | 186 kB
Progress (4): 873 kB | 274 kB | 883 kB | 186 kB
Progress (4): 873 kB | 274 kB | 887 kB | 186 kB
Progress (4): 873 kB | 274 kB | 891 kB | 186 kB
Progress (4): 873 kB | 274 kB | 895 kB | 186 kB
Progress (4): 873 kB | 274 kB | 899 kB | 186 kB
Progress (4): 873 kB | 274 kB | 904 kB | 186 kB
Progress (4): 873 kB | 274 kB | 908 kB | 186 kB
Progress (4): 873 kB | 274 kB | 912 kB | 186 kB
Progress (4): 873 kB | 274 kB | 916 kB | 186 kB
Progress (4): 873 kB | 274 kB | 920 kB | 186 kB
Progress (4): 873 kB | 274 kB | 924 kB | 186 kB
Progress (4): 873 kB | 274 kB | 928 kB | 186 kB
Progress (4): 873 kB | 274 kB | 932 kB | 186 kB
Progress (4): 873 kB | 274 kB | 936 kB | 186 kB
Progress (4): 873 kB | 274 kB | 940 kB | 186 kB
Progress (4): 873 kB | 274 kB | 944 kB | 186 kB
Progress (4): 873 kB | 274 kB | 949 kB | 186 kB
Progress (4): 873 kB | 274 kB | 953 kB | 186 kB
Progress (4): 873 kB | 274 kB | 957 kB | 186 kB
Progress (4): 873 kB | 274 kB | 959 kB | 186 kB
Progress (4): 873 kB | 274 kB | 964 kB | 186 kB
Progress (4): 873 kB | 274 kB | 968 kB | 186 kB
Progress (4): 873 kB | 274 kB | 972 kB | 186 kB
Progress (4): 873 kB | 274 kB | 976 kB | 186 kB
Progress (4): 873 kB | 274 kB | 980 kB | 186 kB
Progress (4): 873 kB | 274 kB | 984 kB | 186 kB
Progress (4): 873 kB | 274 kB | 988 kB | 186 kB
Progress (4): 873 kB | 274 kB | 992 kB | 186 kB
Progress (4): 873 kB | 274 kB | 995 kB | 186 kB
Progress (4): 873 kB | 274 kB | 999 kB | 186 kB
Progress (4): 873 kB | 274 kB | 1.0 MB | 186 kB
Progress (4): 873 kB | 274 kB | 1.0 MB | 186 kB
Progress (4): 873 kB | 274 kB | 1.0 MB | 186 kB
Progress (4): 873 kB | 274 kB | 1.0 MB | 186 kB
Progress (4): 873 kB | 274 kB | 1.0 MB | 186 kB
Progress (4): 873 kB | 274 kB | 1.0 MB | 186 kB
Progress (4): 873 kB | 274 kB | 1.0 MB | 186 kB
Progress (4): 873 kB | 274 kB | 1.0 MB | 186 kB
Progress (4): 873 kB | 274 kB | 1.0 MB | 186 kB
Progress (4): 873 kB | 274 kB | 1.0 MB | 186 kB
Progress (4): 873 kB | 274 kB | 1.0 MB | 186 kB
Progress (4): 873 kB | 274 kB | 1.0 MB | 186 kB
Progress (4): 873 kB | 274 kB | 1.1 MB | 186 kB
Progress (4): 873 kB | 274 kB | 1.1 MB | 186 kB
Progress (4): 873 kB | 274 kB | 1.1 MB | 186 kB
Progress (4): 873 kB | 274 kB | 1.1 MB | 186 kB
Progress (4): 873 kB | 274 kB | 1.1 MB | 186 kB
Progress (4): 873 kB | 274 kB | 1.1 MB | 186 kB
Progress (4): 873 kB | 274 kB | 1.1 MB | 186 kB
Progress (4): 873 kB | 274 kB | 1.1 MB | 186 kB
Progress (4): 873 kB | 274 kB | 1.1 MB | 186 kB
Progress (4): 873 kB | 274 kB | 1.1 MB | 186 kB
Progress (4): 873 kB | 274 kB | 1.1 MB | 186 kB
Progress (4): 873 kB | 274 kB | 1.1 MB | 186 kB
Progress (4): 873 kB | 274 kB | 1.1 MB | 186 kB
                                               
Downloaded from aiban-tianyin-core: https://aiban-maven.pkg.coding.net/repository/tianyin/core/org/apache/ws/commons/axiom/axiom-dom/1.3.0/axiom-dom-1.3.0.jar (873 kB at 467 kB/s)
Downloading from aiban-tianyin-core: https://aiban-maven.pkg.coding.net/repository/tianyin/core/com/sun/xml/bind/jaxb-xjc/2.3.1/jaxb-xjc-2.3.1.jar
Progress (4): 274 kB | 1.1 MB | 186 kB | 4.1 kB
Progress (4): 274 kB | 1.1 MB | 186 kB | 8.2 kB
Progress (4): 274 kB | 1.1 MB | 186 kB | 11 kB 
Progress (4): 274 kB | 1.1 MB | 186 kB | 14 kB
Progress (4): 274 kB | 1.1 MB | 186 kB | 18 kB
Progress (4): 274 kB | 1.1 MB | 186 kB | 21 kB
Progress (4): 274 kB | 1.1 MB | 186 kB | 24 kB
Progress (4): 274 kB | 1.1 MB | 186 kB | 28 kB
Progress (4): 274 kB | 1.1 MB | 186 kB | 32 kB
Progress (4): 274 kB | 1.1 MB | 186 kB | 35 kB
Progress (4): 274 kB | 1.1 MB | 186 kB | 39 kB
Progress (4): 274 kB | 1.1 MB | 186 kB | 43 kB
Progress (4): 274 kB | 1.1 MB | 186 kB | 47 kB
Progress (4): 274 kB | 1.1 MB | 186 kB | 51 kB
Progress (4): 274 kB | 1.1 MB | 186 kB | 54 kB
Progress (4): 274 kB | 1.1 MB | 186 kB | 57 kB
Progress (4): 274 kB | 1.1 MB | 186 kB | 61 kB
Progress (4): 274 kB | 1.1 MB | 186 kB | 64 kB
Progress (4): 274 kB | 1.1 MB | 186 kB | 68 kB
Progress (4): 274 kB | 1.1 MB | 186 kB | 73 kB
Progress (4): 274 kB | 1.1 MB | 186 kB | 77 kB
Progress (4): 274 kB | 1.1 MB | 186 kB | 80 kB
Progress (4): 274 kB | 1.1 MB | 186 kB | 83 kB
Progress (4): 274 kB | 1.1 MB | 186 kB | 85 kB
Progress (4): 274 kB | 1.1 MB | 186 kB | 90 kB
Progress (4): 274 kB | 1.1 MB | 186 kB | 94 kB
Progress (4): 274 kB | 1.1 MB | 186 kB | 98 kB
Progress (4): 274 kB | 1.1 MB | 186 kB | 102 kB
Progress (4): 274 kB | 1.1 MB | 186 kB | 106 kB
Progress (4): 274 kB | 1.1 MB | 186 kB | 108 kB
Progress (4): 274 kB | 1.1 MB | 186 kB | 111 kB
Progress (4): 274 kB | 1.1 MB | 186 kB | 115 kB
Progress (4): 274 kB | 1.1 MB | 186 kB | 119 kB
Progress (4): 274 kB | 1.1 MB | 186 kB | 122 kB
Progress (4): 274 kB | 1.1 MB | 186 kB | 125 kB
Progress (4): 274 kB | 1.1 MB | 186 kB | 129 kB
Progress (4): 274 kB | 1.1 MB | 186 kB | 133 kB
Progress (4): 274 kB | 1.1 MB | 186 kB | 137 kB
Progress (4): 274 kB | 1.1 MB | 186 kB | 140 kB
Progress (4): 274 kB | 1.1 MB | 186 kB | 142 kB
Progress (4): 274 kB | 1.1 MB | 186 kB | 145 kB
Progress (4): 274 kB | 1.1 MB | 186 kB | 149 kB
Progress (4): 274 kB | 1.1 MB | 186 kB | 153 kB
Progress (4): 274 kB | 1.1 MB | 186 kB | 157 kB
Progress (4): 274 kB | 1.1 MB | 186 kB | 161 kB
Progress (4): 274 kB | 1.1 MB | 186 kB | 162 kB
                                               
Downloaded from aiban-tianyin-core: https://aiban-maven.pkg.coding.net/repository/tianyin/core/org/apache/axis2/axis2-codegen/1.8.0/axis2-codegen-1.8.0.jar (274 kB at 143 kB/s)
Downloading from aiban-tianyin-core: https://aiban-maven.pkg.coding.net/repository/tianyin/core/org/apache/axis2/axis2-jibx/1.8.0/axis2-jibx-1.8.0.jar
Downloaded from aiban-tianyin-core: https://aiban-maven.pkg.coding.net/repository/tianyin/core/org/apache/axis2/axis2-adb-codegen/1.8.0/axis2-adb-codegen-1.8.0.jar (186 kB at 95 kB/s)
Downloading from aiban-tianyin-core: https://aiban-maven.pkg.coding.net/repository/tianyin/core/org/apache/axis2/axis2-jaxws/1.8.0/axis2-jaxws-1.8.0.jar
Downloaded from aiban-tianyin-core: https://aiban-maven.pkg.coding.net/repository/tianyin/core/com/sun/xml/bind/jaxb-impl/2.3.1/jaxb-impl-2.3.1.jar (1.1 MB at 547 kB/s)
Downloading from aiban-tianyin-core: https://aiban-maven.pkg.coding.net/repository/tianyin/core/org/glassfish/jaxb/jaxb-xjc/2.3.5/jaxb-xjc-2.3.5.jar
Downloaded from aiban-tianyin-core: https://aiban-maven.pkg.coding.net/repository/tianyin/core/org/apache/axis2/axis2-corba/1.8.0/axis2-corba-1.8.0.jar (162 kB at 76 kB/s)
Downloading from aiban-tianyin-core: https://aiban-maven.pkg.coding.net/repository/tianyin/core/org/glassfish/jaxb/xsom/2.3.5/xsom-2.3.5.jar
Progress (1): 2.6 kB
Progress (1): 6.7 kB
Progress (1): 11 kB 
Progress (1): 14 kB
Progress (2): 14 kB | 4.1 kB
Progress (2): 14 kB | 8.2 kB
Progress (2): 14 kB | 11 kB 
Progress (2): 14 kB | 14 kB
Progress (2): 14 kB | 18 kB
Progress (2): 14 kB | 21 kB
Progress (2): 14 kB | 25 kB
Progress (2): 14 kB | 29 kB
Progress (2): 14 kB | 33 kB
Progress (2): 14 kB | 37 kB
Progress (2): 14 kB | 41 kB
Progress (2): 14 kB | 45 kB
Progress (2): 14 kB | 50 kB
Progress (2): 14 kB | 53 kB
Progress (2): 14 kB | 57 kB
Progress (2): 14 kB | 60 kB
Progress (2): 14 kB | 63 kB
Progress (2): 14 kB | 66 kB
Progress (2): 14 kB | 69 kB
Progress (2): 14 kB | 71 kB
Progress (2): 14 kB | 75 kB
Progress (2): 14 kB | 79 kB
Progress (2): 14 kB | 83 kB
Progress (2): 14 kB | 86 kB
Progress (2): 14 kB | 88 kB
Progress (2): 14 kB | 91 kB
Progress (2): 14 kB | 94 kB
Progress (2): 14 kB | 98 kB
Progress (2): 14 kB | 101 kB
Progress (2): 14 kB | 105 kB
Progress (2): 14 kB | 108 kB
Progress (2): 14 kB | 112 kB
Progress (2): 14 kB | 116 kB
Progress (2): 14 kB | 120 kB
Progress (2): 14 kB | 124 kB
Progress (2): 14 kB | 128 kB
Progress (2): 14 kB | 131 kB
Progress (2): 14 kB | 133 kB
Progress (2): 14 kB | 137 kB
Progress (2): 14 kB | 141 kB
Progress (2): 14 kB | 145 kB
Progress (2): 14 kB | 150 kB
Progress (2): 14 kB | 154 kB
Progress (2): 14 kB | 158 kB
Progress (2): 14 kB | 161 kB
Progress (2): 14 kB | 165 kB
Progress (2): 14 kB | 168 kB
Progress (2): 14 kB | 172 kB
Progress (2): 14 kB | 176 kB
Progress (2): 14 kB | 180 kB
Progress (2): 14 kB | 184 kB
Progress (2): 14 kB | 188 kB
Progress (2): 14 kB | 192 kB
Progress (2): 14 kB | 195 kB
Progress (2): 14 kB | 198 kB
Progress (2): 14 kB | 201 kB
Progress (2): 14 kB | 203 kB
Progress (2): 14 kB | 206 kB
Progress (2): 14 kB | 209 kB
Progress (2): 14 kB | 212 kB
Progress (2): 14 kB | 216 kB
Progress (2): 14 kB | 220 kB
Progress (2): 14 kB | 223 kB
Progress (2): 14 kB | 226 kB
Progress (2): 14 kB | 229 kB
Progress (2): 14 kB | 231 kB
Progress (2): 14 kB | 234 kB
Progress (2): 14 kB | 238 kB
Progress (2): 14 kB | 241 kB
Progress (2): 14 kB | 245 kB
Progress (2): 14 kB | 249 kB
Progress (2): 14 kB | 253 kB
Progress (2): 14 kB | 258 kB
Progress (2): 14 kB | 261 kB
Progress (2): 14 kB | 265 kB
Progress (2): 14 kB | 269 kB
Progress (2): 14 kB | 273 kB
Progress (2): 14 kB | 277 kB
Progress (2): 14 kB | 280 kB
Progress (2): 14 kB | 284 kB
Progress (2): 14 kB | 287 kB
Progress (2): 14 kB | 291 kB
Progress (2): 14 kB | 296 kB
Progress (2): 14 kB | 300 kB
Progress (2): 14 kB | 304 kB
Progress (2): 14 kB | 308 kB
Progress (2): 14 kB | 310 kB
Progress (2): 14 kB | 314 kB
Progress (2): 14 kB | 318 kB
Progress (2): 14 kB | 322 kB
Progress (2): 14 kB | 325 kB
Progress (2): 14 kB | 328 kB
Progress (2): 14 kB | 332 kB
Progress (2): 14 kB | 336 kB
Progress (2): 14 kB | 340 kB
Progress (2): 14 kB | 344 kB
Progress (2): 14 kB | 349 kB
Progress (2): 14 kB | 352 kB
Progress (2): 14 kB | 356 kB
Progress (2): 14 kB | 360 kB
Progress (2): 14 kB | 364 kB
Progress (2): 14 kB | 368 kB
Progress (2): 14 kB | 371 kB
Progress (2): 14 kB | 375 kB
Progress (2): 14 kB | 377 kB
Progress (2): 14 kB | 380 kB
Progress (2): 14 kB | 384 kB
Progress (2): 14 kB | 388 kB
Progress (2): 14 kB | 392 kB
Progress (2): 14 kB | 396 kB
Progress (2): 14 kB | 400 kB
Progress (2): 14 kB | 404 kB
                            
Downloaded from aiban-tianyin-core: https://aiban-maven.pkg.coding.net/repository/tianyin/core/org/apache/axis2/axis2-jibx/1.8.0/axis2-jibx-1.8.0.jar (14 kB at 5.3 kB/s)
Progress (1): 409 kB
                    
Downloading from aiban-tianyin-core: https://aiban-maven.pkg.coding.net/repository/tianyin/core/com/sun/xml/bind/external/relaxng-datatype/2.3.5/relaxng-datatype-2.3.5.jar
Progress (1): 413 kB
Progress (1): 415 kB
Progress (1): 418 kB
Progress (1): 421 kB
Progress (1): 425 kB
Progress (1): 429 kB
Progress (1): 433 kB
Progress (1): 437 kB
Progress (1): 441 kB
Progress (1): 445 kB
Progress (1): 449 kB
Progress (1): 453 kB
Progress (1): 457 kB
Progress (1): 461 kB
Progress (1): 464 kB
Progress (1): 468 kB
Progress (1): 472 kB
Progress (1): 475 kB
Progress (1): 478 kB
Progress (1): 481 kB
Progress (1): 485 kB
Progress (1): 489 kB
Progress (1): 493 kB
Progress (1): 497 kB
Progress (1): 501 kB
Progress (1): 504 kB
Progress (1): 508 kB
Progress (1): 511 kB
Progress (1): 515 kB
Progress (1): 517 kB
Progress (1): 521 kB
Progress (1): 525 kB
Progress (1): 530 kB
Progress (1): 534 kB
Progress (1): 538 kB
Progress (1): 541 kB
Progress (1): 544 kB
Progress (1): 548 kB
Progress (1): 552 kB
Progress (1): 557 kB
Progress (1): 561 kB
Progress (1): 563 kB
Progress (1): 566 kB
Progress (1): 568 kB
Progress (1): 571 kB
Progress (1): 575 kB
Progress (1): 579 kB
Progress (1): 583 kB
Progress (1): 587 kB
Progress (1): 591 kB
Progress (1): 595 kB
Progress (1): 599 kB
Progress (1): 603 kB
Progress (1): 607 kB
Progress (1): 612 kB
Progress (1): 616 kB
Progress (1): 620 kB
Progress (1): 622 kB
Progress (1): 627 kB
Progress (1): 631 kB
Progress (1): 635 kB
Progress (1): 639 kB
Progress (1): 641 kB
Progress (1): 645 kB
Progress (1): 649 kB
Progress (1): 653 kB
Progress (1): 657 kB
Progress (1): 661 kB
Progress (1): 665 kB
Progress (1): 670 kB
Progress (1): 674 kB
Progress (1): 678 kB
Progress (1): 680 kB
Progress (1): 684 kB
Progress (1): 688 kB
Progress (1): 692 kB
Progress (1): 696 kB
Progress (1): 700 kB
Progress (1): 703 kB
Progress (1): 707 kB
Progress (1): 711 kB
Progress (1): 714 kB
Progress (1): 718 kB
Progress (1): 722 kB
Progress (1): 726 kB
Progress (1): 730 kB
Progress (1): 734 kB
Progress (1): 737 kB
Progress (1): 740 kB
Progress (1): 743 kB
Progress (1): 747 kB
Progress (1): 750 kB
Progress (1): 753 kB
Progress (1): 756 kB
Progress (2): 756 kB | 2.6 kB
Progress (2): 756 kB | 5.4 kB
Progress (2): 756 kB | 9.5 kB
Progress (2): 756 kB | 13 kB 
Progress (2): 756 kB | 17 kB
Progress (2): 756 kB | 21 kB
Progress (2): 756 kB | 25 kB
Progress (2): 756 kB | 29 kB
Progress (2): 756 kB | 33 kB
Progress (2): 756 kB | 37 kB
Progress (2): 756 kB | 39 kB
Progress (2): 756 kB | 43 kB
Progress (2): 756 kB | 46 kB
Progress (2): 756 kB | 50 kB
Progress (2): 756 kB | 54 kB
Progress (2): 756 kB | 58 kB
Progress (2): 756 kB | 61 kB
Progress (2): 756 kB | 64 kB
Progress (2): 756 kB | 67 kB
Progress (2): 756 kB | 71 kB
Progress (2): 756 kB | 75 kB
Progress (2): 756 kB | 79 kB
Progress (2): 756 kB | 82 kB
Progress (2): 756 kB | 87 kB
Progress (2): 756 kB | 91 kB
Progress (2): 756 kB | 94 kB
Progress (2): 756 kB | 98 kB
Progress (2): 756 kB | 101 kB
Progress (2): 756 kB | 105 kB
Progress (2): 756 kB | 109 kB
Progress (2): 756 kB | 113 kB
Progress (2): 756 kB | 117 kB
Progress (2): 756 kB | 121 kB
Progress (2): 756 kB | 125 kB
Progress (2): 756 kB | 129 kB
Progress (2): 756 kB | 132 kB
Progress (2): 756 kB | 136 kB
Progress (2): 756 kB | 139 kB
Progress (2): 756 kB | 143 kB
Progress (2): 756 kB | 147 kB
Progress (2): 756 kB | 151 kB
Progress (2): 756 kB | 155 kB
Progress (2): 756 kB | 159 kB
Progress (2): 756 kB | 163 kB
Progress (2): 756 kB | 166 kB
Progress (2): 756 kB | 168 kB
Progress (2): 756 kB | 173 kB
Progress (2): 756 kB | 175 kB
Progress (2): 756 kB | 179 kB
Progress (2): 756 kB | 183 kB
Progress (2): 756 kB | 186 kB
Progress (2): 756 kB | 190 kB
Progress (2): 756 kB | 195 kB
Progress (2): 756 kB | 198 kB
Progress (2): 756 kB | 201 kB
Progress (2): 756 kB | 203 kB
Progress (2): 756 kB | 207 kB
Progress (2): 756 kB | 211 kB
Progress (2): 756 kB | 215 kB
Progress (2): 756 kB | 219 kB
Progress (2): 756 kB | 223 kB
Progress (2): 756 kB | 228 kB
Progress (2): 756 kB | 232 kB
Progress (2): 756 kB | 236 kB
Progress (2): 756 kB | 238 kB
Progress (2): 756 kB | 242 kB
Progress (2): 756 kB | 246 kB
Progress (2): 756 kB | 250 kB
Progress (2): 756 kB | 254 kB
Progress (2): 756 kB | 257 kB
Progress (2): 756 kB | 259 kB
Progress (2): 756 kB | 264 kB
Progress (2): 756 kB | 268 kB
Progress (2): 756 kB | 272 kB
Progress (2): 756 kB | 275 kB
Progress (2): 756 kB | 277 kB
Progress (2): 756 kB | 280 kB
Progress (2): 756 kB | 284 kB
Progress (2): 756 kB | 288 kB
Progress (2): 756 kB | 292 kB
Progress (2): 756 kB | 297 kB
Progress (3): 756 kB | 297 kB | 2.6 kB
Progress (3): 756 kB | 301 kB | 2.6 kB
Progress (3): 756 kB | 305 kB | 2.6 kB
Progress (3): 756 kB | 309 kB | 2.6 kB
Progress (3): 756 kB | 309 kB | 6.7 kB
Progress (3): 756 kB | 311 kB | 6.7 kB
Progress (3): 756 kB | 311 kB | 11 kB 
Progress (3): 756 kB | 314 kB | 11 kB
Progress (3): 756 kB | 314 kB | 14 kB
Progress (3): 756 kB | 318 kB | 14 kB
Progress (3): 756 kB | 318 kB | 18 kB
Progress (3): 756 kB | 322 kB | 18 kB
Progress (3): 756 kB | 322 kB | 22 kB
Progress (3): 756 kB | 326 kB | 22 kB
Progress (3): 756 kB | 326 kB | 26 kB
Progress (3): 756 kB | 330 kB | 26 kB
Progress (3): 756 kB | 330 kB | 30 kB
Progress (3): 756 kB | 334 kB | 30 kB
Progress (3): 756 kB | 338 kB | 30 kB
Progress (3): 756 kB | 343 kB | 30 kB
Progress (3): 756 kB | 346 kB | 30 kB
Progress (3): 756 kB | 350 kB | 30 kB
Progress (3): 756 kB | 350 kB | 34 kB
Progress (3): 756 kB | 355 kB | 34 kB
Progress (3): 756 kB | 355 kB | 38 kB
Progress (3): 756 kB | 357 kB | 38 kB
Progress (3): 756 kB | 357 kB | 41 kB
Progress (3): 756 kB | 360 kB | 41 kB
Progress (3): 756 kB | 360 kB | 44 kB
Progress (3): 756 kB | 360 kB | 48 kB
Progress (3): 756 kB | 364 kB | 48 kB
Progress (3): 756 kB | 368 kB | 48 kB
Progress (3): 756 kB | 372 kB | 48 kB
Progress (3): 756 kB | 376 kB | 48 kB
Progress (3): 756 kB | 381 kB | 48 kB
Progress (3): 756 kB | 385 kB | 48 kB
Progress (3): 756 kB | 389 kB | 48 kB
Progress (3): 756 kB | 393 kB | 48 kB
Progress (3): 756 kB | 397 kB | 48 kB
Progress (3): 756 kB | 401 kB | 48 kB
Progress (3): 756 kB | 404 kB | 48 kB
Progress (3): 756 kB | 408 kB | 48 kB
Progress (3): 756 kB | 412 kB | 48 kB
Progress (3): 756 kB | 415 kB | 48 kB
Progress (3): 756 kB | 418 kB | 48 kB
Progress (3): 756 kB | 421 kB | 48 kB
Progress (3): 756 kB | 425 kB | 48 kB
Progress (3): 756 kB | 429 kB | 48 kB
Progress (3): 756 kB | 433 kB | 48 kB
Progress (3): 756 kB | 437 kB | 48 kB
Progress (3): 756 kB | 441 kB | 48 kB
Progress (3): 756 kB | 443 kB | 48 kB
Progress (3): 756 kB | 446 kB | 48 kB
Progress (3): 756 kB | 450 kB | 48 kB
Progress (3): 756 kB | 454 kB | 48 kB
Progress (3): 756 kB | 457 kB | 48 kB
Progress (3): 756 kB | 460 kB | 48 kB
Progress (3): 756 kB | 464 kB | 48 kB
Progress (3): 756 kB | 468 kB | 48 kB
Progress (3): 756 kB | 472 kB | 48 kB
Progress (3): 756 kB | 476 kB | 48 kB
Progress (3): 756 kB | 478 kB | 48 kB
Progress (3): 756 kB | 482 kB | 48 kB
Progress (3): 756 kB | 486 kB | 48 kB
Progress (3): 756 kB | 490 kB | 48 kB
Progress (3): 756 kB | 495 kB | 48 kB
Progress (3): 756 kB | 499 kB | 48 kB
Progress (3): 756 kB | 502 kB | 48 kB
Progress (3): 756 kB | 505 kB | 48 kB
Progress (3): 756 kB | 507 kB | 48 kB
Progress (3): 756 kB | 510 kB | 48 kB
Progress (3): 756 kB | 514 kB | 48 kB
Progress (3): 756 kB | 518 kB | 48 kB
Progress (3): 756 kB | 522 kB | 48 kB
Progress (3): 756 kB | 527 kB | 48 kB
Progress (3): 756 kB | 529 kB | 48 kB
Progress (3): 756 kB | 533 kB | 48 kB
Progress (3): 756 kB | 536 kB | 48 kB
Progress (3): 756 kB | 539 kB | 48 kB
Progress (3): 756 kB | 542 kB | 48 kB
Progress (3): 756 kB | 544 kB | 48 kB
Progress (3): 756 kB | 547 kB | 48 kB
Progress (3): 756 kB | 551 kB | 48 kB
Progress (3): 756 kB | 555 kB | 48 kB
Progress (3): 756 kB | 555 kB | 52 kB
Progress (3): 756 kB | 559 kB | 52 kB
Progress (3): 756 kB | 559 kB | 56 kB
Progress (3): 756 kB | 563 kB | 56 kB
Progress (3): 756 kB | 563 kB | 60 kB
Progress (3): 756 kB | 567 kB | 60 kB
Progress (3): 756 kB | 571 kB | 60 kB
Progress (3): 756 kB | 575 kB | 60 kB
Progress (3): 756 kB | 579 kB | 60 kB
Progress (3): 756 kB | 584 kB | 60 kB
Progress (3): 756 kB | 588 kB | 60 kB
Progress (3): 756 kB | 592 kB | 60 kB
Progress (3): 756 kB | 596 kB | 60 kB
Progress (3): 756 kB | 596 kB | 64 kB
Progress (3): 756 kB | 599 kB | 64 kB
Progress (3): 756 kB | 599 kB | 67 kB
Progress (3): 756 kB | 602 kB | 67 kB
Progress (3): 756 kB | 602 kB | 70 kB
Progress (3): 756 kB | 604 kB | 70 kB
Progress (3): 756 kB | 604 kB | 74 kB
Progress (3): 756 kB | 608 kB | 74 kB
Progress (3): 756 kB | 612 kB | 74 kB
Progress (3): 756 kB | 616 kB | 74 kB
Progress (3): 756 kB | 621 kB | 74 kB
Progress (3): 756 kB | 625 kB | 74 kB
Progress (3): 756 kB | 629 kB | 74 kB
Progress (3): 756 kB | 633 kB | 74 kB
Progress (3): 756 kB | 637 kB | 74 kB
Progress (3): 756 kB | 641 kB | 74 kB
Progress (3): 756 kB | 645 kB | 74 kB
Progress (3): 756 kB | 649 kB | 74 kB
Progress (3): 756 kB | 653 kB | 74 kB
Progress (3): 756 kB | 657 kB | 74 kB
Progress (3): 756 kB | 662 kB | 74 kB
Progress (3): 756 kB | 666 kB | 74 kB
Progress (3): 756 kB | 670 kB | 74 kB
Progress (3): 756 kB | 674 kB | 74 kB
Progress (3): 756 kB | 678 kB | 74 kB
Progress (3): 756 kB | 682 kB | 74 kB
Progress (3): 756 kB | 686 kB | 74 kB
Progress (3): 756 kB | 686 kB | 78 kB
Progress (3): 756 kB | 690 kB | 78 kB
Progress (3): 756 kB | 690 kB | 82 kB
Progress (3): 756 kB | 694 kB | 82 kB
Progress (3): 756 kB | 694 kB | 86 kB
Progress (3): 756 kB | 698 kB | 86 kB
Progress (3): 756 kB | 698 kB | 90 kB
Progress (3): 756 kB | 698 kB | 94 kB
Progress (3): 756 kB | 698 kB | 97 kB
Progress (3): 756 kB | 698 kB | 99 kB
Progress (3): 756 kB | 698 kB | 102 kB
Progress (3): 756 kB | 698 kB | 105 kB
Progress (3): 756 kB | 702 kB | 105 kB
Progress (3): 756 kB | 702 kB | 109 kB
Progress (3): 756 kB | 707 kB | 109 kB
Progress (3): 756 kB | 707 kB | 113 kB
Progress (3): 756 kB | 711 kB | 113 kB
Progress (3): 756 kB | 711 kB | 117 kB
Progress (3): 756 kB | 713 kB | 117 kB
Progress (3): 756 kB | 713 kB | 121 kB
Progress (3): 756 kB | 717 kB | 121 kB
Progress (3): 756 kB | 717 kB | 123 kB
Progress (3): 756 kB | 721 kB | 123 kB
Progress (3): 756 kB | 721 kB | 126 kB
Progress (3): 756 kB | 721 kB | 129 kB
Progress (3): 756 kB | 721 kB | 133 kB
Progress (3): 756 kB | 721 kB | 137 kB
Progress (3): 756 kB | 725 kB | 137 kB
Progress (3): 756 kB | 725 kB | 141 kB
Progress (3): 756 kB | 728 kB | 141 kB
Progress (3): 756 kB | 732 kB | 141 kB
Progress (3): 756 kB | 736 kB | 141 kB
Progress (3): 756 kB | 739 kB | 141 kB
Progress (3): 756 kB | 742 kB | 141 kB
Progress (3): 756 kB | 746 kB | 141 kB
Progress (3): 756 kB | 750 kB | 141 kB
Progress (3): 756 kB | 753 kB | 141 kB
Progress (3): 756 kB | 757 kB | 141 kB
Progress (3): 756 kB | 761 kB | 141 kB
Progress (3): 756 kB | 761 kB | 145 kB
Progress (3): 756 kB | 765 kB | 145 kB
Progress (3): 756 kB | 765 kB | 149 kB
Progress (3): 756 kB | 770 kB | 149 kB
Progress (3): 756 kB | 770 kB | 153 kB
Progress (3): 756 kB | 772 kB | 153 kB
Progress (3): 756 kB | 772 kB | 156 kB
Progress (3): 756 kB | 776 kB | 156 kB
Progress (3): 756 kB | 776 kB | 160 kB
Progress (3): 756 kB | 779 kB | 160 kB
Progress (3): 756 kB | 779 kB | 164 kB
Progress (3): 756 kB | 783 kB | 164 kB
Progress (3): 756 kB | 783 kB | 167 kB
Progress (3): 756 kB | 787 kB | 167 kB
Progress (3): 756 kB | 790 kB | 167 kB
Progress (3): 756 kB | 794 kB | 167 kB
Progress (3): 756 kB | 797 kB | 167 kB
Progress (3): 756 kB | 801 kB | 167 kB
Progress (3): 756 kB | 805 kB | 167 kB
Progress (3): 756 kB | 810 kB | 167 kB
Progress (3): 756 kB | 814 kB | 167 kB
Progress (3): 756 kB | 818 kB | 167 kB
Progress (3): 756 kB | 822 kB | 167 kB
Progress (3): 756 kB | 826 kB | 167 kB
Progress (3): 756 kB | 830 kB | 167 kB
Progress (3): 756 kB | 834 kB | 167 kB
Progress (3): 756 kB | 838 kB | 167 kB
Progress (3): 756 kB | 842 kB | 167 kB
Progress (3): 756 kB | 846 kB | 167 kB
Progress (3): 756 kB | 851 kB | 167 kB
Progress (3): 756 kB | 855 kB | 167 kB
Progress (3): 756 kB | 859 kB | 167 kB
Progress (3): 756 kB | 863 kB | 167 kB
Progress (3): 756 kB | 867 kB | 167 kB
Progress (3): 756 kB | 871 kB | 167 kB
Progress (3): 756 kB | 875 kB | 167 kB
Progress (3): 756 kB | 879 kB | 167 kB
Progress (3): 756 kB | 883 kB | 167 kB
Progress (3): 756 kB | 887 kB | 167 kB
Progress (3): 756 kB | 891 kB | 167 kB
Progress (3): 756 kB | 895 kB | 167 kB
Progress (3): 756 kB | 899 kB | 167 kB
Progress (3): 756 kB | 903 kB | 167 kB
Progress (3): 756 kB | 907 kB | 167 kB
Progress (3): 756 kB | 911 kB | 167 kB
Progress (3): 756 kB | 916 kB | 167 kB
Progress (3): 756 kB | 920 kB | 167 kB
Progress (3): 756 kB | 924 kB | 167 kB
Progress (3): 756 kB | 928 kB | 167 kB
Progress (3): 756 kB | 932 kB | 167 kB
Progress (3): 756 kB | 936 kB | 167 kB
Progress (3): 756 kB | 940 kB | 167 kB
Progress (3): 756 kB | 944 kB | 167 kB
Progress (3): 756 kB | 947 kB | 167 kB
Progress (3): 756 kB | 950 kB | 167 kB
Progress (3): 756 kB | 953 kB | 167 kB
Progress (3): 756 kB | 957 kB | 167 kB
Progress (3): 756 kB | 961 kB | 167 kB
Progress (3): 756 kB | 964 kB | 167 kB
Progress (3): 756 kB | 967 kB | 167 kB
Progress (3): 756 kB | 971 kB | 167 kB
Progress (3): 756 kB | 971 kB | 171 kB
Progress (3): 756 kB | 975 kB | 171 kB
Progress (3): 756 kB | 979 kB | 171 kB
Progress (3): 756 kB | 983 kB | 171 kB
Progress (3): 756 kB | 985 kB | 171 kB
Progress (3): 756 kB | 989 kB | 171 kB
Progress (3): 756 kB | 989 kB | 175 kB
Progress (3): 756 kB | 989 kB | 179 kB
Progress (3): 756 kB | 989 kB | 183 kB
Progress (3): 756 kB | 989 kB | 187 kB
Progress (3): 756 kB | 989 kB | 191 kB
Progress (3): 756 kB | 993 kB | 191 kB
Progress (3): 756 kB | 993 kB | 194 kB
Progress (3): 756 kB | 998 kB | 194 kB
Progress (3): 756 kB | 998 kB | 196 kB
Progress (3): 756 kB | 1.0 MB | 196 kB
Progress (3): 756 kB | 1.0 MB | 199 kB
Progress (3): 756 kB | 1.0 MB | 203 kB
Progress (3): 756 kB | 1.0 MB | 207 kB
Progress (3): 756 kB | 1.0 MB | 211 kB
Progress (3): 756 kB | 1.0 MB | 215 kB
Progress (3): 756 kB | 1.0 MB | 219 kB
Progress (3): 756 kB | 1.0 MB | 224 kB
Progress (3): 756 kB | 1.0 MB | 227 kB
Progress (3): 756 kB | 1.0 MB | 231 kB
Progress (3): 756 kB | 1.0 MB | 234 kB
Progress (3): 756 kB | 1.0 MB | 238 kB
Progress (3): 756 kB | 1.0 MB | 242 kB
Progress (3): 756 kB | 1.0 MB | 246 kB
Progress (3): 756 kB | 1.0 MB | 246 kB
Progress (3): 756 kB | 1.0 MB | 250 kB
Progress (3): 756 kB | 1.0 MB | 254 kB
Progress (3): 756 kB | 1.0 MB | 257 kB
Progress (3): 756 kB | 1.0 MB | 261 kB
Progress (3): 756 kB | 1.0 MB | 265 kB
Progress (3): 756 kB | 1.0 MB | 268 kB
Progress (3): 756 kB | 1.0 MB | 270 kB
Progress (3): 756 kB | 1.0 MB | 273 kB
Progress (3): 756 kB | 1.0 MB | 277 kB
Progress (3): 756 kB | 1.0 MB | 277 kB
Progress (3): 756 kB | 1.0 MB | 281 kB
Progress (3): 756 kB | 1.0 MB | 281 kB
Progress (3): 756 kB | 1.0 MB | 286 kB
Progress (3): 756 kB | 1.0 MB | 286 kB
Progress (3): 756 kB | 1.0 MB | 286 kB
Progress (3): 756 kB | 1.0 MB | 286 kB
Progress (3): 756 kB | 1.0 MB | 286 kB
Progress (3): 756 kB | 1.0 MB | 286 kB
Progress (3): 756 kB | 1.0 MB | 286 kB
Progress (3): 756 kB | 1.0 MB | 286 kB
Progress (3): 756 kB | 1.0 MB | 286 kB
Progress (3): 756 kB | 1.0 MB | 286 kB
Progress (3): 756 kB | 1.0 MB | 286 kB
Progress (3): 756 kB | 1.1 MB | 286 kB
Progress (3): 756 kB | 1.1 MB | 286 kB
Progress (3): 756 kB | 1.1 MB | 286 kB
Progress (3): 756 kB | 1.1 MB | 286 kB
Progress (3): 756 kB | 1.1 MB | 286 kB
Progress (3): 756 kB | 1.1 MB | 286 kB
Progress (3): 756 kB | 1.1 MB | 286 kB
Progress (3): 756 kB | 1.1 MB | 286 kB
Progress (3): 756 kB | 1.1 MB | 286 kB
Progress (3): 756 kB | 1.1 MB | 286 kB
Progress (3): 756 kB | 1.1 MB | 286 kB
Progress (3): 756 kB | 1.1 MB | 286 kB
Progress (3): 756 kB | 1.1 MB | 286 kB
Progress (3): 756 kB | 1.1 MB | 286 kB
Progress (3): 756 kB | 1.1 MB | 286 kB
Progress (3): 756 kB | 1.1 MB | 286 kB
Progress (3): 756 kB | 1.1 MB | 286 kB
Progress (3): 756 kB | 1.1 MB | 286 kB
Progress (3): 756 kB | 1.1 MB | 286 kB
Progress (3): 756 kB | 1.1 MB | 286 kB
Progress (3): 756 kB | 1.1 MB | 286 kB
Progress (3): 756 kB | 1.1 MB | 289 kB
Progress (3): 756 kB | 1.1 MB | 289 kB
Progress (3): 756 kB | 1.1 MB | 293 kB
Progress (3): 756 kB | 1.1 MB | 293 kB
Progress (3): 756 kB | 1.1 MB | 297 kB
Progress (3): 756 kB | 1.1 MB | 301 kB
Progress (3): 756 kB | 1.1 MB | 305 kB
Progress (3): 756 kB | 1.1 MB | 309 kB
Progress (3): 756 kB | 1.1 MB | 311 kB
Progress (3): 756 kB | 1.1 MB | 315 kB
Progress (3): 756 kB | 1.1 MB | 319 kB
Progress (3): 756 kB | 1.1 MB | 319 kB
Progress (3): 756 kB | 1.1 MB | 323 kB
Progress (3): 756 kB | 1.1 MB | 323 kB
Progress (3): 756 kB | 1.1 MB | 327 kB
Progress (3): 756 kB | 1.2 MB | 327 kB
Progress (3): 756 kB | 1.2 MB | 332 kB
Progress (3): 756 kB | 1.2 MB | 332 kB
Progress (3): 756 kB | 1.2 MB | 336 kB
Progress (3): 756 kB | 1.2 MB | 336 kB
Progress (3): 756 kB | 1.2 MB | 340 kB
Progress (3): 756 kB | 1.2 MB | 340 kB
Progress (3): 756 kB | 1.2 MB | 340 kB
Progress (3): 756 kB | 1.2 MB | 344 kB
Progress (3): 756 kB | 1.2 MB | 348 kB
Progress (3): 756 kB | 1.2 MB | 351 kB
Progress (3): 756 kB | 1.2 MB | 353 kB
Progress (3): 756 kB | 1.2 MB | 356 kB
Progress (3): 756 kB | 1.2 MB | 360 kB
Progress (3): 756 kB | 1.2 MB | 364 kB
Progress (3): 756 kB | 1.2 MB | 368 kB
Progress (3): 756 kB | 1.2 MB | 372 kB
Progress (3): 756 kB | 1.2 MB | 376 kB
Progress (3): 756 kB | 1.2 MB | 380 kB
Progress (3): 756 kB | 1.2 MB | 384 kB
Progress (3): 756 kB | 1.2 MB | 388 kB
Progress (3): 756 kB | 1.2 MB | 392 kB
Progress (3): 756 kB | 1.2 MB | 394 kB
Progress (3): 756 kB | 1.2 MB | 397 kB
Progress (3): 756 kB | 1.2 MB | 401 kB
Progress (3): 756 kB | 1.2 MB | 405 kB
Progress (3): 756 kB | 1.2 MB | 408 kB
Progress (3): 756 kB | 1.2 MB | 412 kB
Progress (3): 756 kB | 1.2 MB | 412 kB
Progress (3): 756 kB | 1.2 MB | 412 kB
Progress (3): 756 kB | 1.2 MB | 412 kB
Progress (3): 756 kB | 1.2 MB | 412 kB
Progress (3): 756 kB | 1.2 MB | 412 kB
Progress (3): 756 kB | 1.2 MB | 412 kB
Progress (3): 756 kB | 1.2 MB | 412 kB
Progress (3): 756 kB | 1.2 MB | 412 kB
Progress (3): 756 kB | 1.2 MB | 412 kB
Progress (3): 756 kB | 1.2 MB | 412 kB
Progress (3): 756 kB | 1.2 MB | 412 kB
Progress (3): 756 kB | 1.2 MB | 412 kB
Progress (3): 756 kB | 1.2 MB | 412 kB
Progress (3): 756 kB | 1.2 MB | 412 kB
Progress (3): 756 kB | 1.2 MB | 412 kB
Progress (3): 756 kB | 1.2 MB | 412 kB
Progress (4): 756 kB | 1.2 MB | 412 kB | 4.1 kB
Progress (4): 756 kB | 1.2 MB | 412 kB | 4.1 kB
Progress (4): 756 kB | 1.2 MB | 412 kB | 6.7 kB
Progress (4): 756 kB | 1.2 MB | 412 kB | 6.7 kB
Progress (4): 756 kB | 1.2 MB | 412 kB | 6.7 kB
Progress (4): 756 kB | 1.2 MB | 412 kB | 11 kB 
Progress (4): 756 kB | 1.2 MB | 412 kB | 11 kB
Progress (4): 756 kB | 1.2 MB | 412 kB | 15 kB
Progress (4): 756 kB | 1.2 MB | 412 kB | 15 kB
Progress (4): 756 kB | 1.2 MB | 412 kB | 19 kB
Progress (4): 756 kB | 1.2 MB | 412 kB | 19 kB
Progress (4): 756 kB | 1.2 MB | 412 kB | 23 kB
Progress (4): 756 kB | 1.3 MB | 412 kB | 23 kB
Progress (4): 756 kB | 1.3 MB | 412 kB | 23 kB
Progress (4): 756 kB | 1.3 MB | 412 kB | 23 kB
Progress (4): 756 kB | 1.3 MB | 412 kB | 23 kB
Progress (4): 756 kB | 1.3 MB | 412 kB | 23 kB
Progress (4): 756 kB | 1.3 MB | 412 kB | 23 kB
Progress (4): 756 kB | 1.3 MB | 412 kB | 23 kB
Progress (4): 756 kB | 1.3 MB | 412 kB | 23 kB
Progress (4): 756 kB | 1.3 MB | 412 kB | 23 kB
Progress (4): 756 kB | 1.3 MB | 412 kB | 23 kB
Progress (4): 756 kB | 1.3 MB | 412 kB | 23 kB
Progress (4): 756 kB | 1.3 MB | 412 kB | 23 kB
Progress (4): 756 kB | 1.3 MB | 412 kB | 23 kB
Progress (4): 756 kB | 1.3 MB | 412 kB | 23 kB
Progress (4): 756 kB | 1.3 MB | 412 kB | 23 kB
Progress (4): 756 kB | 1.3 MB | 412 kB | 23 kB
Progress (4): 756 kB | 1.3 MB | 412 kB | 23 kB
Progress (4): 756 kB | 1.3 MB | 412 kB | 23 kB
Progress (4): 756 kB | 1.3 MB | 412 kB | 23 kB
Progress (4): 756 kB | 1.3 MB | 412 kB | 23 kB
Progress (4): 756 kB | 1.3 MB | 412 kB | 23 kB
Progress (4): 756 kB | 1.3 MB | 412 kB | 23 kB
Progress (4): 756 kB | 1.3 MB | 412 kB | 23 kB
Progress (4): 756 kB | 1.3 MB | 412 kB | 23 kB
Progress (4): 756 kB | 1.3 MB | 412 kB | 23 kB
Progress (4): 756 kB | 1.3 MB | 412 kB | 23 kB
Progress (4): 756 kB | 1.3 MB | 412 kB | 23 kB
Progress (4): 756 kB | 1.4 MB | 412 kB | 23 kB
Progress (4): 756 kB | 1.4 MB | 412 kB | 23 kB
Progress (4): 756 kB | 1.4 MB | 412 kB | 23 kB
Progress (4): 756 kB | 1.4 MB | 412 kB | 23 kB
Progress (4): 756 kB | 1.4 MB | 412 kB | 23 kB
Progress (4): 756 kB | 1.4 MB | 412 kB | 23 kB
Progress (4): 756 kB | 1.4 MB | 412 kB | 23 kB
Progress (4): 756 kB | 1.4 MB | 412 kB | 23 kB
Progress (4): 756 kB | 1.4 MB | 412 kB | 23 kB
Progress (4): 756 kB | 1.4 MB | 412 kB | 23 kB
Progress (4): 756 kB | 1.4 MB | 412 kB | 23 kB
Progress (4): 756 kB | 1.4 MB | 412 kB | 23 kB
Progress (4): 756 kB | 1.4 MB | 412 kB | 23 kB
Progress (4): 756 kB | 1.4 MB | 412 kB | 23 kB
Progress (4): 756 kB | 1.4 MB | 412 kB | 23 kB
Progress (4): 756 kB | 1.4 MB | 412 kB | 23 kB
Progress (4): 756 kB | 1.4 MB | 412 kB | 23 kB
Progress (4): 756 kB | 1.4 MB | 412 kB | 23 kB
Progress (4): 756 kB | 1.4 MB | 412 kB | 23 kB
Progress (4): 756 kB | 1.4 MB | 412 kB | 23 kB
Progress (4): 756 kB | 1.4 MB | 412 kB | 23 kB
Progress (4): 756 kB | 1.4 MB | 412 kB | 23 kB
Progress (4): 756 kB | 1.4 MB | 412 kB | 23 kB
Progress (4): 756 kB | 1.4 MB | 412 kB | 23 kB
Progress (4): 756 kB | 1.4 MB | 416 kB | 23 kB
Progress (4): 756 kB | 1.4 MB | 416 kB | 23 kB
Progress (4): 756 kB | 1.4 MB | 420 kB | 23 kB
Progress (4): 756 kB | 1.4 MB | 420 kB | 23 kB
Progress (4): 756 kB | 1.4 MB | 422 kB | 23 kB
Progress (4): 756 kB | 1.5 MB | 422 kB | 23 kB
Progress (4): 756 kB | 1.5 MB | 422 kB | 23 kB
Progress (4): 756 kB | 1.5 MB | 422 kB | 23 kB
Progress (4): 756 kB | 1.5 MB | 422 kB | 23 kB
Progress (4): 756 kB | 1.5 MB | 422 kB | 23 kB
Progress (4): 756 kB | 1.5 MB | 422 kB | 23 kB
Progress (4): 756 kB | 1.5 MB | 422 kB | 23 kB
Progress (4): 756 kB | 1.5 MB | 422 kB | 23 kB
Progress (4): 756 kB | 1.5 MB | 422 kB | 23 kB
Progress (4): 756 kB | 1.5 MB | 422 kB | 23 kB
Progress (4): 756 kB | 1.5 MB | 422 kB | 23 kB
Progress (4): 756 kB | 1.5 MB | 422 kB | 23 kB
Progress (4): 756 kB | 1.5 MB | 422 kB | 23 kB
Progress (4): 756 kB | 1.5 MB | 422 kB | 23 kB
Progress (4): 756 kB | 1.5 MB | 422 kB | 23 kB
Progress (4): 756 kB | 1.5 MB | 422 kB | 23 kB
Progress (4): 756 kB | 1.5 MB | 422 kB | 23 kB
Progress (4): 756 kB | 1.5 MB | 422 kB | 23 kB
Progress (4): 756 kB | 1.5 MB | 422 kB | 23 kB
Progress (4): 756 kB | 1.5 MB | 422 kB | 23 kB
Progress (4): 756 kB | 1.5 MB | 422 kB | 23 kB
Progress (4): 756 kB | 1.5 MB | 422 kB | 23 kB
Progress (4): 756 kB | 1.5 MB | 422 kB | 23 kB
Progress (4): 756 kB | 1.5 MB | 422 kB | 23 kB
Progress (4): 756 kB | 1.5 MB | 422 kB | 23 kB
Progress (4): 756 kB | 1.6 MB | 422 kB | 23 kB
Progress (4): 756 kB | 1.6 MB | 422 kB | 23 kB
Progress (4): 756 kB | 1.6 MB | 422 kB | 23 kB
Progress (4): 756 kB | 1.6 MB | 422 kB | 23 kB
Progress (4): 756 kB | 1.6 MB | 422 kB | 23 kB
Progress (4): 756 kB | 1.6 MB | 422 kB | 23 kB
Progress (4): 756 kB | 1.6 MB | 422 kB | 23 kB
Progress (4): 756 kB | 1.6 MB | 422 kB | 23 kB
Progress (4): 756 kB | 1.6 MB | 422 kB | 23 kB
Progress (4): 756 kB | 1.6 MB | 422 kB | 23 kB
Progress (4): 756 kB | 1.6 MB | 422 kB | 23 kB
Progress (4): 756 kB | 1.6 MB | 422 kB | 23 kB
Progress (4): 756 kB | 1.6 MB | 422 kB | 23 kB
Progress (4): 756 kB | 1.6 MB | 422 kB | 23 kB
Progress (4): 756 kB | 1.6 MB | 422 kB | 23 kB
Progress (4): 756 kB | 1.6 MB | 422 kB | 23 kB
Progress (4): 756 kB | 1.6 MB | 422 kB | 23 kB
Progress (4): 756 kB | 1.6 MB | 422 kB | 23 kB
Progress (4): 756 kB | 1.6 MB | 422 kB | 23 kB
Progress (4): 756 kB | 1.6 MB | 422 kB | 23 kB
Progress (4): 756 kB | 1.6 MB | 422 kB | 23 kB
Progress (4): 756 kB | 1.6 MB | 422 kB | 23 kB
Progress (4): 756 kB | 1.6 MB | 422 kB | 23 kB
Progress (4): 756 kB | 1.6 MB | 422 kB | 23 kB
Progress (4): 756 kB | 1.6 MB | 422 kB | 23 kB
Progress (4): 756 kB | 1.7 MB | 422 kB | 23 kB
Progress (4): 756 kB | 1.7 MB | 422 kB | 23 kB
Progress (4): 756 kB | 1.7 MB | 422 kB | 23 kB
Progress (4): 756 kB | 1.7 MB | 422 kB | 23 kB
Progress (4): 756 kB | 1.7 MB | 422 kB | 23 kB
Progress (4): 756 kB | 1.7 MB | 422 kB | 23 kB
Progress (4): 756 kB | 1.7 MB | 422 kB | 23 kB
Progress (4): 756 kB | 1.7 MB | 422 kB | 23 kB
Progress (4): 756 kB | 1.7 MB | 422 kB | 23 kB
Progress (4): 756 kB | 1.7 MB | 422 kB | 23 kB
Progress (4): 756 kB | 1.7 MB | 422 kB | 23 kB
Progress (4): 756 kB | 1.7 MB | 422 kB | 23 kB
                                              
Downloaded from aiban-tianyin-core: https://aiban-maven.pkg.coding.net/repository/tianyin/core/org/apache/axis2/axis2-jaxws/1.8.0/axis2-jaxws-1.8.0.jar (756 kB at 263 kB/s)
Downloading from aiban-tianyin-core: https://aiban-maven.pkg.coding.net/repository/tianyin/core/org/glassfish/jaxb/codemodel/2.3.5/codemodel-2.3.5.jar
Progress (3): 1.7 MB | 422 kB | 26 kB
Progress (3): 1.7 MB | 422 kB | 26 kB
Progress (3): 1.7 MB | 422 kB | 29 kB
Progress (3): 1.7 MB | 422 kB | 32 kB
Progress (3): 1.7 MB | 422 kB | 35 kB
Progress (3): 1.7 MB | 422 kB | 35 kB
Progress (3): 1.7 MB | 422 kB | 39 kB
Progress (3): 1.7 MB | 422 kB | 39 kB
Progress (3): 1.7 MB | 422 kB | 42 kB
Progress (3): 1.7 MB | 422 kB | 42 kB
Progress (3): 1.7 MB | 422 kB | 46 kB
Progress (3): 1.7 MB | 422 kB | 46 kB
Progress (3): 1.7 MB | 422 kB | 50 kB
Progress (3): 1.7 MB | 422 kB | 50 kB
Progress (3): 1.7 MB | 422 kB | 53 kB
Progress (3): 1.7 MB | 422 kB | 53 kB
Progress (3): 1.7 MB | 422 kB | 57 kB
Progress (3): 1.7 MB | 422 kB | 57 kB
Progress (3): 1.7 MB | 422 kB | 60 kB
Progress (3): 1.7 MB | 422 kB | 60 kB
Progress (3): 1.7 MB | 422 kB | 63 kB
Progress (3): 1.7 MB | 422 kB | 63 kB
Progress (3): 1.7 MB | 422 kB | 66 kB
Progress (3): 1.7 MB | 422 kB | 66 kB
Progress (3): 1.7 MB | 422 kB | 70 kB
Progress (3): 1.7 MB | 422 kB | 70 kB
Progress (3): 1.7 MB | 422 kB | 70 kB
Progress (3): 1.7 MB | 422 kB | 73 kB
Progress (3): 1.7 MB | 422 kB | 73 kB
Progress (3): 1.7 MB | 422 kB | 77 kB
Progress (3): 1.7 MB | 422 kB | 77 kB
Progress (3): 1.7 MB | 422 kB | 80 kB
Progress (3): 1.8 MB | 422 kB | 80 kB
Progress (3): 1.8 MB | 422 kB | 83 kB
Progress (3): 1.8 MB | 422 kB | 83 kB
Progress (3): 1.8 MB | 422 kB | 83 kB
Progress (3): 1.8 MB | 422 kB | 83 kB
Progress (3): 1.8 MB | 422 kB | 83 kB
Progress (3): 1.8 MB | 422 kB | 83 kB
Progress (3): 1.8 MB | 422 kB | 83 kB
Progress (3): 1.8 MB | 422 kB | 83 kB
Progress (3): 1.8 MB | 422 kB | 83 kB
Progress (3): 1.8 MB | 422 kB | 83 kB
Progress (3): 1.8 MB | 422 kB | 83 kB
Progress (3): 1.8 MB | 422 kB | 83 kB
Progress (3): 1.8 MB | 422 kB | 83 kB
Progress (3): 1.8 MB | 422 kB | 83 kB
Progress (3): 1.8 MB | 422 kB | 83 kB
Progress (3): 1.8 MB | 422 kB | 83 kB
Progress (3): 1.8 MB | 422 kB | 83 kB
Progress (3): 1.8 MB | 422 kB | 83 kB
Progress (3): 1.8 MB | 422 kB | 83 kB
Progress (3): 1.8 MB | 422 kB | 83 kB
Progress (3): 1.8 MB | 422 kB | 83 kB
Progress (3): 1.8 MB | 422 kB | 83 kB
Progress (3): 1.8 MB | 422 kB | 83 kB
Progress (3): 1.8 MB | 422 kB | 83 kB
Progress (3): 1.8 MB | 422 kB | 83 kB
Progress (3): 1.9 MB | 422 kB | 83 kB
Progress (3): 1.9 MB | 422 kB | 83 kB
Progress (3): 1.9 MB | 422 kB | 83 kB
Progress (3): 1.9 MB | 422 kB | 83 kB
Progress (3): 1.9 MB | 422 kB | 83 kB
Progress (3): 1.9 MB | 422 kB | 83 kB
Progress (3): 1.9 MB | 422 kB | 83 kB
Progress (3): 1.9 MB | 422 kB | 83 kB
Progress (3): 1.9 MB | 422 kB | 83 kB
Progress (3): 1.9 MB | 422 kB | 83 kB
Progress (3): 1.9 MB | 422 kB | 83 kB
Progress (3): 1.9 MB | 422 kB | 83 kB
Progress (3): 1.9 MB | 422 kB | 83 kB
Progress (3): 1.9 MB | 422 kB | 83 kB
Progress (3): 1.9 MB | 422 kB | 83 kB
Progress (3): 1.9 MB | 422 kB | 83 kB
Progress (3): 1.9 MB | 422 kB | 83 kB
Progress (3): 1.9 MB | 422 kB | 83 kB
Progress (3): 1.9 MB | 422 kB | 83 kB
Progress (3): 1.9 MB | 422 kB | 83 kB
Progress (3): 1.9 MB | 422 kB | 83 kB
Progress (3): 1.9 MB | 422 kB | 83 kB
Progress (3): 1.9 MB | 422 kB | 83 kB
Progress (3): 1.9 MB | 422 kB | 83 kB
Progress (3): 1.9 MB | 422 kB | 83 kB
Progress (3): 2.0 MB | 422 kB | 83 kB
Progress (3): 2.0 MB | 422 kB | 83 kB
Progress (3): 2.0 MB | 422 kB | 83 kB
Progress (3): 2.0 MB | 422 kB | 83 kB
Progress (3): 2.0 MB | 422 kB | 83 kB
Progress (3): 2.0 MB | 422 kB | 83 kB
Progress (3): 2.0 MB | 422 kB | 83 kB
Progress (3): 2.0 MB | 422 kB | 83 kB
Progress (3): 2.0 MB | 422 kB | 83 kB
Progress (3): 2.0 MB | 422 kB | 83 kB
Progress (3): 2.0 MB | 422 kB | 83 kB
Progress (3): 2.0 MB | 422 kB | 83 kB
Progress (4): 2.0 MB | 422 kB | 83 kB | 4.0 kB
Progress (4): 2.0 MB | 422 kB | 83 kB | 4.0 kB
Progress (4): 2.0 MB | 422 kB | 83 kB | 8.1 kB
Progress (4): 2.0 MB | 422 kB | 87 kB | 8.1 kB
Progress (4): 2.0 MB | 422 kB | 87 kB | 11 kB 
Progress (4): 2.0 MB | 422 kB | 90 kB | 11 kB
Progress (4): 2.0 MB | 422 kB | 93 kB | 11 kB
Progress (4): 2.0 MB | 422 kB | 96 kB | 11 kB
Progress (4): 2.0 MB | 422 kB | 100 kB | 11 kB
Progress (4): 2.0 MB | 422 kB | 104 kB | 11 kB
Progress (4): 2.0 MB | 422 kB | 107 kB | 11 kB
Progress (4): 2.0 MB | 422 kB | 111 kB | 11 kB
Progress (4): 2.0 MB | 422 kB | 115 kB | 11 kB
Progress (4): 2.0 MB | 422 kB | 118 kB | 11 kB
Progress (4): 2.0 MB | 422 kB | 121 kB | 11 kB
Progress (4): 2.0 MB | 422 kB | 125 kB | 11 kB
Progress (4): 2.0 MB | 422 kB | 128 kB | 11 kB
Progress (4): 2.0 MB | 422 kB | 131 kB | 11 kB
Progress (4): 2.0 MB | 422 kB | 134 kB | 11 kB
Progress (4): 2.0 MB | 422 kB | 136 kB | 11 kB
Progress (4): 2.0 MB | 422 kB | 139 kB | 11 kB
Progress (4): 2.0 MB | 422 kB | 142 kB | 11 kB
Progress (4): 2.0 MB | 422 kB | 146 kB | 11 kB
Progress (4): 2.0 MB | 422 kB | 150 kB | 11 kB
Progress (4): 2.0 MB | 422 kB | 154 kB | 11 kB
Progress (4): 2.0 MB | 422 kB | 158 kB | 11 kB
Progress (4): 2.0 MB | 422 kB | 160 kB | 11 kB
Progress (4): 2.0 MB | 422 kB | 164 kB | 11 kB
Progress (4): 2.0 MB | 422 kB | 167 kB | 11 kB
Progress (4): 2.0 MB | 422 kB | 170 kB | 11 kB
Progress (4): 2.0 MB | 422 kB | 174 kB | 11 kB
Progress (4): 2.0 MB | 422 kB | 178 kB | 11 kB
Progress (4): 2.0 MB | 422 kB | 182 kB | 11 kB
Progress (4): 2.0 MB | 422 kB | 186 kB | 11 kB
Progress (4): 2.0 MB | 422 kB | 190 kB | 11 kB
Progress (4): 2.0 MB | 422 kB | 193 kB | 11 kB
Progress (4): 2.0 MB | 422 kB | 195 kB | 11 kB
Progress (4): 2.0 MB | 422 kB | 198 kB | 11 kB
Progress (4): 2.0 MB | 422 kB | 198 kB | 14 kB
Progress (4): 2.0 MB | 422 kB | 202 kB | 14 kB
Progress (4): 2.0 MB | 422 kB | 206 kB | 14 kB
Progress (4): 2.0 MB | 422 kB | 206 kB | 18 kB
Progress (4): 2.0 MB | 422 kB | 206 kB | 20 kB
Progress (4): 2.0 MB | 422 kB | 210 kB | 20 kB
Progress (4): 2.0 MB | 422 kB | 214 kB | 20 kB
Progress (4): 2.0 MB | 422 kB | 217 kB | 20 kB
Progress (4): 2.0 MB | 422 kB | 219 kB | 20 kB
Progress (4): 2.0 MB | 422 kB | 224 kB | 20 kB
Progress (4): 2.0 MB | 422 kB | 228 kB | 20 kB
Progress (4): 2.0 MB | 422 kB | 232 kB | 20 kB
Progress (4): 2.0 MB | 422 kB | 235 kB | 20 kB
Progress (4): 2.0 MB | 422 kB | 239 kB | 20 kB
Progress (4): 2.0 MB | 422 kB | 243 kB | 20 kB
Progress (4): 2.0 MB | 422 kB | 247 kB | 20 kB
Progress (4): 2.0 MB | 422 kB | 251 kB | 20 kB
Progress (4): 2.0 MB | 422 kB | 255 kB | 20 kB
Progress (4): 2.0 MB | 422 kB | 259 kB | 20 kB
Progress (4): 2.0 MB | 422 kB | 263 kB | 20 kB
Progress (4): 2.0 MB | 422 kB | 266 kB | 20 kB
Progress (4): 2.0 MB | 422 kB | 269 kB | 20 kB
Progress (4): 2.0 MB | 422 kB | 273 kB | 20 kB
Progress (4): 2.0 MB | 422 kB | 276 kB | 20 kB
Progress (4): 2.0 MB | 422 kB | 279 kB | 20 kB
Progress (4): 2.0 MB | 422 kB | 282 kB | 20 kB
Progress (4): 2.0 MB | 422 kB | 285 kB | 20 kB
Progress (4): 2.0 MB | 422 kB | 289 kB | 20 kB
Progress (4): 2.0 MB | 422 kB | 293 kB | 20 kB
Progress (4): 2.0 MB | 422 kB | 297 kB | 20 kB
Progress (4): 2.0 MB | 422 kB | 301 kB | 20 kB
Progress (4): 2.0 MB | 422 kB | 305 kB | 20 kB
Progress (4): 2.0 MB | 422 kB | 307 kB | 20 kB
Progress (4): 2.0 MB | 422 kB | 310 kB | 20 kB
Progress (4): 2.0 MB | 422 kB | 312 kB | 20 kB
Progress (4): 2.0 MB | 422 kB | 317 kB | 20 kB
Progress (4): 2.0 MB | 422 kB | 321 kB | 20 kB
Progress (4): 2.0 MB | 422 kB | 324 kB | 20 kB
Progress (4): 2.0 MB | 422 kB | 327 kB | 20 kB
Progress (4): 2.0 MB | 422 kB | 330 kB | 20 kB
Progress (4): 2.0 MB | 422 kB | 334 kB | 20 kB
Progress (4): 2.0 MB | 422 kB | 337 kB | 20 kB
Progress (4): 2.0 MB | 422 kB | 340 kB | 20 kB
Progress (4): 2.0 MB | 422 kB | 342 kB | 20 kB
Progress (4): 2.0 MB | 422 kB | 346 kB | 20 kB
Progress (4): 2.0 MB | 422 kB | 350 kB | 20 kB
Progress (4): 2.0 MB | 422 kB | 354 kB | 20 kB
Progress (4): 2.0 MB | 422 kB | 357 kB | 20 kB
Progress (4): 2.0 MB | 422 kB | 361 kB | 20 kB
Progress (4): 2.0 MB | 422 kB | 365 kB | 20 kB
Progress (4): 2.0 MB | 422 kB | 369 kB | 20 kB
Progress (4): 2.0 MB | 422 kB | 373 kB | 20 kB
Progress (4): 2.0 MB | 422 kB | 377 kB | 20 kB
Progress (4): 2.0 MB | 422 kB | 381 kB | 20 kB
Progress (4): 2.0 MB | 422 kB | 384 kB | 20 kB
Progress (4): 2.0 MB | 422 kB | 388 kB | 20 kB
Progress (4): 2.0 MB | 422 kB | 391 kB | 20 kB
Progress (4): 2.0 MB | 422 kB | 394 kB | 20 kB
Progress (4): 2.0 MB | 422 kB | 397 kB | 20 kB
Progress (4): 2.0 MB | 422 kB | 400 kB | 20 kB
Progress (4): 2.0 MB | 422 kB | 403 kB | 20 kB
Progress (4): 2.0 MB | 422 kB | 406 kB | 20 kB
Progress (4): 2.0 MB | 422 kB | 409 kB | 20 kB
Progress (4): 2.0 MB | 422 kB | 411 kB | 20 kB
Progress (4): 2.0 MB | 422 kB | 414 kB | 20 kB
Progress (4): 2.0 MB | 422 kB | 418 kB | 20 kB
Progress (4): 2.0 MB | 422 kB | 422 kB | 20 kB
Progress (4): 2.0 MB | 422 kB | 426 kB | 20 kB
Progress (4): 2.0 MB | 422 kB | 430 kB | 20 kB
Progress (4): 2.0 MB | 422 kB | 434 kB | 20 kB
Progress (4): 2.0 MB | 422 kB | 438 kB | 20 kB
Progress (4): 2.0 MB | 422 kB | 442 kB | 20 kB
Progress (4): 2.0 MB | 422 kB | 446 kB | 20 kB
Progress (4): 2.0 MB | 422 kB | 450 kB | 20 kB
Progress (4): 2.0 MB | 422 kB | 455 kB | 20 kB
Progress (4): 2.0 MB | 422 kB | 459 kB | 20 kB
Progress (4): 2.0 MB | 422 kB | 463 kB | 20 kB
Progress (4): 2.0 MB | 422 kB | 467 kB | 20 kB
Progress (4): 2.0 MB | 422 kB | 471 kB | 20 kB
Progress (4): 2.0 MB | 422 kB | 475 kB | 20 kB
Progress (4): 2.0 MB | 422 kB | 479 kB | 20 kB
Progress (4): 2.0 MB | 422 kB | 483 kB | 20 kB
Progress (4): 2.0 MB | 422 kB | 487 kB | 20 kB
Progress (4): 2.0 MB | 422 kB | 491 kB | 20 kB
Progress (4): 2.0 MB | 422 kB | 496 kB | 20 kB
Progress (4): 2.0 MB | 422 kB | 500 kB | 20 kB
Progress (4): 2.0 MB | 422 kB | 504 kB | 20 kB
Progress (4): 2.0 MB | 422 kB | 508 kB | 20 kB
Progress (4): 2.0 MB | 422 kB | 512 kB | 20 kB
Progress (4): 2.0 MB | 422 kB | 516 kB | 20 kB
Progress (4): 2.0 MB | 422 kB | 520 kB | 20 kB
Progress (4): 2.0 MB | 422 kB | 524 kB | 20 kB
Progress (4): 2.0 MB | 422 kB | 528 kB | 20 kB
Progress (4): 2.0 MB | 422 kB | 532 kB | 20 kB
Progress (4): 2.0 MB | 422 kB | 536 kB | 20 kB
Progress (4): 2.0 MB | 422 kB | 541 kB | 20 kB
Progress (4): 2.0 MB | 422 kB | 545 kB | 20 kB
Progress (4): 2.0 MB | 422 kB | 549 kB | 20 kB
Progress (4): 2.0 MB | 422 kB | 553 kB | 20 kB
Progress (4): 2.0 MB | 422 kB | 557 kB | 20 kB
Progress (4): 2.0 MB | 422 kB | 561 kB | 20 kB
Progress (4): 2.0 MB | 422 kB | 565 kB | 20 kB
Progress (4): 2.0 MB | 422 kB | 569 kB | 20 kB
Progress (4): 2.0 MB | 422 kB | 573 kB | 20 kB
Progress (4): 2.0 MB | 422 kB | 577 kB | 20 kB
Progress (4): 2.0 MB | 422 kB | 581 kB | 20 kB
Progress (4): 2.0 MB | 422 kB | 586 kB | 20 kB
Progress (4): 2.0 MB | 422 kB | 590 kB | 20 kB
Progress (4): 2.0 MB | 422 kB | 594 kB | 20 kB
Progress (4): 2.0 MB | 422 kB | 598 kB | 20 kB
Progress (4): 2.0 MB | 422 kB | 602 kB | 20 kB
Progress (4): 2.0 MB | 422 kB | 606 kB | 20 kB
Progress (4): 2.0 MB | 422 kB | 610 kB | 20 kB
Progress (4): 2.0 MB | 422 kB | 614 kB | 20 kB
Progress (4): 2.0 MB | 422 kB | 618 kB | 20 kB
Progress (4): 2.0 MB | 422 kB | 622 kB | 20 kB
Progress (4): 2.0 MB | 422 kB | 626 kB | 20 kB
Progress (4): 2.0 MB | 422 kB | 631 kB | 20 kB
Progress (4): 2.0 MB | 422 kB | 635 kB | 20 kB
Progress (4): 2.0 MB | 422 kB | 639 kB | 20 kB
Progress (4): 2.0 MB | 422 kB | 643 kB | 20 kB
Progress (4): 2.0 MB | 422 kB | 647 kB | 20 kB
Progress (4): 2.0 MB | 422 kB | 651 kB | 20 kB
Progress (4): 2.0 MB | 422 kB | 655 kB | 20 kB
Progress (4): 2.0 MB | 422 kB | 659 kB | 20 kB
Progress (4): 2.0 MB | 422 kB | 663 kB | 20 kB
Progress (4): 2.0 MB | 422 kB | 667 kB | 20 kB
Progress (4): 2.0 MB | 422 kB | 672 kB | 20 kB
Progress (4): 2.0 MB | 422 kB | 676 kB | 20 kB
Progress (4): 2.0 MB | 422 kB | 680 kB | 20 kB
Progress (4): 2.0 MB | 422 kB | 684 kB | 20 kB
Progress (4): 2.0 MB | 422 kB | 688 kB | 20 kB
Progress (4): 2.0 MB | 422 kB | 692 kB | 20 kB
Progress (4): 2.0 MB | 422 kB | 696 kB | 20 kB
Progress (4): 2.0 MB | 422 kB | 700 kB | 20 kB
Progress (4): 2.0 MB | 422 kB | 704 kB | 20 kB
Progress (4): 2.0 MB | 422 kB | 708 kB | 20 kB
Progress (4): 2.0 MB | 422 kB | 712 kB | 20 kB
Progress (4): 2.0 MB | 422 kB | 717 kB | 20 kB
Progress (4): 2.0 MB | 422 kB | 721 kB | 20 kB
Progress (4): 2.0 MB | 422 kB | 725 kB | 20 kB
Progress (4): 2.0 MB | 422 kB | 729 kB | 20 kB
Progress (4): 2.0 MB | 422 kB | 733 kB | 20 kB
Progress (4): 2.0 MB | 422 kB | 737 kB | 20 kB
Progress (4): 2.0 MB | 422 kB | 741 kB | 20 kB
Progress (4): 2.0 MB | 422 kB | 745 kB | 20 kB
Progress (4): 2.0 MB | 422 kB | 749 kB | 20 kB
Progress (4): 2.0 MB | 422 kB | 753 kB | 20 kB
Progress (4): 2.0 MB | 422 kB | 758 kB | 20 kB
Progress (4): 2.0 MB | 422 kB | 762 kB | 20 kB
Progress (4): 2.0 MB | 422 kB | 766 kB | 20 kB
Progress (4): 2.0 MB | 422 kB | 770 kB | 20 kB
Progress (4): 2.0 MB | 422 kB | 774 kB | 20 kB
Progress (4): 2.0 MB | 422 kB | 778 kB | 20 kB
Progress (4): 2.0 MB | 422 kB | 782 kB | 20 kB
Progress (4): 2.0 MB | 422 kB | 786 kB | 20 kB
Progress (4): 2.0 MB | 422 kB | 790 kB | 20 kB
Progress (4): 2.0 MB | 422 kB | 794 kB | 20 kB
Progress (4): 2.0 MB | 422 kB | 798 kB | 20 kB
Progress (4): 2.0 MB | 422 kB | 803 kB | 20 kB
Progress (4): 2.0 MB | 422 kB | 807 kB | 20 kB
Progress (4): 2.0 MB | 422 kB | 811 kB | 20 kB
Progress (4): 2.0 MB | 422 kB | 815 kB | 20 kB
Progress (4): 2.0 MB | 422 kB | 819 kB | 20 kB
Progress (4): 2.0 MB | 422 kB | 823 kB | 20 kB
Progress (4): 2.0 MB | 422 kB | 827 kB | 20 kB
Progress (4): 2.0 MB | 422 kB | 831 kB | 20 kB
Progress (4): 2.0 MB | 422 kB | 835 kB | 20 kB
Progress (4): 2.0 MB | 422 kB | 839 kB | 20 kB
Progress (4): 2.0 MB | 422 kB | 844 kB | 20 kB
Progress (4): 2.0 MB | 422 kB | 848 kB | 20 kB
Progress (4): 2.0 MB | 422 kB | 852 kB | 20 kB
Progress (4): 2.0 MB | 422 kB | 856 kB | 20 kB
Progress (4): 2.0 MB | 422 kB | 860 kB | 20 kB
Progress (4): 2.0 MB | 422 kB | 864 kB | 20 kB
Progress (4): 2.0 MB | 422 kB | 868 kB | 20 kB
Progress (4): 2.0 MB | 422 kB | 872 kB | 20 kB
Progress (4): 2.0 MB | 422 kB | 876 kB | 20 kB
Progress (4): 2.0 MB | 422 kB | 880 kB | 20 kB
Progress (4): 2.0 MB | 422 kB | 884 kB | 20 kB
Progress (4): 2.0 MB | 422 kB | 889 kB | 20 kB
Progress (4): 2.0 MB | 422 kB | 893 kB | 20 kB
Progress (4): 2.0 MB | 422 kB | 897 kB | 20 kB
Progress (4): 2.0 MB | 422 kB | 901 kB | 20 kB
Progress (4): 2.0 MB | 422 kB | 905 kB | 20 kB
Progress (4): 2.0 MB | 422 kB | 907 kB | 20 kB
                                              
Downloaded from aiban-tianyin-core: https://aiban-maven.pkg.coding.net/repository/tianyin/core/org/glassfish/jaxb/xsom/2.3.5/xsom-2.3.5.jar (422 kB at 138 kB/s)
Downloading from aiban-tianyin-core: https://aiban-maven.pkg.coding.net/repository/tianyin/core/com/sun/xml/bind/external/rngom/2.3.5/rngom-2.3.5.jar
Downloaded from aiban-tianyin-core: https://aiban-maven.pkg.coding.net/repository/tianyin/core/com/sun/xml/bind/external/relaxng-datatype/2.3.5/relaxng-datatype-2.3.5.jar (20 kB at 6.4 kB/s)
Downloaded from aiban-tianyin-core: https://aiban-maven.pkg.coding.net/repository/tianyin/core/com/sun/xml/bind/jaxb-xjc/2.3.1/jaxb-xjc-2.3.1.jar (2.0 MB at 638 kB/s)
Downloading from aiban-tianyin-core: https://aiban-maven.pkg.coding.net/repository/tianyin/core/com/sun/xml/dtd-parser/dtd-parser/1.4/dtd-parser-1.4.jar
Downloading from aiban-tianyin-core: https://aiban-maven.pkg.coding.net/repository/tianyin/core/org/apache/axis2/axis2-json/1.8.0/axis2-json-1.8.0.jar
Downloaded from aiban-tianyin-core: https://aiban-maven.pkg.coding.net/repository/tianyin/core/org/glassfish/jaxb/jaxb-xjc/2.3.5/jaxb-xjc-2.3.5.jar (907 kB at 280 kB/s)
Downloading from aiban-tianyin-core: https://aiban-maven.pkg.coding.net/repository/tianyin/core/org/codehaus/jettison/jettison/1.4.1/jettison-1.4.1.jar
Progress (1): 4.0 kB
Progress (1): 8.1 kB
Progress (1): 11 kB 
Progress (2): 11 kB | 4.0 kB
Progress (2): 11 kB | 6.9 kB
Progress (2): 11 kB | 9.7 kB
Progress (2): 11 kB | 13 kB 
Progress (2): 11 kB | 15 kB
Progress (2): 11 kB | 18 kB
Progress (2): 11 kB | 21 kB
Progress (2): 11 kB | 25 kB
Progress (2): 11 kB | 29 kB
Progress (2): 11 kB | 33 kB
Progress (2): 11 kB | 36 kB
Progress (2): 11 kB | 39 kB
Progress (2): 11 kB | 42 kB
Progress (2): 11 kB | 46 kB
Progress (2): 11 kB | 50 kB
Progress (2): 11 kB | 53 kB
Progress (2): 11 kB | 57 kB
Progress (2): 11 kB | 61 kB
Progress (2): 14 kB | 61 kB
Progress (2): 14 kB | 65 kB
Progress (2): 17 kB | 65 kB
Progress (2): 17 kB | 69 kB
Progress (2): 21 kB | 69 kB
Progress (2): 21 kB | 74 kB
Progress (2): 25 kB | 74 kB
Progress (2): 28 kB | 74 kB
Progress (2): 31 kB | 74 kB
Progress (2): 31 kB | 77 kB
Progress (2): 31 kB | 81 kB
Progress (2): 31 kB | 85 kB
Progress (2): 31 kB | 89 kB
Progress (2): 31 kB | 92 kB
Progress (2): 35 kB | 92 kB
Progress (2): 35 kB | 95 kB
Progress (2): 38 kB | 95 kB
Progress (2): 38 kB | 99 kB
Progress (2): 38 kB | 103 kB
Progress (2): 38 kB | 106 kB
Progress (2): 38 kB | 110 kB
Progress (2): 38 kB | 114 kB
Progress (2): 38 kB | 118 kB
Progress (2): 38 kB | 122 kB
Progress (2): 38 kB | 124 kB
Progress (2): 38 kB | 127 kB
Progress (2): 38 kB | 130 kB
Progress (2): 38 kB | 133 kB
Progress (2): 38 kB | 136 kB
Progress (2): 38 kB | 140 kB
Progress (2): 38 kB | 144 kB
Progress (2): 38 kB | 148 kB
Progress (2): 38 kB | 152 kB
Progress (2): 41 kB | 152 kB
Progress (2): 41 kB | 155 kB
Progress (2): 44 kB | 155 kB
Progress (2): 44 kB | 159 kB
Progress (2): 46 kB | 159 kB
Progress (2): 46 kB | 162 kB
Progress (2): 49 kB | 162 kB
Progress (2): 49 kB | 163 kB
Progress (2): 51 kB | 163 kB
Progress (2): 56 kB | 163 kB
Progress (2): 59 kB | 163 kB
Progress (3): 59 kB | 163 kB | 4.0 kB
Progress (3): 60 kB | 163 kB | 4.0 kB
Progress (3): 60 kB | 163 kB | 8.1 kB
Progress (3): 60 kB | 163 kB | 12 kB 
Progress (3): 60 kB | 163 kB | 15 kB
Progress (3): 60 kB | 163 kB | 18 kB
Progress (3): 60 kB | 163 kB | 21 kB
Progress (3): 60 kB | 163 kB | 25 kB
Progress (3): 60 kB | 163 kB | 29 kB
Progress (3): 60 kB | 163 kB | 33 kB
Progress (3): 60 kB | 163 kB | 37 kB
Progress (3): 60 kB | 163 kB | 41 kB
Progress (3): 60 kB | 163 kB | 44 kB
Progress (3): 60 kB | 163 kB | 48 kB
Progress (3): 60 kB | 163 kB | 52 kB
Progress (3): 60 kB | 163 kB | 56 kB
Progress (3): 60 kB | 163 kB | 59 kB
Progress (3): 60 kB | 163 kB | 63 kB
Progress (3): 60 kB | 163 kB | 67 kB
Progress (3): 60 kB | 163 kB | 70 kB
Progress (3): 60 kB | 163 kB | 73 kB
Progress (3): 60 kB | 163 kB | 75 kB
Progress (3): 60 kB | 163 kB | 79 kB
Progress (3): 60 kB | 163 kB | 84 kB
Progress (3): 60 kB | 163 kB | 88 kB
Progress (3): 60 kB | 163 kB | 91 kB
Progress (3): 60 kB | 163 kB | 94 kB
Progress (3): 60 kB | 163 kB | 97 kB
Progress (3): 60 kB | 163 kB | 100 kB
Progress (3): 60 kB | 163 kB | 102 kB
Progress (3): 60 kB | 163 kB | 106 kB
Progress (3): 60 kB | 163 kB | 110 kB
Progress (3): 60 kB | 163 kB | 114 kB
Progress (3): 60 kB | 163 kB | 118 kB
Progress (3): 60 kB | 163 kB | 122 kB
Progress (3): 60 kB | 163 kB | 127 kB
Progress (3): 60 kB | 163 kB | 131 kB
Progress (3): 60 kB | 163 kB | 133 kB
Progress (3): 60 kB | 163 kB | 136 kB
Progress (3): 60 kB | 163 kB | 139 kB
Progress (3): 60 kB | 163 kB | 143 kB
Progress (3): 60 kB | 163 kB | 147 kB
Progress (3): 60 kB | 163 kB | 151 kB
Progress (3): 60 kB | 163 kB | 155 kB
Progress (3): 60 kB | 163 kB | 159 kB
Progress (3): 60 kB | 163 kB | 163 kB
Progress (3): 60 kB | 163 kB | 166 kB
Progress (3): 60 kB | 163 kB | 168 kB
Progress (3): 60 kB | 163 kB | 171 kB
Progress (3): 60 kB | 163 kB | 174 kB
Progress (3): 60 kB | 163 kB | 178 kB
Progress (3): 60 kB | 163 kB | 182 kB
Progress (3): 60 kB | 163 kB | 186 kB
Progress (3): 60 kB | 163 kB | 190 kB
Progress (3): 60 kB | 163 kB | 194 kB
Progress (3): 60 kB | 163 kB | 198 kB
Progress (3): 60 kB | 163 kB | 201 kB
Progress (3): 60 kB | 163 kB | 203 kB
Progress (3): 60 kB | 163 kB | 206 kB
Progress (3): 60 kB | 163 kB | 209 kB
Progress (3): 60 kB | 163 kB | 213 kB
Progress (3): 60 kB | 163 kB | 217 kB
Progress (3): 60 kB | 163 kB | 221 kB
Progress (3): 60 kB | 163 kB | 225 kB
Progress (3): 60 kB | 163 kB | 229 kB
Progress (3): 60 kB | 163 kB | 233 kB
Progress (3): 60 kB | 163 kB | 236 kB
Progress (3): 60 kB | 163 kB | 239 kB
Progress (3): 60 kB | 163 kB | 241 kB
Progress (3): 60 kB | 163 kB | 245 kB
Progress (3): 60 kB | 163 kB | 249 kB
Progress (3): 60 kB | 163 kB | 253 kB
Progress (3): 60 kB | 163 kB | 257 kB
Progress (3): 60 kB | 163 kB | 261 kB
Progress (3): 60 kB | 163 kB | 265 kB
Progress (3): 60 kB | 163 kB | 269 kB
Progress (3): 60 kB | 163 kB | 273 kB
Progress (3): 60 kB | 163 kB | 276 kB
Progress (3): 60 kB | 163 kB | 279 kB
Progress (3): 60 kB | 163 kB | 283 kB
Progress (3): 60 kB | 163 kB | 287 kB
Progress (3): 60 kB | 163 kB | 290 kB
Progress (3): 60 kB | 163 kB | 293 kB
Progress (3): 60 kB | 163 kB | 296 kB
Progress (3): 60 kB | 163 kB | 300 kB
Progress (3): 60 kB | 163 kB | 304 kB
Progress (3): 60 kB | 163 kB | 308 kB
Progress (3): 60 kB | 163 kB | 312 kB
Progress (3): 60 kB | 163 kB | 316 kB
Progress (3): 60 kB | 163 kB | 319 kB
Progress (3): 60 kB | 163 kB | 320 kB
Progress (4): 60 kB | 163 kB | 320 kB | 4.0 kB
Progress (4): 60 kB | 163 kB | 320 kB | 8.1 kB
Progress (4): 60 kB | 163 kB | 320 kB | 11 kB 
Progress (4): 60 kB | 163 kB | 320 kB | 15 kB
Progress (4): 60 kB | 163 kB | 320 kB | 19 kB
Progress (4): 60 kB | 163 kB | 320 kB | 23 kB
Progress (4): 60 kB | 163 kB | 320 kB | 27 kB
Progress (4): 60 kB | 163 kB | 320 kB | 29 kB
Progress (4): 60 kB | 163 kB | 320 kB | 32 kB
Progress (4): 60 kB | 163 kB | 320 kB | 35 kB
Progress (4): 60 kB | 163 kB | 320 kB | 39 kB
Progress (4): 60 kB | 163 kB | 320 kB | 42 kB
Progress (4): 60 kB | 163 kB | 320 kB | 45 kB
Progress (4): 60 kB | 163 kB | 320 kB | 49 kB
Progress (4): 60 kB | 163 kB | 320 kB | 53 kB
Progress (4): 60 kB | 163 kB | 320 kB | 56 kB
Progress (4): 60 kB | 163 kB | 320 kB | 60 kB
Progress (4): 60 kB | 163 kB | 320 kB | 64 kB
Progress (4): 60 kB | 163 kB | 320 kB | 68 kB
Progress (4): 60 kB | 163 kB | 320 kB | 72 kB
Progress (4): 60 kB | 163 kB | 320 kB | 76 kB
Progress (4): 60 kB | 163 kB | 320 kB | 80 kB
Progress (4): 60 kB | 163 kB | 320 kB | 85 kB
Progress (4): 60 kB | 163 kB | 320 kB | 88 kB
                                             
Downloaded from aiban-tianyin-core: https://aiban-maven.pkg.coding.net/repository/tianyin/core/org/glassfish/jaxb/codemodel/2.3.5/codemodel-2.3.5.jar (163 kB at 45 kB/s)
Downloading from aiban-tianyin-core: https://aiban-maven.pkg.coding.net/repository/tianyin/core/com/squareup/moshi/moshi/1.12.0/moshi-1.12.0.jar
Downloaded from aiban-tianyin-core: https://aiban-maven.pkg.coding.net/repository/tianyin/core/com/sun/xml/dtd-parser/dtd-parser/1.4/dtd-parser-1.4.jar (60 kB at 16 kB/s)
Downloading from aiban-tianyin-core: https://aiban-maven.pkg.coding.net/repository/tianyin/core/org/jetbrains/kotlin/kotlin-stdlib/1.6.0/kotlin-stdlib-1.6.0.jar
Downloaded from aiban-tianyin-core: https://aiban-maven.pkg.coding.net/repository/tianyin/core/com/sun/xml/bind/external/rngom/2.3.5/rngom-2.3.5.jar (320 kB at 87 kB/s)
Downloading from aiban-tianyin-core: https://aiban-maven.pkg.coding.net/repository/tianyin/core/com/squareup/moshi/moshi-adapters/1.12.0/moshi-adapters-1.12.0.jar
Progress (2): 88 kB | 2.6 kB
Progress (2): 88 kB | 6.7 kB
Progress (2): 88 kB | 11 kB 
Progress (2): 88 kB | 15 kB
Progress (2): 88 kB | 19 kB
Progress (2): 88 kB | 23 kB
Progress (2): 88 kB | 27 kB
Progress (2): 88 kB | 31 kB
Progress (2): 88 kB | 35 kB
Progress (2): 88 kB | 38 kB
Progress (2): 88 kB | 42 kB
Progress (2): 88 kB | 45 kB
Progress (2): 88 kB | 47 kB
Progress (2): 88 kB | 50 kB
Progress (2): 88 kB | 54 kB
Progress (2): 88 kB | 58 kB
Progress (2): 88 kB | 61 kB
Progress (2): 88 kB | 66 kB
Progress (2): 88 kB | 70 kB
Progress (2): 88 kB | 74 kB
Progress (2): 88 kB | 78 kB
Progress (2): 88 kB | 82 kB
Progress (2): 88 kB | 86 kB
Progress (2): 88 kB | 90 kB
Progress (2): 88 kB | 94 kB
Progress (2): 88 kB | 97 kB
Progress (2): 88 kB | 100 kB
Progress (2): 88 kB | 102 kB
Progress (2): 88 kB | 106 kB
Progress (2): 88 kB | 109 kB
Progress (2): 88 kB | 113 kB
Progress (2): 88 kB | 117 kB
Progress (2): 88 kB | 121 kB
Progress (2): 88 kB | 125 kB
Progress (2): 88 kB | 129 kB
Progress (2): 88 kB | 133 kB
Progress (2): 88 kB | 137 kB
Progress (2): 88 kB | 141 kB
Progress (2): 88 kB | 144 kB
Progress (2): 88 kB | 148 kB
Progress (2): 88 kB | 151 kB
Progress (2): 88 kB | 152 kB
                            
Downloaded from aiban-tianyin-core: https://aiban-maven.pkg.coding.net/repository/tianyin/core/org/codehaus/jettison/jettison/1.4.1/jettison-1.4.1.jar (88 kB at 23 kB/s)
Downloading from aiban-tianyin-core: https://aiban-maven.pkg.coding.net/repository/tianyin/core/org/jetbrains/kotlin/kotlin-stdlib-common/1.6.0/kotlin-stdlib-common-1.6.0.jar
Progress (2): 152 kB | 4.0 kB
Progress (2): 152 kB | 6.9 kB
Progress (2): 152 kB | 9.7 kB
Progress (2): 152 kB | 13 kB 
Progress (2): 152 kB | 17 kB
Progress (2): 152 kB | 19 kB
Progress (2): 152 kB | 23 kB
Progress (2): 152 kB | 28 kB
Progress (2): 152 kB | 32 kB
Progress (2): 152 kB | 36 kB
Progress (2): 152 kB | 39 kB
Progress (2): 152 kB | 43 kB
Progress (2): 152 kB | 47 kB
Progress (2): 152 kB | 51 kB
Progress (2): 152 kB | 55 kB
Progress (2): 152 kB | 59 kB
Progress (2): 152 kB | 63 kB
Progress (2): 152 kB | 67 kB
Progress (2): 152 kB | 70 kB
Progress (2): 152 kB | 72 kB
Progress (3): 152 kB | 72 kB | 2.6 kB
Progress (3): 152 kB | 72 kB | 6.7 kB
Progress (3): 152 kB | 72 kB | 11 kB 
Progress (3): 152 kB | 72 kB | 14 kB
Progress (3): 152 kB | 75 kB | 14 kB
Progress (3): 152 kB | 79 kB | 14 kB
Progress (3): 152 kB | 82 kB | 14 kB
Progress (3): 152 kB | 87 kB | 14 kB
Progress (3): 152 kB | 90 kB | 14 kB
Progress (3): 152 kB | 91 kB | 14 kB
Progress (3): 152 kB | 91 kB | 17 kB
Progress (3): 152 kB | 91 kB | 21 kB
Progress (3): 152 kB | 91 kB | 25 kB
Progress (3): 152 kB | 91 kB | 28 kB
Progress (3): 152 kB | 91 kB | 32 kB
Progress (3): 152 kB | 91 kB | 36 kB
Progress (3): 152 kB | 91 kB | 40 kB
Progress (3): 152 kB | 91 kB | 44 kB
Progress (3): 152 kB | 91 kB | 46 kB
Progress (3): 152 kB | 91 kB | 50 kB
Progress (3): 152 kB | 91 kB | 54 kB
Progress (3): 152 kB | 91 kB | 57 kB
Progress (3): 152 kB | 91 kB | 61 kB
Progress (3): 152 kB | 91 kB | 64 kB
Progress (3): 152 kB | 91 kB | 67 kB
Progress (3): 152 kB | 91 kB | 71 kB
Progress (3): 152 kB | 91 kB | 74 kB
Progress (3): 152 kB | 91 kB | 77 kB
Progress (3): 152 kB | 91 kB | 80 kB
Progress (3): 152 kB | 91 kB | 83 kB
Progress (3): 152 kB | 91 kB | 87 kB
Progress (3): 152 kB | 91 kB | 90 kB
Progress (3): 152 kB | 91 kB | 92 kB
Progress (3): 152 kB | 91 kB | 95 kB
Progress (3): 152 kB | 91 kB | 99 kB
Progress (3): 152 kB | 91 kB | 102 kB
Progress (3): 152 kB | 91 kB | 105 kB
Progress (3): 152 kB | 91 kB | 109 kB
Progress (3): 152 kB | 91 kB | 112 kB
Progress (3): 152 kB | 91 kB | 116 kB
Progress (3): 152 kB | 91 kB | 120 kB
Progress (3): 152 kB | 91 kB | 124 kB
Progress (3): 152 kB | 91 kB | 128 kB
Progress (3): 152 kB | 91 kB | 132 kB
Progress (3): 152 kB | 91 kB | 134 kB
Progress (3): 152 kB | 91 kB | 138 kB
Progress (3): 152 kB | 91 kB | 142 kB
Progress (3): 152 kB | 91 kB | 146 kB
Progress (3): 152 kB | 91 kB | 148 kB
Progress (3): 152 kB | 91 kB | 153 kB
Progress (3): 152 kB | 91 kB | 157 kB
Progress (3): 152 kB | 91 kB | 161 kB
Progress (3): 152 kB | 91 kB | 164 kB
Progress (3): 152 kB | 91 kB | 167 kB
Progress (3): 152 kB | 91 kB | 171 kB
Progress (3): 152 kB | 91 kB | 175 kB
Progress (3): 152 kB | 91 kB | 178 kB
Progress (3): 152 kB | 91 kB | 182 kB
Progress (3): 152 kB | 91 kB | 186 kB
Progress (3): 152 kB | 91 kB | 190 kB
Progress (3): 152 kB | 91 kB | 194 kB
Progress (3): 152 kB | 91 kB | 198 kB
Progress (3): 152 kB | 91 kB | 201 kB
Progress (3): 152 kB | 91 kB | 203 kB
Progress (3): 152 kB | 91 kB | 207 kB
Progress (3): 152 kB | 91 kB | 210 kB
Progress (3): 152 kB | 91 kB | 213 kB
Progress (3): 152 kB | 91 kB | 217 kB
Progress (3): 152 kB | 91 kB | 220 kB
Progress (3): 152 kB | 91 kB | 224 kB
Progress (3): 152 kB | 91 kB | 228 kB
Progress (3): 152 kB | 91 kB | 232 kB
Progress (3): 152 kB | 91 kB | 236 kB
Progress (3): 152 kB | 91 kB | 239 kB
Progress (3): 152 kB | 91 kB | 241 kB
Progress (3): 152 kB | 91 kB | 244 kB
Progress (3): 152 kB | 91 kB | 248 kB
Progress (3): 152 kB | 91 kB | 252 kB
Progress (3): 152 kB | 91 kB | 256 kB
Progress (3): 152 kB | 91 kB | 260 kB
Progress (3): 152 kB | 91 kB | 262 kB
Progress (3): 152 kB | 91 kB | 265 kB
Progress (3): 152 kB | 91 kB | 269 kB
Progress (3): 152 kB | 91 kB | 272 kB
Progress (3): 152 kB | 91 kB | 276 kB
Progress (3): 152 kB | 91 kB | 279 kB
Progress (3): 152 kB | 91 kB | 282 kB
Progress (3): 152 kB | 91 kB | 284 kB
Progress (3): 152 kB | 91 kB | 288 kB
Progress (3): 152 kB | 91 kB | 293 kB
Progress (3): 152 kB | 91 kB | 297 kB
Progress (3): 152 kB | 91 kB | 301 kB
Progress (3): 152 kB | 91 kB | 305 kB
Progress (3): 152 kB | 91 kB | 309 kB
Progress (3): 152 kB | 91 kB | 313 kB
Progress (3): 152 kB | 91 kB | 317 kB
Progress (3): 152 kB | 91 kB | 319 kB
Progress (3): 152 kB | 91 kB | 322 kB
Progress (3): 152 kB | 91 kB | 325 kB
Progress (3): 152 kB | 91 kB | 329 kB
Progress (3): 152 kB | 91 kB | 333 kB
Progress (3): 152 kB | 91 kB | 337 kB
Progress (3): 152 kB | 91 kB | 341 kB
Progress (3): 152 kB | 91 kB | 344 kB
Progress (3): 152 kB | 91 kB | 348 kB
Progress (3): 152 kB | 91 kB | 352 kB
Progress (3): 152 kB | 91 kB | 356 kB
Progress (3): 152 kB | 91 kB | 359 kB
Progress (3): 152 kB | 91 kB | 363 kB
Progress (3): 152 kB | 91 kB | 366 kB
Progress (3): 152 kB | 91 kB | 370 kB
Progress (3): 152 kB | 91 kB | 374 kB
Progress (3): 152 kB | 91 kB | 378 kB
Progress (3): 152 kB | 91 kB | 382 kB
Progress (3): 152 kB | 91 kB | 386 kB
Progress (3): 152 kB | 91 kB | 388 kB
Progress (3): 152 kB | 91 kB | 393 kB
Progress (3): 152 kB | 91 kB | 397 kB
Progress (3): 152 kB | 91 kB | 400 kB
Progress (3): 152 kB | 91 kB | 403 kB
Progress (3): 152 kB | 91 kB | 406 kB
Progress (3): 152 kB | 91 kB | 408 kB
Progress (3): 152 kB | 91 kB | 411 kB
Progress (3): 152 kB | 91 kB | 413 kB
Progress (3): 152 kB | 91 kB | 417 kB
Progress (3): 152 kB | 91 kB | 422 kB
Progress (3): 152 kB | 91 kB | 426 kB
Progress (3): 152 kB | 91 kB | 430 kB
Progress (3): 152 kB | 91 kB | 434 kB
Progress (3): 152 kB | 91 kB | 438 kB
Progress (3): 152 kB | 91 kB | 442 kB
Progress (3): 152 kB | 91 kB | 446 kB
Progress (3): 152 kB | 91 kB | 450 kB
Progress (3): 152 kB | 91 kB | 453 kB
Progress (3): 152 kB | 91 kB | 457 kB
Progress (3): 152 kB | 91 kB | 460 kB
Progress (3): 152 kB | 91 kB | 463 kB
Progress (3): 152 kB | 91 kB | 467 kB
Progress (3): 152 kB | 91 kB | 470 kB
Progress (3): 152 kB | 91 kB | 473 kB
Progress (3): 152 kB | 91 kB | 477 kB
Progress (3): 152 kB | 91 kB | 480 kB
Progress (3): 152 kB | 91 kB | 482 kB
Progress (3): 152 kB | 91 kB | 487 kB
Progress (3): 152 kB | 91 kB | 491 kB
Progress (3): 152 kB | 91 kB | 495 kB
Progress (3): 152 kB | 91 kB | 497 kB
Progress (3): 152 kB | 91 kB | 500 kB
Progress (3): 152 kB | 91 kB | 504 kB
Progress (3): 152 kB | 91 kB | 507 kB
Progress (3): 152 kB | 91 kB | 510 kB
Progress (3): 152 kB | 91 kB | 514 kB
Progress (3): 152 kB | 91 kB | 518 kB
Progress (3): 152 kB | 91 kB | 522 kB
Progress (3): 152 kB | 91 kB | 526 kB
Progress (3): 152 kB | 91 kB | 531 kB
Progress (3): 152 kB | 91 kB | 535 kB
Progress (3): 152 kB | 91 kB | 539 kB
Progress (3): 152 kB | 91 kB | 543 kB
Progress (3): 152 kB | 91 kB | 547 kB
Progress (3): 152 kB | 91 kB | 551 kB
Progress (3): 152 kB | 91 kB | 555 kB
Progress (3): 152 kB | 91 kB | 559 kB
Progress (3): 152 kB | 91 kB | 563 kB
Progress (3): 152 kB | 91 kB | 567 kB
Progress (3): 152 kB | 91 kB | 572 kB
Progress (3): 152 kB | 91 kB | 576 kB
Progress (3): 152 kB | 91 kB | 580 kB
Progress (3): 152 kB | 91 kB | 584 kB
Progress (3): 152 kB | 91 kB | 588 kB
Progress (3): 152 kB | 91 kB | 592 kB
Progress (3): 152 kB | 91 kB | 596 kB
Progress (3): 152 kB | 91 kB | 600 kB
Progress (3): 152 kB | 91 kB | 604 kB
Progress (3): 152 kB | 91 kB | 608 kB
Progress (3): 152 kB | 91 kB | 612 kB
Progress (3): 152 kB | 91 kB | 617 kB
Progress (3): 152 kB | 91 kB | 621 kB
Progress (3): 152 kB | 91 kB | 625 kB
Progress (3): 152 kB | 91 kB | 629 kB
Progress (3): 152 kB | 91 kB | 633 kB
Progress (3): 152 kB | 91 kB | 637 kB
Progress (3): 152 kB | 91 kB | 641 kB
Progress (3): 152 kB | 91 kB | 645 kB
Progress (3): 152 kB | 91 kB | 649 kB
Progress (3): 152 kB | 91 kB | 653 kB
Progress (3): 152 kB | 91 kB | 658 kB
Progress (3): 152 kB | 91 kB | 662 kB
Progress (3): 152 kB | 91 kB | 666 kB
Progress (3): 152 kB | 91 kB | 670 kB
Progress (3): 152 kB | 91 kB | 674 kB
Progress (3): 152 kB | 91 kB | 678 kB
Progress (3): 152 kB | 91 kB | 682 kB
Progress (3): 152 kB | 91 kB | 686 kB
Progress (3): 152 kB | 91 kB | 690 kB
Progress (3): 152 kB | 91 kB | 694 kB
Progress (3): 152 kB | 91 kB | 699 kB
Progress (3): 152 kB | 91 kB | 703 kB
Progress (3): 152 kB | 91 kB | 707 kB
Progress (3): 152 kB | 91 kB | 711 kB
Progress (3): 152 kB | 91 kB | 715 kB
Progress (3): 152 kB | 91 kB | 719 kB
Progress (3): 152 kB | 91 kB | 723 kB
Progress (4): 152 kB | 91 kB | 723 kB | 4.1 kB
Progress (4): 152 kB | 91 kB | 727 kB | 4.1 kB
Progress (4): 152 kB | 91 kB | 727 kB | 8.2 kB
Progress (4): 152 kB | 91 kB | 727 kB | 11 kB 
Progress (4): 152 kB | 91 kB | 727 kB | 14 kB
Progress (4): 152 kB | 91 kB | 731 kB | 14 kB
Progress (4): 152 kB | 91 kB | 735 kB | 14 kB
Progress (4): 152 kB | 91 kB | 739 kB | 14 kB
Progress (4): 152 kB | 91 kB | 744 kB | 14 kB
Progress (4): 152 kB | 91 kB | 748 kB | 14 kB
Progress (4): 152 kB | 91 kB | 748 kB | 18 kB
Progress (4): 152 kB | 91 kB | 748 kB | 22 kB
Progress (4): 152 kB | 91 kB | 748 kB | 26 kB
Progress (4): 152 kB | 91 kB | 748 kB | 30 kB
Progress (4): 152 kB | 91 kB | 752 kB | 30 kB
Progress (4): 152 kB | 91 kB | 752 kB | 34 kB
Progress (4): 152 kB | 91 kB | 756 kB | 34 kB
Progress (4): 152 kB | 91 kB | 756 kB | 38 kB
Progress (4): 152 kB | 91 kB | 760 kB | 38 kB
Progress (4): 152 kB | 91 kB | 764 kB | 38 kB
Progress (4): 152 kB | 91 kB | 768 kB | 38 kB
Progress (4): 152 kB | 91 kB | 770 kB | 38 kB
Progress (4): 152 kB | 91 kB | 774 kB | 38 kB
Progress (4): 152 kB | 91 kB | 777 kB | 38 kB
Progress (4): 152 kB | 91 kB | 780 kB | 38 kB
Progress (4): 152 kB | 91 kB | 780 kB | 41 kB
Progress (4): 152 kB | 91 kB | 784 kB | 41 kB
Progress (4): 152 kB | 91 kB | 784 kB | 45 kB
Progress (4): 152 kB | 91 kB | 788 kB | 45 kB
Progress (4): 152 kB | 91 kB | 788 kB | 49 kB
Progress (4): 152 kB | 91 kB | 788 kB | 53 kB
Progress (4): 152 kB | 91 kB | 788 kB | 57 kB
Progress (4): 152 kB | 91 kB | 788 kB | 60 kB
Progress (4): 152 kB | 91 kB | 788 kB | 63 kB
Progress (4): 152 kB | 91 kB | 788 kB | 66 kB
Progress (5): 152 kB | 91 kB | 788 kB | 66 kB | 4.1 kB
Progress (5): 152 kB | 91 kB | 792 kB | 66 kB | 4.1 kB
Progress (5): 152 kB | 91 kB | 792 kB | 66 kB | 8.2 kB
Progress (5): 152 kB | 91 kB | 792 kB | 70 kB | 8.2 kB
Progress (5): 152 kB | 91 kB | 792 kB | 70 kB | 12 kB 
Progress (5): 152 kB | 91 kB | 797 kB | 70 kB | 12 kB
Progress (5): 152 kB | 91 kB | 801 kB | 70 kB | 12 kB
Progress (5): 152 kB | 91 kB | 805 kB | 70 kB | 12 kB
                                                     
Downloaded from aiban-tianyin-core: https://aiban-maven.pkg.coding.net/repository/tianyin/core/com/squareup/moshi/moshi/1.12.0/moshi-1.12.0.jar (152 kB at 38 kB/s)
Progress (4): 91 kB | 805 kB | 70 kB | 14 kB
Progress (4): 91 kB | 805 kB | 73 kB | 14 kB
Progress (4): 91 kB | 805 kB | 75 kB | 14 kB
Progress (4): 91 kB | 809 kB | 75 kB | 14 kB
Progress (4): 91 kB | 809 kB | 79 kB | 14 kB
                                            
Downloading from aiban-tianyin-core: https://aiban-maven.pkg.coding.net/repository/tianyin/core/org/apache/axis2/axis2-metadata/1.8.0/axis2-metadata-1.8.0.jar
Progress (4): 91 kB | 809 kB | 84 kB | 14 kB
Progress (4): 91 kB | 809 kB | 88 kB | 14 kB
Progress (4): 91 kB | 809 kB | 91 kB | 14 kB
Progress (4): 91 kB | 809 kB | 95 kB | 14 kB
Progress (4): 91 kB | 809 kB | 98 kB | 14 kB
Progress (4): 91 kB | 813 kB | 98 kB | 14 kB
Progress (4): 91 kB | 817 kB | 98 kB | 14 kB
Progress (4): 91 kB | 821 kB | 98 kB | 14 kB
Progress (4): 91 kB | 825 kB | 98 kB | 14 kB
Progress (4): 91 kB | 829 kB | 98 kB | 14 kB
Progress (4): 91 kB | 829 kB | 101 kB | 14 kB
Progress (4): 91 kB | 831 kB | 101 kB | 14 kB
Progress (4): 91 kB | 831 kB | 103 kB | 14 kB
Progress (4): 91 kB | 834 kB | 103 kB | 14 kB
Progress (4): 91 kB | 834 kB | 106 kB | 14 kB
Progress (4): 91 kB | 837 kB | 106 kB | 14 kB
Progress (4): 91 kB | 841 kB | 106 kB | 14 kB
Progress (4): 91 kB | 845 kB | 106 kB | 14 kB
Progress (4): 91 kB | 849 kB | 106 kB | 14 kB
Progress (4): 91 kB | 849 kB | 110 kB | 14 kB
Progress (4): 91 kB | 854 kB | 110 kB | 14 kB
Progress (4): 91 kB | 858 kB | 110 kB | 14 kB
Progress (4): 91 kB | 862 kB | 110 kB | 14 kB
Progress (4): 91 kB | 866 kB | 110 kB | 14 kB
Progress (4): 91 kB | 870 kB | 110 kB | 14 kB
Progress (4): 91 kB | 874 kB | 110 kB | 14 kB
Progress (4): 91 kB | 878 kB | 110 kB | 14 kB
Progress (4): 91 kB | 882 kB | 110 kB | 14 kB
Progress (4): 91 kB | 886 kB | 110 kB | 14 kB
Progress (4): 91 kB | 890 kB | 110 kB | 14 kB
Progress (4): 91 kB | 894 kB | 110 kB | 14 kB
Progress (4): 91 kB | 897 kB | 110 kB | 14 kB
Progress (4): 91 kB | 900 kB | 110 kB | 14 kB
Progress (4): 91 kB | 903 kB | 110 kB | 14 kB
Progress (4): 91 kB | 907 kB | 110 kB | 14 kB
Progress (4): 91 kB | 911 kB | 110 kB | 14 kB
Progress (4): 91 kB | 915 kB | 110 kB | 14 kB
Progress (4): 91 kB | 919 kB | 110 kB | 14 kB
Progress (4): 91 kB | 923 kB | 110 kB | 14 kB
Progress (4): 91 kB | 927 kB | 110 kB | 14 kB
Progress (4): 91 kB | 931 kB | 110 kB | 14 kB
Progress (4): 91 kB | 935 kB | 110 kB | 14 kB
Progress (4): 91 kB | 939 kB | 110 kB | 14 kB
Progress (4): 91 kB | 944 kB | 110 kB | 14 kB
Progress (4): 91 kB | 948 kB | 110 kB | 14 kB
Progress (4): 91 kB | 952 kB | 110 kB | 14 kB
Progress (4): 91 kB | 956 kB | 110 kB | 14 kB
Progress (4): 91 kB | 960 kB | 110 kB | 14 kB
Progress (4): 91 kB | 964 kB | 110 kB | 14 kB
Progress (4): 91 kB | 968 kB | 110 kB | 14 kB
Progress (4): 91 kB | 972 kB | 110 kB | 14 kB
Progress (4): 91 kB | 976 kB | 110 kB | 14 kB
Progress (4): 91 kB | 980 kB | 110 kB | 14 kB
Progress (4): 91 kB | 985 kB | 110 kB | 14 kB
Progress (4): 91 kB | 989 kB | 110 kB | 14 kB
Progress (4): 91 kB | 993 kB | 110 kB | 14 kB
Progress (4): 91 kB | 997 kB | 110 kB | 14 kB
Progress (4): 91 kB | 1.0 MB | 110 kB | 14 kB
Progress (4): 91 kB | 1.0 MB | 110 kB | 14 kB
Progress (4): 91 kB | 1.0 MB | 110 kB | 14 kB
Progress (4): 91 kB | 1.0 MB | 110 kB | 14 kB
Progress (4): 91 kB | 1.0 MB | 110 kB | 14 kB
Progress (4): 91 kB | 1.0 MB | 110 kB | 14 kB
Progress (4): 91 kB | 1.0 MB | 110 kB | 14 kB
Progress (4): 91 kB | 1.0 MB | 114 kB | 14 kB
Progress (4): 91 kB | 1.0 MB | 114 kB | 14 kB
Progress (4): 91 kB | 1.0 MB | 119 kB | 14 kB
Progress (4): 91 kB | 1.0 MB | 119 kB | 14 kB
Progress (4): 91 kB | 1.0 MB | 122 kB | 14 kB
Progress (4): 91 kB | 1.0 MB | 126 kB | 14 kB
Progress (4): 91 kB | 1.0 MB | 130 kB | 14 kB
Progress (4): 91 kB | 1.0 MB | 134 kB | 14 kB
Progress (4): 91 kB | 1.0 MB | 134 kB | 14 kB
Progress (4): 91 kB | 1.0 MB | 138 kB | 14 kB
Progress (4): 91 kB | 1.0 MB | 141 kB | 14 kB
Progress (4): 91 kB | 1.0 MB | 145 kB | 14 kB
Progress (4): 91 kB | 1.0 MB | 150 kB | 14 kB
Progress (4): 91 kB | 1.0 MB | 150 kB | 14 kB
Progress (4): 91 kB | 1.0 MB | 150 kB | 14 kB
Progress (4): 91 kB | 1.0 MB | 150 kB | 14 kB
Progress (4): 91 kB | 1.1 MB | 150 kB | 14 kB
Progress (4): 91 kB | 1.1 MB | 154 kB | 14 kB
Progress (4): 91 kB | 1.1 MB | 158 kB | 14 kB
Progress (4): 91 kB | 1.1 MB | 162 kB | 14 kB
Progress (4): 91 kB | 1.1 MB | 165 kB | 14 kB
Progress (4): 91 kB | 1.1 MB | 168 kB | 14 kB
Progress (4): 91 kB | 1.1 MB | 172 kB | 14 kB
Progress (4): 91 kB | 1.1 MB | 175 kB | 14 kB
Progress (4): 91 kB | 1.1 MB | 175 kB | 14 kB
Progress (4): 91 kB | 1.1 MB | 179 kB | 14 kB
Progress (4): 91 kB | 1.1 MB | 179 kB | 14 kB
Progress (4): 91 kB | 1.1 MB | 182 kB | 14 kB
Progress (4): 91 kB | 1.1 MB | 182 kB | 14 kB
Progress (4): 91 kB | 1.1 MB | 186 kB | 14 kB
Progress (4): 91 kB | 1.1 MB | 186 kB | 14 kB
Progress (4): 91 kB | 1.1 MB | 190 kB | 14 kB
Progress (4): 91 kB | 1.1 MB | 190 kB | 14 kB
Progress (4): 91 kB | 1.1 MB | 194 kB | 14 kB
Progress (4): 91 kB | 1.1 MB | 194 kB | 14 kB
Progress (4): 91 kB | 1.1 MB | 199 kB | 14 kB
Progress (4): 91 kB | 1.1 MB | 199 kB | 14 kB
Progress (4): 91 kB | 1.1 MB | 201 kB | 14 kB
Progress (4): 91 kB | 1.1 MB | 201 kB | 14 kB
Progress (4): 91 kB | 1.1 MB | 201 kB | 14 kB
Progress (4): 91 kB | 1.1 MB | 201 kB | 14 kB
Progress (4): 91 kB | 1.1 MB | 201 kB | 14 kB
Progress (4): 91 kB | 1.1 MB | 201 kB | 14 kB
Progress (4): 91 kB | 1.1 MB | 201 kB | 14 kB
Progress (4): 91 kB | 1.1 MB | 201 kB | 14 kB
Progress (4): 91 kB | 1.1 MB | 201 kB | 14 kB
Progress (4): 91 kB | 1.1 MB | 201 kB | 14 kB
Progress (4): 91 kB | 1.1 MB | 201 kB | 14 kB
Progress (4): 91 kB | 1.1 MB | 201 kB | 14 kB
Progress (4): 91 kB | 1.1 MB | 201 kB | 14 kB
Progress (4): 91 kB | 1.1 MB | 201 kB | 14 kB
Progress (4): 91 kB | 1.1 MB | 201 kB | 14 kB
Progress (4): 91 kB | 1.1 MB | 201 kB | 14 kB
Progress (4): 91 kB | 1.1 MB | 201 kB | 14 kB
Progress (4): 91 kB | 1.1 MB | 201 kB | 14 kB
Progress (4): 91 kB | 1.1 MB | 201 kB | 14 kB
Progress (4): 91 kB | 1.2 MB | 201 kB | 14 kB
Progress (4): 91 kB | 1.2 MB | 201 kB | 14 kB
Progress (4): 91 kB | 1.2 MB | 201 kB | 14 kB
Progress (4): 91 kB | 1.2 MB | 201 kB | 14 kB
Progress (4): 91 kB | 1.2 MB | 201 kB | 14 kB
Progress (4): 91 kB | 1.2 MB | 201 kB | 14 kB
Progress (4): 91 kB | 1.2 MB | 201 kB | 14 kB
Progress (4): 91 kB | 1.2 MB | 201 kB | 14 kB
Progress (4): 91 kB | 1.2 MB | 201 kB | 14 kB
Progress (4): 91 kB | 1.2 MB | 201 kB | 14 kB
Progress (4): 91 kB | 1.2 MB | 201 kB | 14 kB
Progress (4): 91 kB | 1.2 MB | 201 kB | 14 kB
Progress (4): 91 kB | 1.2 MB | 201 kB | 14 kB
Progress (4): 91 kB | 1.2 MB | 201 kB | 14 kB
Progress (4): 91 kB | 1.2 MB | 201 kB | 14 kB
Progress (4): 91 kB | 1.2 MB | 201 kB | 14 kB
Progress (4): 91 kB | 1.2 MB | 201 kB | 14 kB
Progress (4): 91 kB | 1.2 MB | 201 kB | 14 kB
Progress (4): 91 kB | 1.2 MB | 201 kB | 14 kB
Progress (4): 91 kB | 1.2 MB | 201 kB | 14 kB
Progress (4): 91 kB | 1.2 MB | 201 kB | 14 kB
Progress (4): 91 kB | 1.2 MB | 201 kB | 14 kB
Progress (4): 91 kB | 1.2 MB | 201 kB | 14 kB
Progress (4): 91 kB | 1.2 MB | 201 kB | 14 kB
Progress (4): 91 kB | 1.2 MB | 201 kB | 14 kB
Progress (4): 91 kB | 1.2 MB | 201 kB | 14 kB
Progress (4): 91 kB | 1.3 MB | 201 kB | 14 kB
Progress (4): 91 kB | 1.3 MB | 201 kB | 14 kB
Progress (4): 91 kB | 1.3 MB | 201 kB | 14 kB
Progress (4): 91 kB | 1.3 MB | 201 kB | 14 kB
Progress (4): 91 kB | 1.3 MB | 201 kB | 14 kB
Progress (4): 91 kB | 1.3 MB | 201 kB | 14 kB
Progress (4): 91 kB | 1.3 MB | 201 kB | 14 kB
Progress (4): 91 kB | 1.3 MB | 201 kB | 14 kB
Progress (4): 91 kB | 1.3 MB | 201 kB | 14 kB
Progress (4): 91 kB | 1.3 MB | 201 kB | 14 kB
Progress (4): 91 kB | 1.3 MB | 201 kB | 14 kB
Progress (4): 91 kB | 1.3 MB | 201 kB | 14 kB
Progress (4): 91 kB | 1.3 MB | 201 kB | 14 kB
Progress (4): 91 kB | 1.3 MB | 201 kB | 14 kB
Progress (4): 91 kB | 1.3 MB | 201 kB | 14 kB
Progress (4): 91 kB | 1.3 MB | 201 kB | 14 kB
Progress (4): 91 kB | 1.3 MB | 201 kB | 14 kB
Progress (4): 91 kB | 1.3 MB | 201 kB | 14 kB
Progress (4): 91 kB | 1.3 MB | 201 kB | 14 kB
Progress (4): 91 kB | 1.3 MB | 201 kB | 14 kB
Progress (4): 91 kB | 1.3 MB | 201 kB | 14 kB
Progress (4): 91 kB | 1.3 MB | 201 kB | 14 kB
Progress (4): 91 kB | 1.3 MB | 201 kB | 14 kB
Progress (4): 91 kB | 1.3 MB | 201 kB | 14 kB
Progress (4): 91 kB | 1.3 MB | 201 kB | 14 kB
Progress (4): 91 kB | 1.4 MB | 201 kB | 14 kB
Progress (4): 91 kB | 1.4 MB | 201 kB | 14 kB
Progress (4): 91 kB | 1.4 MB | 201 kB | 14 kB
Progress (4): 91 kB | 1.4 MB | 201 kB | 14 kB
Progress (4): 91 kB | 1.4 MB | 201 kB | 14 kB
Progress (4): 91 kB | 1.4 MB | 201 kB | 14 kB
Progress (4): 91 kB | 1.4 MB | 201 kB | 14 kB
Progress (4): 91 kB | 1.4 MB | 201 kB | 14 kB
Progress (4): 91 kB | 1.4 MB | 201 kB | 14 kB
Progress (4): 91 kB | 1.4 MB | 201 kB | 14 kB
Progress (4): 91 kB | 1.4 MB | 201 kB | 14 kB
Progress (4): 91 kB | 1.4 MB | 201 kB | 14 kB
Progress (4): 91 kB | 1.4 MB | 201 kB | 14 kB
Progress (4): 91 kB | 1.4 MB | 201 kB | 14 kB
Progress (4): 91 kB | 1.4 MB | 201 kB | 14 kB
Progress (4): 91 kB | 1.4 MB | 201 kB | 14 kB
Progress (4): 91 kB | 1.4 MB | 201 kB | 14 kB
Progress (4): 91 kB | 1.4 MB | 201 kB | 14 kB
Progress (4): 91 kB | 1.4 MB | 201 kB | 14 kB
Progress (4): 91 kB | 1.4 MB | 201 kB | 14 kB
Progress (4): 91 kB | 1.4 MB | 201 kB | 14 kB
Progress (4): 91 kB | 1.4 MB | 201 kB | 14 kB
Progress (4): 91 kB | 1.4 MB | 201 kB | 14 kB
Progress (4): 91 kB | 1.4 MB | 201 kB | 14 kB
Progress (4): 91 kB | 1.4 MB | 201 kB | 14 kB
Progress (4): 91 kB | 1.5 MB | 201 kB | 14 kB
Progress (4): 91 kB | 1.5 MB | 201 kB | 14 kB
Progress (4): 91 kB | 1.5 MB | 201 kB | 14 kB
Progress (4): 91 kB | 1.5 MB | 201 kB | 14 kB
Progress (4): 91 kB | 1.5 MB | 201 kB | 14 kB
Progress (4): 91 kB | 1.5 MB | 201 kB | 14 kB
Progress (4): 91 kB | 1.5 MB | 201 kB | 14 kB
Progress (4): 91 kB | 1.5 MB | 201 kB | 14 kB
Progress (4): 91 kB | 1.5 MB | 201 kB | 14 kB
Progress (4): 91 kB | 1.5 MB | 201 kB | 14 kB
Progress (4): 91 kB | 1.5 MB | 201 kB | 14 kB
Progress (4): 91 kB | 1.5 MB | 201 kB | 14 kB
Progress (4): 91 kB | 1.5 MB | 201 kB | 14 kB
Progress (4): 91 kB | 1.5 MB | 201 kB | 14 kB
Progress (4): 91 kB | 1.5 MB | 201 kB | 14 kB
                                             
Downloaded from aiban-tianyin-core: https://aiban-maven.pkg.coding.net/repository/tianyin/core/org/apache/axis2/axis2-json/1.8.0/axis2-json-1.8.0.jar (91 kB at 22 kB/s)
Downloading from aiban-tianyin-core: https://aiban-maven.pkg.coding.net/repository/tianyin/core/com/sun/xml/ws/jaxws-tools/2.3.1/jaxws-tools-2.3.1.jar
Downloaded from aiban-tianyin-core: https://aiban-maven.pkg.coding.net/repository/tianyin/core/com/squareup/moshi/moshi-adapters/1.12.0/moshi-adapters-1.12.0.jar (14 kB at 3.4 kB/s)
Downloading from aiban-tianyin-core: https://aiban-maven.pkg.coding.net/repository/tianyin/core/com/sun/xml/bind/jaxb-jxc/2.3.1/jaxb-jxc-2.3.1.jar
Downloaded from aiban-tianyin-core: https://aiban-maven.pkg.coding.net/repository/tianyin/core/org/jetbrains/kotlin/kotlin-stdlib/1.6.0/kotlin-stdlib-1.6.0.jar (1.5 MB at 363 kB/s)
Downloading from aiban-tianyin-core: https://aiban-maven.pkg.coding.net/repository/tianyin/core/javax/xml/ws/jaxws-api/2.3.1/jaxws-api-2.3.1.jar
Downloaded from aiban-tianyin-core: https://aiban-maven.pkg.coding.net/repository/tianyin/core/org/jetbrains/kotlin/kotlin-stdlib-common/1.6.0/kotlin-stdlib-common-1.6.0.jar (201 kB at 48 kB/s)
Downloading from aiban-tianyin-core: https://aiban-maven.pkg.coding.net/repository/tianyin/core/javax/xml/soap/javax.xml.soap-api/1.4.0/javax.xml.soap-api-1.4.0.jar
Progress (1): 4.0 kB
Progress (2): 4.0 kB | 3.9 kB
Progress (2): 8.1 kB | 3.9 kB
Progress (2): 8.1 kB | 6.7 kB
Progress (2): 11 kB | 6.7 kB 
Progress (2): 11 kB | 9.6 kB
Progress (2): 14 kB | 9.6 kB
Progress (2): 14 kB | 12 kB 
Progress (2): 17 kB | 12 kB
Progress (2): 19 kB | 12 kB
Progress (2): 23 kB | 12 kB
Progress (2): 28 kB | 12 kB
Progress (2): 32 kB | 12 kB
Progress (2): 32 kB | 15 kB
Progress (2): 36 kB | 15 kB
Progress (2): 36 kB | 18 kB
Progress (2): 39 kB | 18 kB
Progress (2): 39 kB | 22 kB
Progress (2): 39 kB | 26 kB
Progress (2): 43 kB | 26 kB
Progress (2): 43 kB | 30 kB
Progress (2): 43 kB | 34 kB
Progress (2): 43 kB | 38 kB
Progress (2): 46 kB | 38 kB
Progress (2): 46 kB | 42 kB
Progress (3): 46 kB | 42 kB | 2.6 kB
Progress (3): 46 kB | 46 kB | 2.6 kB
Progress (3): 46 kB | 46 kB | 6.7 kB
Progress (3): 46 kB | 50 kB | 6.7 kB
Progress (3): 46 kB | 53 kB | 6.7 kB
Progress (3): 46 kB | 57 kB | 6.7 kB
Progress (3): 46 kB | 61 kB | 6.7 kB
Progress (3): 46 kB | 61 kB | 11 kB 
Progress (3): 46 kB | 65 kB | 11 kB
Progress (3): 46 kB | 65 kB | 14 kB
Progress (3): 46 kB | 69 kB | 14 kB
Progress (3): 46 kB | 73 kB | 14 kB
Progress (3): 46 kB | 77 kB | 14 kB
Progress (3): 46 kB | 77 kB | 18 kB
Progress (3): 46 kB | 82 kB | 18 kB
Progress (3): 46 kB | 86 kB | 18 kB
Progress (3): 46 kB | 90 kB | 18 kB
Progress (3): 46 kB | 93 kB | 18 kB
Progress (3): 46 kB | 97 kB | 18 kB
Progress (3): 46 kB | 100 kB | 18 kB
Progress (3): 46 kB | 102 kB | 18 kB
Progress (3): 46 kB | 102 kB | 22 kB
Progress (3): 46 kB | 105 kB | 22 kB
Progress (3): 46 kB | 105 kB | 25 kB
Progress (3): 46 kB | 105 kB | 29 kB
Progress (3): 46 kB | 105 kB | 33 kB
Progress (3): 46 kB | 105 kB | 37 kB
Progress (3): 46 kB | 108 kB | 37 kB
Progress (3): 46 kB | 111 kB | 37 kB
Progress (3): 46 kB | 115 kB | 37 kB
Progress (3): 46 kB | 119 kB | 37 kB
Progress (3): 46 kB | 123 kB | 37 kB
Progress (3): 46 kB | 123 kB | 41 kB
Progress (3): 46 kB | 127 kB | 41 kB
Progress (3): 46 kB | 129 kB | 41 kB
Progress (3): 46 kB | 132 kB | 41 kB
Progress (3): 46 kB | 132 kB | 43 kB
Progress (3): 46 kB | 134 kB | 43 kB
Progress (3): 46 kB | 134 kB | 47 kB
Progress (3): 46 kB | 134 kB | 52 kB
Progress (3): 46 kB | 134 kB | 56 kB
Progress (3): 46 kB | 134 kB | 57 kB
Progress (3): 46 kB | 138 kB | 57 kB
Progress (3): 46 kB | 142 kB | 57 kB
Progress (3): 46 kB | 147 kB | 57 kB
Progress (3): 46 kB | 150 kB | 57 kB
Progress (3): 46 kB | 154 kB | 57 kB
Progress (3): 46 kB | 158 kB | 57 kB
Progress (3): 46 kB | 162 kB | 57 kB
Progress (3): 46 kB | 166 kB | 57 kB
Progress (3): 46 kB | 169 kB | 57 kB
Progress (3): 46 kB | 172 kB | 57 kB
Progress (3): 46 kB | 176 kB | 57 kB
Progress (3): 46 kB | 180 kB | 57 kB
Progress (3): 46 kB | 185 kB | 57 kB
Progress (3): 46 kB | 189 kB | 57 kB
Progress (3): 46 kB | 193 kB | 57 kB
Progress (3): 46 kB | 197 kB | 57 kB
Progress (3): 46 kB | 199 kB | 57 kB
Progress (3): 46 kB | 202 kB | 57 kB
Progress (3): 46 kB | 204 kB | 57 kB
Progress (3): 46 kB | 209 kB | 57 kB
Progress (3): 46 kB | 213 kB | 57 kB
Progress (3): 46 kB | 217 kB | 57 kB
Progress (3): 46 kB | 221 kB | 57 kB
Progress (3): 46 kB | 225 kB | 57 kB
Progress (3): 46 kB | 229 kB | 57 kB
Progress (3): 46 kB | 233 kB | 57 kB
Progress (3): 46 kB | 236 kB | 57 kB
Progress (3): 46 kB | 238 kB | 57 kB
Progress (3): 46 kB | 242 kB | 57 kB
Progress (3): 46 kB | 246 kB | 57 kB
Progress (3): 46 kB | 250 kB | 57 kB
Progress (3): 46 kB | 254 kB | 57 kB
Progress (3): 46 kB | 259 kB | 57 kB
Progress (3): 46 kB | 263 kB | 57 kB
Progress (3): 46 kB | 267 kB | 57 kB
Progress (3): 46 kB | 271 kB | 57 kB
Progress (3): 46 kB | 275 kB | 57 kB
Progress (3): 46 kB | 278 kB | 57 kB
Progress (3): 46 kB | 281 kB | 57 kB
Progress (3): 46 kB | 285 kB | 57 kB
Progress (3): 46 kB | 289 kB | 57 kB
Progress (3): 46 kB | 293 kB | 57 kB
Progress (3): 46 kB | 296 kB | 57 kB
Progress (3): 46 kB | 300 kB | 57 kB
Progress (3): 46 kB | 305 kB | 57 kB
Progress (3): 46 kB | 309 kB | 57 kB
Progress (3): 46 kB | 313 kB | 57 kB
Progress (3): 46 kB | 315 kB | 57 kB
Progress (3): 46 kB | 318 kB | 57 kB
Progress (3): 46 kB | 322 kB | 57 kB
Progress (3): 46 kB | 326 kB | 57 kB
Progress (3): 46 kB | 330 kB | 57 kB
Progress (3): 46 kB | 334 kB | 57 kB
Progress (3): 46 kB | 338 kB | 57 kB
Progress (3): 46 kB | 343 kB | 57 kB
Progress (3): 46 kB | 347 kB | 57 kB
Progress (3): 46 kB | 351 kB | 57 kB
Progress (3): 46 kB | 355 kB | 57 kB
Progress (3): 46 kB | 358 kB | 57 kB
Progress (3): 46 kB | 360 kB | 57 kB
Progress (3): 46 kB | 364 kB | 57 kB
Progress (3): 46 kB | 368 kB | 57 kB
Progress (3): 46 kB | 372 kB | 57 kB
Progress (3): 46 kB | 376 kB | 57 kB
Progress (3): 46 kB | 381 kB | 57 kB
Progress (3): 46 kB | 385 kB | 57 kB
Progress (3): 46 kB | 389 kB | 57 kB
Progress (3): 46 kB | 393 kB | 57 kB
Progress (3): 46 kB | 397 kB | 57 kB
Progress (3): 46 kB | 401 kB | 57 kB
Progress (3): 46 kB | 404 kB | 57 kB
Progress (3): 46 kB | 407 kB | 57 kB
Progress (3): 46 kB | 410 kB | 57 kB
Progress (3): 46 kB | 414 kB | 57 kB
Progress (3): 46 kB | 418 kB | 57 kB
Progress (3): 46 kB | 421 kB | 57 kB
Progress (3): 46 kB | 425 kB | 57 kB
Progress (3): 46 kB | 429 kB | 57 kB
Progress (3): 46 kB | 433 kB | 57 kB
Progress (3): 46 kB | 436 kB | 57 kB
Progress (3): 46 kB | 440 kB | 57 kB
Progress (3): 46 kB | 444 kB | 57 kB
Progress (3): 46 kB | 448 kB | 57 kB
Progress (3): 46 kB | 450 kB | 57 kB
                                    
Downloaded from aiban-tianyin-core: https://aiban-maven.pkg.coding.net/repository/tianyin/core/javax/xml/soap/javax.xml.soap-api/1.4.0/javax.xml.soap-api-1.4.0.jar (46 kB at 10 kB/s)
Downloading from aiban-tianyin-core: https://aiban-maven.pkg.coding.net/repository/tianyin/core/javax/jws/javax.jws-api/1.1/javax.jws-api-1.1.jar
Downloaded from aiban-tianyin-core: https://aiban-maven.pkg.coding.net/repository/tianyin/core/javax/xml/ws/jaxws-api/2.3.1/jaxws-api-2.3.1.jar (57 kB at 13 kB/s)
Downloading from aiban-tianyin-core: https://aiban-maven.pkg.coding.net/repository/tianyin/core/org/apache/axis2/axis2-mtompolicy/1.8.0/axis2-mtompolicy-1.8.0.jar
Downloaded from aiban-tianyin-core: https://aiban-maven.pkg.coding.net/repository/tianyin/core/org/apache/axis2/axis2-metadata/1.8.0/axis2-metadata-1.8.0.jar (450 kB at 99 kB/s)
Downloading from aiban-tianyin-core: https://aiban-maven.pkg.coding.net/repository/tianyin/core/org/apache/axis2/axis2-saaj/1.8.0/axis2-saaj-1.8.0.jar
Progress (1): 2.6 kB
Progress (1): 5.4 kB
Progress (1): 9.5 kB
Progress (1): 12 kB 
Progress (1): 16 kB
Progress (1): 20 kB
Progress (2): 20 kB | 2.6 kB
Progress (2): 25 kB | 2.6 kB
Progress (2): 25 kB | 5.5 kB
Progress (2): 27 kB | 5.5 kB
Progress (2): 27 kB | 9.6 kB
Progress (2): 27 kB | 13 kB 
Progress (2): 27 kB | 15 kB
Progress (2): 27 kB | 18 kB
Progress (2): 27 kB | 21 kB
Progress (2): 27 kB | 24 kB
Progress (2): 27 kB | 28 kB
Progress (2): 27 kB | 32 kB
Progress (2): 27 kB | 36 kB
Progress (2): 27 kB | 39 kB
Progress (2): 27 kB | 42 kB
Progress (2): 27 kB | 45 kB
Progress (2): 27 kB | 47 kB
Progress (2): 27 kB | 50 kB
Progress (2): 27 kB | 54 kB
Progress (2): 27 kB | 57 kB
Progress (2): 27 kB | 61 kB
Progress (2): 27 kB | 65 kB
Progress (2): 27 kB | 69 kB
Progress (2): 27 kB | 73 kB
Progress (2): 27 kB | 75 kB
Progress (2): 27 kB | 78 kB
Progress (2): 27 kB | 81 kB
Progress (2): 27 kB | 84 kB
Progress (2): 27 kB | 87 kB
Progress (2): 27 kB | 91 kB
Progress (2): 27 kB | 95 kB
Progress (2): 27 kB | 99 kB
Progress (2): 27 kB | 103 kB
Progress (2): 27 kB | 106 kB
Progress (2): 27 kB | 109 kB
Progress (2): 27 kB | 113 kB
Progress (2): 27 kB | 116 kB
Progress (2): 27 kB | 119 kB
Progress (2): 27 kB | 123 kB
Progress (2): 27 kB | 127 kB
Progress (2): 27 kB | 131 kB
Progress (2): 27 kB | 135 kB
Progress (2): 27 kB | 139 kB
Progress (2): 27 kB | 143 kB
Progress (2): 27 kB | 147 kB
Progress (2): 27 kB | 151 kB
Progress (2): 27 kB | 154 kB
Progress (2): 27 kB | 157 kB
Progress (2): 27 kB | 161 kB
Progress (2): 27 kB | 165 kB
Progress (2): 27 kB | 169 kB
Progress (2): 27 kB | 172 kB
Progress (2): 27 kB | 175 kB
Progress (2): 27 kB | 178 kB
Progress (2): 27 kB | 182 kB
Progress (2): 27 kB | 186 kB
Progress (2): 27 kB | 190 kB
Progress (2): 27 kB | 194 kB
Progress (2): 27 kB | 198 kB
Progress (2): 27 kB | 202 kB
Progress (2): 27 kB | 206 kB
Progress (2): 27 kB | 209 kB
Progress (2): 27 kB | 212 kB
Progress (2): 27 kB | 216 kB
Progress (2): 27 kB | 219 kB
Progress (2): 27 kB | 221 kB
Progress (2): 27 kB | 226 kB
Progress (2): 27 kB | 230 kB
Progress (2): 27 kB | 233 kB
Progress (2): 27 kB | 235 kB
Progress (2): 27 kB | 238 kB
Progress (2): 27 kB | 241 kB
Progress (2): 27 kB | 244 kB
Progress (2): 27 kB | 248 kB
Progress (2): 27 kB | 251 kB
Progress (2): 27 kB | 255 kB
Progress (2): 27 kB | 259 kB
Progress (2): 27 kB | 263 kB
Progress (2): 27 kB | 267 kB
Progress (2): 27 kB | 271 kB
Progress (2): 27 kB | 275 kB
Progress (2): 27 kB | 279 kB
Progress (2): 27 kB | 282 kB
Progress (2): 27 kB | 284 kB
Progress (2): 27 kB | 289 kB
Progress (2): 27 kB | 292 kB
Progress (2): 27 kB | 296 kB
Progress (2): 27 kB | 300 kB
Progress (2): 27 kB | 304 kB
Progress (2): 27 kB | 308 kB
Progress (2): 27 kB | 311 kB
Progress (2): 27 kB | 314 kB
Progress (2): 27 kB | 318 kB
Progress (2): 27 kB | 321 kB
Progress (2): 27 kB | 325 kB
Progress (2): 27 kB | 328 kB
Progress (2): 27 kB | 332 kB
Progress (2): 27 kB | 336 kB
Progress (2): 27 kB | 340 kB
Progress (2): 27 kB | 344 kB
Progress (2): 27 kB | 348 kB
Progress (2): 27 kB | 352 kB
Progress (2): 27 kB | 355 kB
Progress (2): 27 kB | 357 kB
Progress (2): 27 kB | 360 kB
Progress (2): 27 kB | 364 kB
Progress (2): 27 kB | 368 kB
Progress (2): 27 kB | 372 kB
Progress (2): 27 kB | 376 kB
Progress (2): 27 kB | 381 kB
Progress (2): 27 kB | 385 kB
Progress (2): 27 kB | 389 kB
Progress (2): 27 kB | 393 kB
Progress (2): 27 kB | 397 kB
Progress (2): 27 kB | 400 kB
Progress (2): 27 kB | 404 kB
Progress (2): 27 kB | 406 kB
Progress (2): 27 kB | 411 kB
Progress (2): 27 kB | 415 kB
Progress (2): 27 kB | 419 kB
Progress (2): 27 kB | 423 kB
Progress (2): 27 kB | 427 kB
Progress (2): 27 kB | 431 kB
Progress (2): 27 kB | 435 kB
Progress (2): 27 kB | 439 kB
Progress (2): 27 kB | 443 kB
Progress (2): 27 kB | 447 kB
Progress (2): 27 kB | 451 kB
Progress (2): 27 kB | 454 kB
Progress (2): 27 kB | 458 kB
Progress (2): 27 kB | 462 kB
Progress (2): 27 kB | 466 kB
Progress (2): 27 kB | 470 kB
Progress (2): 27 kB | 475 kB
Progress (2): 27 kB | 479 kB
Progress (2): 27 kB | 483 kB
Progress (2): 27 kB | 487 kB
Progress (2): 27 kB | 491 kB
Progress (2): 27 kB | 495 kB
Progress (2): 27 kB | 498 kB
Progress (2): 27 kB | 500 kB
Progress (2): 27 kB | 504 kB
Progress (2): 27 kB | 509 kB
Progress (2): 27 kB | 512 kB
Progress (2): 27 kB | 516 kB
Progress (2): 27 kB | 519 kB
Progress (2): 27 kB | 523 kB
Progress (2): 27 kB | 527 kB
Progress (2): 27 kB | 530 kB
Progress (2): 27 kB | 534 kB
Progress (2): 27 kB | 538 kB
Progress (2): 27 kB | 542 kB
Progress (2): 27 kB | 547 kB
Progress (2): 27 kB | 549 kB
Progress (2): 27 kB | 552 kB
Progress (2): 27 kB | 555 kB
Progress (2): 27 kB | 558 kB
Progress (2): 27 kB | 561 kB
Progress (2): 27 kB | 565 kB
Progress (2): 27 kB | 568 kB
Progress (2): 27 kB | 570 kB
Progress (2): 27 kB | 573 kB
Progress (2): 27 kB | 577 kB
Progress (2): 27 kB | 582 kB
Progress (2): 27 kB | 586 kB
Progress (2): 27 kB | 590 kB
Progress (2): 27 kB | 594 kB
Progress (2): 27 kB | 598 kB
Progress (2): 27 kB | 600 kB
Progress (2): 27 kB | 603 kB
Progress (2): 27 kB | 606 kB
Progress (2): 27 kB | 610 kB
Progress (2): 27 kB | 614 kB
Progress (2): 27 kB | 618 kB
Progress (2): 27 kB | 621 kB
Progress (2): 27 kB | 625 kB
Progress (2): 27 kB | 629 kB
Progress (2): 27 kB | 633 kB
Progress (2): 27 kB | 637 kB
Progress (2): 27 kB | 641 kB
Progress (2): 27 kB | 646 kB
Progress (2): 27 kB | 650 kB
Progress (2): 27 kB | 654 kB
Progress (2): 27 kB | 657 kB
Progress (2): 27 kB | 660 kB
Progress (2): 27 kB | 663 kB
Progress (2): 27 kB | 667 kB
Progress (2): 27 kB | 670 kB
Progress (2): 27 kB | 673 kB
Progress (2): 27 kB | 676 kB
Progress (2): 27 kB | 680 kB
Progress (2): 27 kB | 683 kB
Progress (2): 27 kB | 687 kB
Progress (2): 27 kB | 690 kB
Progress (2): 27 kB | 694 kB
Progress (2): 27 kB | 698 kB
Progress (2): 27 kB | 701 kB
Progress (2): 27 kB | 705 kB
Progress (2): 27 kB | 709 kB
Progress (2): 27 kB | 713 kB
Progress (2): 27 kB | 716 kB
Progress (2): 27 kB | 720 kB
Progress (2): 27 kB | 724 kB
Progress (2): 27 kB | 729 kB
Progress (2): 27 kB | 733 kB
Progress (2): 27 kB | 737 kB
Progress (2): 27 kB | 741 kB
Progress (2): 27 kB | 745 kB
Progress (2): 27 kB | 749 kB
Progress (2): 27 kB | 753 kB
Progress (2): 27 kB | 757 kB
Progress (2): 27 kB | 761 kB
Progress (2): 27 kB | 765 kB
Progress (2): 27 kB | 770 kB
Progress (2): 27 kB | 773 kB
Progress (2): 27 kB | 777 kB
Progress (2): 27 kB | 779 kB
Progress (2): 27 kB | 782 kB
Progress (2): 27 kB | 785 kB
Progress (2): 27 kB | 788 kB
Progress (2): 27 kB | 791 kB
Progress (2): 27 kB | 794 kB
Progress (2): 27 kB | 798 kB
Progress (2): 27 kB | 802 kB
Progress (2): 27 kB | 806 kB
Progress (2): 27 kB | 810 kB
Progress (2): 27 kB | 814 kB
Progress (2): 27 kB | 818 kB
Progress (2): 27 kB | 822 kB
Progress (2): 27 kB | 826 kB
Progress (2): 27 kB | 830 kB
Progress (2): 27 kB | 834 kB
Progress (2): 27 kB | 838 kB
Progress (2): 27 kB | 842 kB
Progress (2): 27 kB | 845 kB
Progress (2): 27 kB | 847 kB
Progress (2): 27 kB | 850 kB
Progress (2): 27 kB | 854 kB
Progress (2): 27 kB | 858 kB
Progress (2): 27 kB | 862 kB
Progress (2): 27 kB | 866 kB
Progress (2): 27 kB | 870 kB
Progress (2): 27 kB | 874 kB
Progress (2): 27 kB | 878 kB
Progress (2): 27 kB | 880 kB
Progress (2): 27 kB | 884 kB
Progress (2): 27 kB | 888 kB
Progress (2): 27 kB | 892 kB
Progress (2): 27 kB | 896 kB
                            
Downloaded from aiban-tianyin-core: https://aiban-maven.pkg.coding.net/repository/tianyin/core/javax/jws/javax.jws-api/1.1/javax.jws-api-1.1.jar (27 kB at 5.8 kB/s)
Downloading from aiban-tianyin-core: https://aiban-maven.pkg.coding.net/repository/tianyin/core/org/apache/logging/log4j/log4j-jcl/2.14.1/log4j-jcl-2.14.1.jar
Progress (2): 896 kB | 4.0 kB
Progress (2): 896 kB | 8.1 kB
Progress (2): 896 kB | 12 kB 
Progress (2): 896 kB | 15 kB
Progress (2): 896 kB | 18 kB
Progress (2): 896 kB | 22 kB
Progress (2): 896 kB | 26 kB
Progress (2): 896 kB | 29 kB
Progress (2): 896 kB | 33 kB
Progress (2): 896 kB | 36 kB
Progress (2): 896 kB | 39 kB
Progress (2): 896 kB | 43 kB
Progress (2): 896 kB | 47 kB
Progress (2): 896 kB | 50 kB
Progress (2): 896 kB | 54 kB
Progress (2): 896 kB | 58 kB
Progress (2): 896 kB | 62 kB
Progress (2): 896 kB | 66 kB
Progress (2): 896 kB | 70 kB
Progress (2): 896 kB | 73 kB
Progress (2): 896 kB | 77 kB
Progress (2): 896 kB | 80 kB
Progress (2): 896 kB | 83 kB
Progress (2): 896 kB | 85 kB
Progress (2): 896 kB | 90 kB
Progress (2): 896 kB | 93 kB
Progress (2): 896 kB | 97 kB
Progress (2): 896 kB | 101 kB
Progress (2): 896 kB | 105 kB
Progress (2): 896 kB | 108 kB
Progress (2): 896 kB | 112 kB
Progress (2): 896 kB | 116 kB
Progress (2): 896 kB | 120 kB
Progress (2): 896 kB | 124 kB
Progress (2): 896 kB | 127 kB
Progress (2): 896 kB | 130 kB
Progress (2): 896 kB | 133 kB
Progress (2): 896 kB | 137 kB
Progress (3): 896 kB | 137 kB | 3.9 kB
Progress (3): 896 kB | 137 kB | 8.0 kB
Progress (3): 896 kB | 137 kB | 12 kB 
Progress (3): 896 kB | 137 kB | 16 kB
Progress (3): 896 kB | 137 kB | 20 kB
Progress (3): 896 kB | 137 kB | 24 kB
Progress (3): 896 kB | 137 kB | 28 kB
Progress (3): 896 kB | 137 kB | 32 kB
Progress (3): 896 kB | 137 kB | 35 kB
Progress (3): 896 kB | 137 kB | 38 kB
Progress (3): 896 kB | 137 kB | 41 kB
Progress (3): 896 kB | 137 kB | 45 kB
Progress (3): 896 kB | 137 kB | 47 kB
Progress (3): 896 kB | 137 kB | 50 kB
Progress (3): 896 kB | 137 kB | 54 kB
Progress (3): 896 kB | 137 kB | 57 kB
Progress (3): 896 kB | 137 kB | 61 kB
Progress (3): 896 kB | 137 kB | 65 kB
Progress (3): 896 kB | 137 kB | 69 kB
Progress (3): 896 kB | 137 kB | 74 kB
Progress (3): 896 kB | 137 kB | 78 kB
Progress (3): 896 kB | 137 kB | 80 kB
Progress (3): 896 kB | 137 kB | 83 kB
Progress (3): 896 kB | 137 kB | 86 kB
                                     
Downloaded from aiban-tianyin-core: https://aiban-maven.pkg.coding.net/repository/tianyin/core/com/sun/xml/ws/jaxws-tools/2.3.1/jaxws-tools-2.3.1.jar (896 kB at 183 kB/s)
Progress (2): 137 kB | 89 kB
                            
Downloading from aiban-tianyin-core: https://aiban-maven.pkg.coding.net/repository/tianyin/core/org/apache/logging/log4j/log4j-api/2.14.1/log4j-api-2.14.1.jar
Progress (2): 137 kB | 93 kB
Progress (2): 137 kB | 97 kB
Progress (2): 137 kB | 98 kB
Progress (3): 137 kB | 98 kB | 4.0 kB
Progress (3): 137 kB | 98 kB | 8.1 kB
Progress (3): 137 kB | 98 kB | 12 kB 
Progress (3): 137 kB | 98 kB | 13 kB
Progress (4): 137 kB | 98 kB | 13 kB | 4.0 kB
Progress (4): 137 kB | 98 kB | 13 kB | 8.1 kB
Progress (4): 137 kB | 98 kB | 13 kB | 12 kB 
Progress (4): 137 kB | 98 kB | 13 kB | 16 kB
Progress (4): 137 kB | 98 kB | 13 kB | 20 kB
Progress (4): 137 kB | 98 kB | 13 kB | 24 kB
Progress (4): 137 kB | 98 kB | 13 kB | 29 kB
Progress (4): 137 kB | 98 kB | 13 kB | 33 kB
Progress (4): 137 kB | 98 kB | 13 kB | 37 kB
Progress (4): 137 kB | 98 kB | 13 kB | 39 kB
Progress (4): 137 kB | 98 kB | 13 kB | 42 kB
Progress (4): 137 kB | 98 kB | 13 kB | 46 kB
Progress (4): 137 kB | 98 kB | 13 kB | 49 kB
Progress (4): 137 kB | 98 kB | 13 kB | 53 kB
Progress (4): 137 kB | 98 kB | 13 kB | 57 kB
Progress (4): 137 kB | 98 kB | 13 kB | 61 kB
Progress (4): 137 kB | 98 kB | 13 kB | 65 kB
Progress (4): 137 kB | 98 kB | 13 kB | 68 kB
Progress (4): 137 kB | 98 kB | 13 kB | 72 kB
                                            
Downloaded from aiban-tianyin-core: https://aiban-maven.pkg.coding.net/repository/tianyin/core/org/apache/logging/log4j/log4j-jcl/2.14.1/log4j-jcl-2.14.1.jar (13 kB at 2.5 kB/s)
Progress (3): 137 kB | 98 kB | 77 kB
                                    
Downloading from aiban-tianyin-core: https://aiban-maven.pkg.coding.net/repository/tianyin/core/org/apache/axis2/axis2-spring/1.8.0/axis2-spring-1.8.0.jar
Downloaded from aiban-tianyin-core: https://aiban-maven.pkg.coding.net/repository/tianyin/core/com/sun/xml/bind/jaxb-jxc/2.3.1/jaxb-jxc-2.3.1.jar (137 kB at 27 kB/s)
Downloading from aiban-tianyin-core: https://aiban-maven.pkg.coding.net/repository/tianyin/core/org/springframework/spring-web/5.3.13/spring-web-5.3.13.jar
Progress (2): 98 kB | 81 kB
Progress (2): 98 kB | 85 kB
Progress (2): 98 kB | 89 kB
Progress (2): 98 kB | 93 kB
Progress (2): 98 kB | 97 kB
Progress (2): 98 kB | 99 kB
Progress (2): 98 kB | 102 kB
Progress (2): 98 kB | 105 kB
Progress (2): 98 kB | 109 kB
Progress (2): 98 kB | 113 kB
Progress (2): 98 kB | 116 kB
Progress (2): 98 kB | 119 kB
Progress (2): 98 kB | 122 kB
Progress (2): 98 kB | 126 kB
Progress (2): 98 kB | 129 kB
Progress (2): 98 kB | 133 kB
Progress (2): 98 kB | 136 kB
Progress (2): 98 kB | 140 kB
Progress (2): 98 kB | 144 kB
Progress (2): 98 kB | 148 kB
Progress (2): 98 kB | 152 kB
Progress (2): 98 kB | 156 kB
Progress (2): 98 kB | 158 kB
Progress (2): 98 kB | 161 kB
Progress (2): 98 kB | 164 kB
Progress (2): 98 kB | 167 kB
Progress (2): 98 kB | 171 kB
Progress (2): 98 kB | 175 kB
Progress (2): 98 kB | 179 kB
Progress (2): 98 kB | 183 kB
Progress (2): 98 kB | 187 kB
Progress (2): 98 kB | 191 kB
Progress (2): 98 kB | 194 kB
Progress (2): 98 kB | 197 kB
Progress (2): 98 kB | 200 kB
Progress (2): 98 kB | 203 kB
Progress (2): 98 kB | 207 kB
Progress (2): 98 kB | 211 kB
Progress (2): 98 kB | 215 kB
Progress (2): 98 kB | 218 kB
Progress (2): 98 kB | 223 kB
Progress (2): 98 kB | 227 kB
Progress (2): 98 kB | 230 kB
Progress (2): 98 kB | 234 kB
Progress (2): 98 kB | 238 kB
Progress (2): 98 kB | 242 kB
Progress (2): 98 kB | 246 kB
Progress (2): 98 kB | 250 kB
Progress (2): 98 kB | 254 kB
Progress (2): 98 kB | 258 kB
Progress (2): 98 kB | 262 kB
Progress (2): 98 kB | 265 kB
Progress (2): 98 kB | 268 kB
Progress (2): 98 kB | 270 kB
Progress (2): 98 kB | 273 kB
Progress (2): 98 kB | 276 kB
Progress (2): 98 kB | 280 kB
Progress (2): 98 kB | 284 kB
Progress (2): 98 kB | 288 kB
Progress (2): 98 kB | 292 kB
Progress (2): 98 kB | 297 kB
Progress (2): 98 kB | 300 kB
                            
Downloaded from aiban-tianyin-core: https://aiban-maven.pkg.coding.net/repository/tianyin/core/org/apache/axis2/axis2-saaj/1.8.0/axis2-saaj-1.8.0.jar (98 kB at 19 kB/s)
Downloading from aiban-tianyin-core: https://aiban-maven.pkg.coding.net/repository/tianyin/core/org/apache/axis2/axis2-xmlbeans/1.8.0/axis2-xmlbeans-1.8.0.jar
Downloaded from aiban-tianyin-core: https://aiban-maven.pkg.coding.net/repository/tianyin/core/org/apache/logging/log4j/log4j-api/2.14.1/log4j-api-2.14.1.jar (300 kB at 57 kB/s)
Downloading from aiban-tianyin-core: https://aiban-maven.pkg.coding.net/repository/tianyin/core/org/apache/xmlbeans/xmlbeans/5.0.3/xmlbeans-5.0.3.jar
Progress (1): 2.6 kB
Progress (1): 6.7 kB
Progress (1): 10 kB 
Progress (2): 10 kB | 4.1 kB
Progress (2): 10 kB | 8.2 kB
Progress (2): 10 kB | 11 kB 
Progress (2): 10 kB | 14 kB
Progress (2): 10 kB | 16 kB
Progress (2): 10 kB | 19 kB
Progress (2): 10 kB | 23 kB
Progress (2): 10 kB | 26 kB
Progress (2): 10 kB | 31 kB
Progress (2): 10 kB | 35 kB
Progress (2): 10 kB | 38 kB
Progress (2): 10 kB | 42 kB
Progress (2): 10 kB | 46 kB
Progress (2): 10 kB | 50 kB
Progress (2): 10 kB | 54 kB
Progress (2): 10 kB | 58 kB
Progress (2): 10 kB | 62 kB
Progress (2): 10 kB | 66 kB
Progress (2): 10 kB | 70 kB
Progress (2): 10 kB | 73 kB
Progress (2): 10 kB | 75 kB
Progress (2): 10 kB | 78 kB
Progress (2): 10 kB | 82 kB
Progress (2): 10 kB | 86 kB
Progress (2): 10 kB | 91 kB
Progress (2): 10 kB | 94 kB
Progress (2): 10 kB | 97 kB
Progress (2): 10 kB | 99 kB
Progress (2): 10 kB | 102 kB
Progress (2): 10 kB | 105 kB
Progress (2): 10 kB | 109 kB
Progress (2): 10 kB | 113 kB
Progress (2): 10 kB | 116 kB
Progress (2): 10 kB | 120 kB
Progress (2): 10 kB | 124 kB
Progress (2): 10 kB | 128 kB
Progress (2): 10 kB | 131 kB
Progress (2): 10 kB | 134 kB
Progress (2): 10 kB | 138 kB
Progress (2): 10 kB | 141 kB
Progress (2): 10 kB | 144 kB
Progress (2): 10 kB | 148 kB
Progress (2): 10 kB | 152 kB
Progress (2): 10 kB | 156 kB
Progress (2): 10 kB | 160 kB
Progress (2): 10 kB | 163 kB
Progress (2): 10 kB | 166 kB
Progress (2): 10 kB | 168 kB
Progress (2): 10 kB | 171 kB
Progress (2): 10 kB | 175 kB
Progress (2): 10 kB | 178 kB
Progress (2): 10 kB | 182 kB
Progress (2): 10 kB | 185 kB
Progress (2): 10 kB | 188 kB
Progress (2): 10 kB | 191 kB
Progress (2): 10 kB | 193 kB
Progress (2): 10 kB | 196 kB
Progress (2): 10 kB | 199 kB
Progress (2): 10 kB | 203 kB
Progress (2): 10 kB | 206 kB
Progress (2): 10 kB | 210 kB
Progress (2): 10 kB | 214 kB
Progress (2): 10 kB | 218 kB
Progress (2): 10 kB | 222 kB
Progress (2): 10 kB | 226 kB
Progress (2): 10 kB | 230 kB
Progress (2): 10 kB | 233 kB
Progress (2): 10 kB | 235 kB
Progress (2): 10 kB | 238 kB
Progress (2): 10 kB | 242 kB
Progress (2): 10 kB | 246 kB
Progress (2): 10 kB | 250 kB
Progress (2): 10 kB | 254 kB
Progress (2): 10 kB | 259 kB
Progress (2): 10 kB | 263 kB
Progress (2): 10 kB | 266 kB
Progress (2): 10 kB | 269 kB
Progress (2): 10 kB | 273 kB
Progress (2): 10 kB | 277 kB
Progress (2): 10 kB | 281 kB
Progress (2): 10 kB | 285 kB
Progress (2): 10 kB | 289 kB
Progress (2): 10 kB | 293 kB
Progress (2): 10 kB | 297 kB
Progress (2): 10 kB | 301 kB
Progress (2): 10 kB | 304 kB
Progress (2): 10 kB | 307 kB
Progress (2): 10 kB | 310 kB
Progress (2): 10 kB | 313 kB
Progress (2): 10 kB | 317 kB
Progress (2): 10 kB | 319 kB
Progress (2): 10 kB | 323 kB
Progress (2): 10 kB | 328 kB
Progress (2): 10 kB | 331 kB
Progress (2): 10 kB | 335 kB
Progress (2): 10 kB | 339 kB
Progress (2): 10 kB | 343 kB
Progress (2): 10 kB | 347 kB
Progress (2): 10 kB | 351 kB
Progress (2): 10 kB | 355 kB
Progress (2): 10 kB | 359 kB
Progress (2): 10 kB | 361 kB
Progress (2): 10 kB | 364 kB
Progress (2): 10 kB | 367 kB
Progress (2): 10 kB | 371 kB
Progress (2): 10 kB | 374 kB
Progress (2): 10 kB | 377 kB
Progress (2): 10 kB | 381 kB
Progress (2): 10 kB | 385 kB
Progress (2): 10 kB | 388 kB
Progress (2): 10 kB | 392 kB
Progress (2): 10 kB | 396 kB
Progress (2): 10 kB | 400 kB
Progress (2): 10 kB | 403 kB
Progress (2): 10 kB | 405 kB
Progress (2): 10 kB | 408 kB
Progress (2): 10 kB | 411 kB
Progress (2): 10 kB | 415 kB
Progress (2): 10 kB | 419 kB
Progress (2): 10 kB | 423 kB
Progress (2): 10 kB | 427 kB
Progress (2): 10 kB | 431 kB
Progress (2): 10 kB | 435 kB
Progress (2): 10 kB | 439 kB
Progress (2): 10 kB | 442 kB
Progress (2): 10 kB | 445 kB
Progress (2): 10 kB | 449 kB
Progress (2): 10 kB | 453 kB
Progress (2): 10 kB | 457 kB
Progress (2): 10 kB | 461 kB
Progress (2): 10 kB | 464 kB
Progress (2): 10 kB | 468 kB
Progress (2): 10 kB | 471 kB
Progress (2): 10 kB | 475 kB
Progress (2): 10 kB | 479 kB
Progress (2): 10 kB | 483 kB
Progress (2): 10 kB | 487 kB
Progress (2): 10 kB | 491 kB
Progress (2): 10 kB | 496 kB
Progress (2): 10 kB | 500 kB
Progress (2): 10 kB | 504 kB
Progress (2): 10 kB | 508 kB
Progress (2): 10 kB | 512 kB
Progress (2): 10 kB | 516 kB
Progress (2): 10 kB | 520 kB
Progress (2): 10 kB | 524 kB
Progress (2): 10 kB | 528 kB
Progress (2): 10 kB | 532 kB
Progress (2): 10 kB | 536 kB
Progress (2): 10 kB | 541 kB
Progress (2): 10 kB | 545 kB
Progress (2): 10 kB | 549 kB
Progress (2): 10 kB | 553 kB
Progress (2): 10 kB | 557 kB
Progress (2): 10 kB | 561 kB
Progress (2): 10 kB | 565 kB
Progress (2): 10 kB | 569 kB
Progress (2): 10 kB | 573 kB
Progress (2): 10 kB | 577 kB
Progress (2): 10 kB | 582 kB
Progress (2): 10 kB | 586 kB
Progress (2): 10 kB | 590 kB
Progress (2): 10 kB | 594 kB
Progress (2): 10 kB | 598 kB
Progress (2): 10 kB | 602 kB
Progress (2): 10 kB | 606 kB
Progress (2): 10 kB | 610 kB
Progress (2): 10 kB | 614 kB
Progress (2): 10 kB | 618 kB
Progress (2): 10 kB | 622 kB
Progress (2): 10 kB | 627 kB
Progress (2): 10 kB | 631 kB
Progress (2): 10 kB | 635 kB
Progress (2): 10 kB | 639 kB
Progress (2): 10 kB | 643 kB
Progress (2): 10 kB | 647 kB
Progress (2): 10 kB | 651 kB
Progress (2): 10 kB | 655 kB
Progress (2): 10 kB | 659 kB
Progress (2): 10 kB | 663 kB
Progress (2): 10 kB | 667 kB
Progress (2): 10 kB | 672 kB
Progress (2): 10 kB | 676 kB
Progress (2): 10 kB | 680 kB
Progress (2): 10 kB | 684 kB
Progress (2): 10 kB | 688 kB
Progress (2): 10 kB | 692 kB
Progress (2): 10 kB | 696 kB
Progress (2): 10 kB | 700 kB
Progress (2): 10 kB | 704 kB
Progress (2): 10 kB | 708 kB
Progress (2): 10 kB | 713 kB
Progress (2): 10 kB | 717 kB
Progress (2): 10 kB | 721 kB
Progress (2): 10 kB | 725 kB
Progress (2): 10 kB | 729 kB
Progress (2): 10 kB | 731 kB
Progress (2): 10 kB | 734 kB
Progress (2): 10 kB | 738 kB
Progress (2): 10 kB | 741 kB
Progress (2): 10 kB | 744 kB
Progress (2): 10 kB | 748 kB
Progress (2): 10 kB | 752 kB
Progress (2): 10 kB | 756 kB
Progress (2): 10 kB | 760 kB
Progress (2): 10 kB | 765 kB
Progress (2): 10 kB | 769 kB
Progress (2): 10 kB | 773 kB
Progress (2): 10 kB | 777 kB
Progress (2): 10 kB | 781 kB
Progress (2): 10 kB | 785 kB
Progress (2): 10 kB | 788 kB
Progress (2): 10 kB | 792 kB
Progress (2): 10 kB | 796 kB
Progress (2): 10 kB | 800 kB
Progress (2): 10 kB | 805 kB
Progress (2): 10 kB | 809 kB
Progress (2): 10 kB | 813 kB
Progress (2): 10 kB | 817 kB
Progress (2): 10 kB | 821 kB
Progress (2): 10 kB | 825 kB
Progress (2): 10 kB | 829 kB
Progress (2): 10 kB | 833 kB
Progress (2): 10 kB | 837 kB
Progress (2): 10 kB | 841 kB
Progress (2): 10 kB | 846 kB
Progress (2): 10 kB | 850 kB
Progress (2): 10 kB | 854 kB
Progress (2): 10 kB | 858 kB
Progress (2): 10 kB | 862 kB
Progress (2): 10 kB | 866 kB
Progress (2): 10 kB | 870 kB
Progress (2): 10 kB | 874 kB
Progress (2): 10 kB | 878 kB
Progress (2): 10 kB | 882 kB
Progress (2): 10 kB | 885 kB
Progress (2): 10 kB | 889 kB
Progress (2): 10 kB | 893 kB
Progress (2): 10 kB | 896 kB
Progress (2): 10 kB | 901 kB
Progress (2): 10 kB | 905 kB
Progress (2): 10 kB | 909 kB
Progress (2): 10 kB | 913 kB
Progress (2): 10 kB | 917 kB
Progress (2): 10 kB | 921 kB
Progress (2): 10 kB | 925 kB
Progress (2): 10 kB | 929 kB
Progress (2): 10 kB | 932 kB
Progress (2): 10 kB | 936 kB
Progress (2): 10 kB | 939 kB
Progress (2): 10 kB | 942 kB
Progress (2): 10 kB | 945 kB
Progress (2): 10 kB | 949 kB
Progress (2): 10 kB | 952 kB
Progress (2): 10 kB | 956 kB
Progress (2): 10 kB | 960 kB
Progress (2): 10 kB | 964 kB
Progress (2): 10 kB | 968 kB
Progress (2): 10 kB | 972 kB
Progress (2): 10 kB | 977 kB
Progress (2): 10 kB | 981 kB
Progress (2): 10 kB | 985 kB
Progress (2): 10 kB | 989 kB
Progress (2): 10 kB | 993 kB
Progress (2): 10 kB | 997 kB
Progress (2): 10 kB | 1.0 MB
Progress (2): 10 kB | 1.0 MB
Progress (2): 10 kB | 1.0 MB
Progress (2): 10 kB | 1.0 MB
Progress (2): 10 kB | 1.0 MB
Progress (2): 10 kB | 1.0 MB
Progress (2): 10 kB | 1.0 MB
Progress (2): 10 kB | 1.0 MB
Progress (2): 10 kB | 1.0 MB
Progress (2): 10 kB | 1.0 MB
Progress (2): 10 kB | 1.0 MB
Progress (2): 10 kB | 1.0 MB
Progress (2): 10 kB | 1.0 MB
Progress (2): 10 kB | 1.1 MB
Progress (2): 10 kB | 1.1 MB
Progress (2): 10 kB | 1.1 MB
Progress (2): 10 kB | 1.1 MB
Progress (2): 10 kB | 1.1 MB
Progress (2): 10 kB | 1.1 MB
Progress (2): 10 kB | 1.1 MB
Progress (2): 10 kB | 1.1 MB
Progress (2): 10 kB | 1.1 MB
Progress (2): 10 kB | 1.1 MB
Progress (2): 10 kB | 1.1 MB
Progress (2): 10 kB | 1.1 MB
Progress (2): 10 kB | 1.1 MB
Progress (2): 10 kB | 1.1 MB
Progress (2): 10 kB | 1.1 MB
Progress (2): 10 kB | 1.1 MB
Progress (2): 10 kB | 1.1 MB
Progress (2): 10 kB | 1.1 MB
Progress (2): 10 kB | 1.1 MB
Progress (2): 10 kB | 1.1 MB
Progress (2): 10 kB | 1.1 MB
Progress (2): 10 kB | 1.1 MB
Progress (2): 10 kB | 1.1 MB
Progress (2): 10 kB | 1.1 MB
Progress (2): 10 kB | 1.2 MB
Progress (2): 10 kB | 1.2 MB
Progress (2): 10 kB | 1.2 MB
Progress (2): 10 kB | 1.2 MB
Progress (2): 10 kB | 1.2 MB
Progress (2): 10 kB | 1.2 MB
Progress (2): 10 kB | 1.2 MB
Progress (2): 10 kB | 1.2 MB
Progress (2): 10 kB | 1.2 MB
Progress (2): 10 kB | 1.2 MB
Progress (2): 10 kB | 1.2 MB
Progress (2): 10 kB | 1.2 MB
Progress (2): 10 kB | 1.2 MB
Progress (2): 10 kB | 1.2 MB
Progress (2): 10 kB | 1.2 MB
Progress (2): 10 kB | 1.2 MB
Progress (2): 10 kB | 1.2 MB
Progress (2): 10 kB | 1.2 MB
Progress (2): 10 kB | 1.2 MB
Progress (2): 10 kB | 1.2 MB
Progress (2): 10 kB | 1.2 MB
Progress (2): 10 kB | 1.2 MB
Progress (2): 10 kB | 1.2 MB
Progress (2): 10 kB | 1.2 MB
Progress (2): 10 kB | 1.2 MB
Progress (2): 10 kB | 1.3 MB
Progress (2): 10 kB | 1.3 MB
Progress (2): 10 kB | 1.3 MB
Progress (2): 10 kB | 1.3 MB
Progress (2): 10 kB | 1.3 MB
Progress (2): 10 kB | 1.3 MB
Progress (2): 10 kB | 1.3 MB
Progress (2): 10 kB | 1.3 MB
Progress (2): 10 kB | 1.3 MB
Progress (2): 10 kB | 1.3 MB
Progress (2): 10 kB | 1.3 MB
Progress (2): 10 kB | 1.3 MB
Progress (2): 10 kB | 1.3 MB
Progress (2): 10 kB | 1.3 MB
Progress (2): 10 kB | 1.3 MB
Progress (2): 10 kB | 1.3 MB
Progress (2): 10 kB | 1.3 MB
Progress (2): 10 kB | 1.3 MB
Progress (2): 10 kB | 1.3 MB
Progress (2): 10 kB | 1.3 MB
Progress (2): 10 kB | 1.3 MB
Progress (2): 10 kB | 1.3 MB
Progress (2): 10 kB | 1.3 MB
Progress (2): 10 kB | 1.3 MB
Progress (2): 10 kB | 1.4 MB
Progress (2): 10 kB | 1.4 MB
Progress (2): 10 kB | 1.4 MB
Progress (2): 10 kB | 1.4 MB
Progress (2): 10 kB | 1.4 MB
Progress (2): 10 kB | 1.4 MB
Progress (2): 10 kB | 1.4 MB
Progress (2): 10 kB | 1.4 MB
Progress (2): 10 kB | 1.4 MB
Progress (2): 10 kB | 1.4 MB
Progress (2): 10 kB | 1.4 MB
Progress (2): 10 kB | 1.4 MB
Progress (2): 10 kB | 1.4 MB
Progress (2): 10 kB | 1.4 MB
Progress (2): 10 kB | 1.4 MB
Progress (2): 10 kB | 1.4 MB
Progress (2): 10 kB | 1.4 MB
Progress (2): 10 kB | 1.4 MB
Progress (2): 10 kB | 1.4 MB
Progress (2): 10 kB | 1.4 MB
Progress (2): 10 kB | 1.4 MB
Progress (2): 10 kB | 1.4 MB
Progress (2): 10 kB | 1.4 MB
Progress (2): 10 kB | 1.4 MB
Progress (2): 10 kB | 1.4 MB
Progress (2): 10 kB | 1.5 MB
Progress (2): 10 kB | 1.5 MB
Progress (2): 10 kB | 1.5 MB
Progress (2): 10 kB | 1.5 MB
Progress (2): 10 kB | 1.5 MB
Progress (2): 10 kB | 1.5 MB
Progress (2): 10 kB | 1.5 MB
Progress (2): 10 kB | 1.5 MB
Progress (2): 10 kB | 1.5 MB
Progress (2): 10 kB | 1.5 MB
Progress (2): 10 kB | 1.5 MB
Progress (2): 10 kB | 1.5 MB
Progress (2): 10 kB | 1.5 MB
Progress (2): 10 kB | 1.5 MB
Progress (2): 10 kB | 1.5 MB
Progress (2): 10 kB | 1.5 MB
Progress (2): 10 kB | 1.5 MB
Progress (2): 10 kB | 1.5 MB
Progress (2): 10 kB | 1.5 MB
Progress (2): 10 kB | 1.5 MB
Progress (2): 10 kB | 1.5 MB
Progress (2): 10 kB | 1.5 MB
Progress (2): 10 kB | 1.5 MB
Progress (2): 10 kB | 1.5 MB
Progress (2): 10 kB | 1.6 MB
Progress (2): 10 kB | 1.6 MB
Progress (2): 10 kB | 1.6 MB
Progress (2): 10 kB | 1.6 MB
Progress (2): 10 kB | 1.6 MB
Progress (2): 10 kB | 1.6 MB
Progress (2): 10 kB | 1.6 MB
Progress (2): 10 kB | 1.6 MB
Progress (2): 10 kB | 1.6 MB
Progress (2): 10 kB | 1.6 MB
Progress (2): 10 kB | 1.6 MB
Progress (2): 10 kB | 1.6 MB
Progress (2): 10 kB | 1.6 MB
Progress (2): 10 kB | 1.6 MB
Progress (2): 10 kB | 1.6 MB
Progress (2): 10 kB | 1.6 MB
Progress (2): 10 kB | 1.6 MB
Progress (2): 10 kB | 1.6 MB
Progress (2): 10 kB | 1.6 MB
Progress (2): 10 kB | 1.6 MB
Progress (2): 10 kB | 1.6 MB
Progress (3): 10 kB | 1.6 MB | 3.9 kB
Progress (3): 10 kB | 1.6 MB | 3.9 kB
Progress (3): 10 kB | 1.6 MB | 3.9 kB
Progress (3): 10 kB | 1.6 MB | 3.9 kB
Progress (3): 10 kB | 1.6 MB | 6.7 kB
Progress (3): 10 kB | 1.6 MB | 9.6 kB
Progress (3): 10 kB | 1.6 MB | 12 kB 
Progress (3): 10 kB | 1.6 MB | 16 kB
Progress (3): 10 kB | 1.6 MB | 20 kB
Progress (3): 10 kB | 1.6 MB | 25 kB
Progress (3): 10 kB | 1.6 MB | 29 kB
Progress (3): 10 kB | 1.6 MB | 32 kB
Progress (3): 10 kB | 1.6 MB | 35 kB
Progress (3): 10 kB | 1.6 MB | 39 kB
Progress (3): 10 kB | 1.6 MB | 42 kB
Progress (3): 10 kB | 1.6 MB | 45 kB
Progress (3): 10 kB | 1.6 MB | 47 kB
Progress (3): 10 kB | 1.6 MB | 51 kB
Progress (3): 10 kB | 1.6 MB | 56 kB
Progress (3): 10 kB | 1.6 MB | 59 kB
Progress (3): 10 kB | 1.6 MB | 62 kB
Progress (3): 10 kB | 1.6 MB | 66 kB
Progress (3): 10 kB | 1.6 MB | 70 kB
Progress (3): 10 kB | 1.6 MB | 74 kB
Progress (3): 10 kB | 1.6 MB | 78 kB
Progress (3): 10 kB | 1.6 MB | 82 kB
Progress (3): 10 kB | 1.6 MB | 86 kB
Progress (3): 10 kB | 1.6 MB | 90 kB
Progress (3): 10 kB | 1.6 MB | 94 kB
Progress (3): 10 kB | 1.6 MB | 96 kB
Progress (3): 10 kB | 1.6 MB | 101 kB
Progress (3): 10 kB | 1.6 MB | 105 kB
Progress (3): 10 kB | 1.6 MB | 109 kB
Progress (3): 10 kB | 1.6 MB | 112 kB
Progress (3): 10 kB | 1.6 MB | 115 kB
Progress (3): 10 kB | 1.6 MB | 118 kB
Progress (3): 10 kB | 1.6 MB | 120 kB
Progress (3): 10 kB | 1.6 MB | 123 kB
Progress (3): 10 kB | 1.6 MB | 126 kB
Progress (3): 10 kB | 1.6 MB | 130 kB
Progress (3): 10 kB | 1.6 MB | 134 kB
Progress (3): 10 kB | 1.6 MB | 137 kB
Progress (3): 10 kB | 1.6 MB | 141 kB
Progress (3): 10 kB | 1.6 MB | 145 kB
Progress (3): 10 kB | 1.6 MB | 149 kB
Progress (3): 10 kB | 1.6 MB | 151 kB
Progress (3): 10 kB | 1.6 MB | 154 kB
Progress (3): 10 kB | 1.6 MB | 157 kB
Progress (3): 10 kB | 1.6 MB | 160 kB
Progress (3): 10 kB | 1.6 MB | 164 kB
Progress (3): 10 kB | 1.6 MB | 167 kB
Progress (3): 10 kB | 1.6 MB | 170 kB
Progress (3): 10 kB | 1.6 MB | 174 kB
Progress (3): 10 kB | 1.6 MB | 177 kB
Progress (3): 10 kB | 1.6 MB | 181 kB
Progress (3): 10 kB | 1.6 MB | 183 kB
Progress (3): 10 kB | 1.6 MB | 187 kB
Progress (3): 10 kB | 1.6 MB | 190 kB
Progress (3): 10 kB | 1.6 MB | 194 kB
Progress (3): 10 kB | 1.6 MB | 199 kB
Progress (3): 10 kB | 1.6 MB | 203 kB
Progress (3): 10 kB | 1.6 MB | 207 kB
Progress (3): 10 kB | 1.6 MB | 211 kB
Progress (3): 10 kB | 1.6 MB | 213 kB
Progress (3): 10 kB | 1.6 MB | 216 kB
Progress (3): 10 kB | 1.6 MB | 220 kB
Progress (3): 10 kB | 1.6 MB | 224 kB
Progress (3): 10 kB | 1.6 MB | 228 kB
Progress (3): 10 kB | 1.6 MB | 231 kB
Progress (3): 10 kB | 1.6 MB | 235 kB
Progress (3): 10 kB | 1.6 MB | 239 kB
Progress (3): 10 kB | 1.6 MB | 243 kB
Progress (3): 10 kB | 1.6 MB | 247 kB
Progress (3): 10 kB | 1.6 MB | 249 kB
Progress (3): 10 kB | 1.6 MB | 252 kB
Progress (3): 10 kB | 1.6 MB | 255 kB
Progress (3): 10 kB | 1.6 MB | 259 kB
Progress (3): 10 kB | 1.6 MB | 263 kB
Progress (3): 10 kB | 1.6 MB | 266 kB
Progress (3): 10 kB | 1.6 MB | 270 kB
Progress (3): 10 kB | 1.6 MB | 274 kB
Progress (3): 10 kB | 1.6 MB | 278 kB
Progress (3): 10 kB | 1.6 MB | 280 kB
Progress (3): 10 kB | 1.6 MB | 283 kB
Progress (3): 10 kB | 1.6 MB | 286 kB
Progress (3): 10 kB | 1.6 MB | 288 kB
Progress (3): 10 kB | 1.6 MB | 291 kB
Progress (3): 10 kB | 1.6 MB | 295 kB
Progress (3): 10 kB | 1.6 MB | 300 kB
Progress (3): 10 kB | 1.6 MB | 304 kB
Progress (3): 10 kB | 1.6 MB | 307 kB
Progress (3): 10 kB | 1.6 MB | 310 kB
Progress (3): 10 kB | 1.6 MB | 312 kB
Progress (3): 10 kB | 1.6 MB | 316 kB
Progress (3): 10 kB | 1.6 MB | 321 kB
Progress (3): 10 kB | 1.6 MB | 324 kB
Progress (3): 10 kB | 1.6 MB | 326 kB
Progress (3): 10 kB | 1.6 MB | 330 kB
Progress (3): 10 kB | 1.6 MB | 335 kB
Progress (3): 10 kB | 1.6 MB | 339 kB
Progress (3): 10 kB | 1.6 MB | 343 kB
Progress (3): 10 kB | 1.6 MB | 345 kB
Progress (3): 10 kB | 1.6 MB | 347 kB
Progress (3): 10 kB | 1.6 MB | 351 kB
Progress (3): 10 kB | 1.6 MB | 354 kB
Progress (3): 10 kB | 1.6 MB | 359 kB
Progress (3): 10 kB | 1.6 MB | 362 kB
Progress (3): 10 kB | 1.6 MB | 366 kB
Progress (3): 10 kB | 1.6 MB | 368 kB
Progress (3): 10 kB | 1.6 MB | 371 kB
Progress (3): 10 kB | 1.6 MB | 374 kB
Progress (3): 10 kB | 1.6 MB | 377 kB
Progress (3): 10 kB | 1.6 MB | 381 kB
Progress (3): 10 kB | 1.6 MB | 384 kB
Progress (3): 10 kB | 1.6 MB | 388 kB
Progress (3): 10 kB | 1.6 MB | 392 kB
Progress (3): 10 kB | 1.6 MB | 396 kB
Progress (3): 10 kB | 1.6 MB | 399 kB
Progress (3): 10 kB | 1.6 MB | 404 kB
Progress (3): 10 kB | 1.6 MB | 408 kB
Progress (3): 10 kB | 1.6 MB | 412 kB
Progress (3): 10 kB | 1.6 MB | 415 kB
Progress (3): 10 kB | 1.6 MB | 418 kB
Progress (3): 10 kB | 1.6 MB | 421 kB
Progress (3): 10 kB | 1.6 MB | 424 kB
Progress (3): 10 kB | 1.6 MB | 428 kB
Progress (3): 10 kB | 1.6 MB | 431 kB
Progress (3): 10 kB | 1.6 MB | 434 kB
Progress (3): 10 kB | 1.6 MB | 438 kB
Progress (3): 10 kB | 1.6 MB | 443 kB
Progress (3): 10 kB | 1.6 MB | 447 kB
Progress (3): 10 kB | 1.6 MB | 451 kB
Progress (3): 10 kB | 1.6 MB | 454 kB
Progress (3): 10 kB | 1.6 MB | 458 kB
Progress (3): 10 kB | 1.6 MB | 462 kB
Progress (3): 10 kB | 1.6 MB | 467 kB
Progress (3): 10 kB | 1.6 MB | 471 kB
Progress (3): 10 kB | 1.6 MB | 474 kB
Progress (3): 10 kB | 1.6 MB | 476 kB
Progress (3): 10 kB | 1.6 MB | 480 kB
Progress (3): 10 kB | 1.6 MB | 485 kB
Progress (3): 10 kB | 1.6 MB | 489 kB
Progress (3): 10 kB | 1.6 MB | 492 kB
Progress (3): 10 kB | 1.6 MB | 495 kB
Progress (3): 10 kB | 1.6 MB | 499 kB
Progress (3): 10 kB | 1.6 MB | 503 kB
Progress (3): 10 kB | 1.6 MB | 507 kB
Progress (3): 10 kB | 1.6 MB | 511 kB
Progress (3): 10 kB | 1.6 MB | 515 kB
Progress (3): 10 kB | 1.6 MB | 517 kB
Progress (3): 10 kB | 1.6 MB | 520 kB
Progress (3): 10 kB | 1.6 MB | 523 kB
Progress (3): 10 kB | 1.6 MB | 527 kB
Progress (3): 10 kB | 1.6 MB | 531 kB
Progress (3): 10 kB | 1.6 MB | 535 kB
Progress (3): 10 kB | 1.6 MB | 539 kB
Progress (3): 10 kB | 1.6 MB | 543 kB
Progress (3): 10 kB | 1.6 MB | 545 kB
Progress (3): 10 kB | 1.6 MB | 549 kB
Progress (3): 10 kB | 1.6 MB | 554 kB
Progress (3): 10 kB | 1.6 MB | 558 kB
Progress (3): 10 kB | 1.6 MB | 562 kB
Progress (3): 10 kB | 1.6 MB | 565 kB
Progress (3): 10 kB | 1.6 MB | 569 kB
Progress (3): 10 kB | 1.6 MB | 573 kB
Progress (3): 10 kB | 1.6 MB | 577 kB
Progress (3): 10 kB | 1.6 MB | 580 kB
Progress (3): 10 kB | 1.6 MB | 584 kB
Progress (3): 10 kB | 1.6 MB | 588 kB
Progress (3): 10 kB | 1.6 MB | 592 kB
Progress (3): 10 kB | 1.6 MB | 597 kB
Progress (3): 10 kB | 1.6 MB | 599 kB
Progress (3): 10 kB | 1.6 MB | 601 kB
Progress (3): 10 kB | 1.6 MB | 604 kB
Progress (3): 10 kB | 1.6 MB | 608 kB
Progress (3): 10 kB | 1.6 MB | 612 kB
Progress (3): 10 kB | 1.6 MB | 615 kB
Progress (3): 10 kB | 1.6 MB | 618 kB
Progress (3): 10 kB | 1.6 MB | 621 kB
Progress (3): 10 kB | 1.6 MB | 625 kB
Progress (3): 10 kB | 1.6 MB | 628 kB
Progress (3): 10 kB | 1.6 MB | 631 kB
Progress (3): 10 kB | 1.6 MB | 634 kB
Progress (3): 10 kB | 1.6 MB | 638 kB
Progress (3): 10 kB | 1.6 MB | 641 kB
Progress (3): 10 kB | 1.6 MB | 645 kB
Progress (3): 10 kB | 1.6 MB | 649 kB
Progress (3): 10 kB | 1.6 MB | 653 kB
Progress (3): 10 kB | 1.6 MB | 656 kB
Progress (3): 10 kB | 1.6 MB | 660 kB
Progress (3): 10 kB | 1.6 MB | 663 kB
Progress (3): 10 kB | 1.6 MB | 666 kB
Progress (3): 10 kB | 1.6 MB | 669 kB
Progress (3): 10 kB | 1.6 MB | 671 kB
Progress (3): 10 kB | 1.6 MB | 674 kB
Progress (3): 10 kB | 1.6 MB | 678 kB
Progress (3): 10 kB | 1.6 MB | 681 kB
Progress (3): 10 kB | 1.6 MB | 685 kB
Progress (3): 10 kB | 1.6 MB | 689 kB
Progress (3): 10 kB | 1.6 MB | 693 kB
Progress (3): 10 kB | 1.6 MB | 698 kB
Progress (3): 10 kB | 1.6 MB | 702 kB
Progress (3): 10 kB | 1.6 MB | 705 kB
Progress (3): 10 kB | 1.6 MB | 709 kB
Progress (3): 10 kB | 1.6 MB | 713 kB
Progress (3): 10 kB | 1.6 MB | 717 kB
Progress (3): 10 kB | 1.6 MB | 721 kB
Progress (3): 10 kB | 1.6 MB | 724 kB
Progress (3): 10 kB | 1.6 MB | 727 kB
Progress (3): 10 kB | 1.6 MB | 729 kB
Progress (3): 10 kB | 1.6 MB | 732 kB
Progress (3): 10 kB | 1.6 MB | 734 kB
Progress (3): 10 kB | 1.6 MB | 737 kB
Progress (3): 10 kB | 1.6 MB | 741 kB
Progress (3): 10 kB | 1.6 MB | 744 kB
Progress (3): 10 kB | 1.6 MB | 748 kB
Progress (3): 10 kB | 1.6 MB | 751 kB
Progress (3): 10 kB | 1.6 MB | 754 kB
Progress (3): 10 kB | 1.6 MB | 757 kB
Progress (3): 10 kB | 1.6 MB | 761 kB
Progress (3): 10 kB | 1.6 MB | 764 kB
Progress (3): 10 kB | 1.6 MB | 768 kB
Progress (3): 10 kB | 1.6 MB | 772 kB
Progress (3): 10 kB | 1.6 MB | 776 kB
Progress (3): 10 kB | 1.6 MB | 781 kB
Progress (3): 10 kB | 1.6 MB | 784 kB
Progress (3): 10 kB | 1.6 MB | 788 kB
Progress (3): 10 kB | 1.6 MB | 792 kB
Progress (3): 10 kB | 1.6 MB | 795 kB
Progress (3): 10 kB | 1.6 MB | 799 kB
Progress (3): 10 kB | 1.6 MB | 802 kB
Progress (3): 10 kB | 1.6 MB | 806 kB
Progress (3): 10 kB | 1.6 MB | 810 kB
Progress (3): 10 kB | 1.6 MB | 814 kB
Progress (3): 10 kB | 1.6 MB | 817 kB
Progress (3): 10 kB | 1.6 MB | 822 kB
Progress (3): 10 kB | 1.6 MB | 826 kB
Progress (3): 10 kB | 1.6 MB | 830 kB
Progress (3): 10 kB | 1.6 MB | 834 kB
Progress (3): 10 kB | 1.6 MB | 838 kB
Progress (3): 10 kB | 1.6 MB | 842 kB
Progress (3): 10 kB | 1.6 MB | 846 kB
Progress (3): 10 kB | 1.6 MB | 849 kB
Progress (3): 10 kB | 1.6 MB | 852 kB
Progress (3): 10 kB | 1.6 MB | 855 kB
Progress (3): 10 kB | 1.6 MB | 859 kB
Progress (3): 10 kB | 1.6 MB | 863 kB
Progress (3): 10 kB | 1.6 MB | 866 kB
Progress (3): 10 kB | 1.6 MB | 869 kB
Progress (3): 10 kB | 1.6 MB | 873 kB
Progress (3): 10 kB | 1.6 MB | 877 kB
Progress (3): 10 kB | 1.6 MB | 881 kB
Progress (3): 10 kB | 1.6 MB | 885 kB
Progress (3): 10 kB | 1.6 MB | 889 kB
Progress (3): 10 kB | 1.6 MB | 893 kB
Progress (3): 10 kB | 1.6 MB | 897 kB
Progress (3): 10 kB | 1.6 MB | 901 kB
Progress (3): 10 kB | 1.6 MB | 905 kB
Progress (3): 10 kB | 1.6 MB | 909 kB
Progress (3): 10 kB | 1.6 MB | 914 kB
Progress (3): 10 kB | 1.6 MB | 918 kB
Progress (3): 10 kB | 1.6 MB | 922 kB
Progress (3): 10 kB | 1.6 MB | 926 kB
Progress (3): 10 kB | 1.6 MB | 930 kB
Progress (3): 10 kB | 1.6 MB | 934 kB
Progress (3): 10 kB | 1.6 MB | 938 kB
Progress (3): 10 kB | 1.6 MB | 942 kB
Progress (3): 10 kB | 1.6 MB | 946 kB
Progress (3): 10 kB | 1.6 MB | 950 kB
Progress (3): 10 kB | 1.6 MB | 954 kB
Progress (3): 10 kB | 1.6 MB | 959 kB
Progress (3): 10 kB | 1.6 MB | 963 kB
Progress (3): 10 kB | 1.6 MB | 967 kB
Progress (3): 10 kB | 1.6 MB | 971 kB
Progress (3): 10 kB | 1.6 MB | 975 kB
Progress (3): 10 kB | 1.6 MB | 979 kB
Progress (3): 10 kB | 1.6 MB | 983 kB
Progress (3): 10 kB | 1.6 MB | 987 kB
Progress (3): 10 kB | 1.6 MB | 991 kB
Progress (3): 10 kB | 1.6 MB | 994 kB
Progress (3): 10 kB | 1.6 MB | 997 kB
Progress (3): 10 kB | 1.6 MB | 1000 kB
Progress (3): 10 kB | 1.6 MB | 1.0 MB 
Progress (3): 10 kB | 1.6 MB | 1.0 MB
Progress (3): 10 kB | 1.6 MB | 1.0 MB
Progress (3): 10 kB | 1.6 MB | 1.0 MB
Progress (3): 10 kB | 1.6 MB | 1.0 MB
Progress (3): 10 kB | 1.6 MB | 1.0 MB
Progress (3): 10 kB | 1.6 MB | 1.0 MB
Progress (3): 10 kB | 1.6 MB | 1.0 MB
Progress (3): 10 kB | 1.6 MB | 1.0 MB
Progress (3): 10 kB | 1.6 MB | 1.0 MB
Progress (3): 10 kB | 1.6 MB | 1.0 MB
Progress (3): 10 kB | 1.6 MB | 1.0 MB
Progress (3): 10 kB | 1.6 MB | 1.1 MB
Progress (3): 10 kB | 1.6 MB | 1.1 MB
Progress (3): 10 kB | 1.6 MB | 1.1 MB
Progress (3): 10 kB | 1.6 MB | 1.1 MB
Progress (3): 10 kB | 1.6 MB | 1.1 MB
Progress (3): 10 kB | 1.6 MB | 1.1 MB
Progress (3): 10 kB | 1.6 MB | 1.1 MB
Progress (3): 10 kB | 1.6 MB | 1.1 MB
Progress (3): 10 kB | 1.6 MB | 1.1 MB
Progress (3): 10 kB | 1.6 MB | 1.1 MB
Progress (3): 10 kB | 1.6 MB | 1.1 MB
Progress (3): 10 kB | 1.6 MB | 1.1 MB
Progress (3): 10 kB | 1.6 MB | 1.1 MB
Progress (3): 10 kB | 1.6 MB | 1.1 MB
Progress (3): 10 kB | 1.6 MB | 1.1 MB
Progress (3): 10 kB | 1.6 MB | 1.1 MB
Progress (3): 10 kB | 1.6 MB | 1.1 MB
Progress (3): 10 kB | 1.6 MB | 1.1 MB
Progress (3): 10 kB | 1.6 MB | 1.1 MB
Progress (3): 10 kB | 1.6 MB | 1.1 MB
Progress (3): 10 kB | 1.6 MB | 1.1 MB
Progress (3): 10 kB | 1.6 MB | 1.1 MB
Progress (3): 10 kB | 1.6 MB | 1.1 MB
Progress (3): 10 kB | 1.6 MB | 1.1 MB
Progress (3): 10 kB | 1.6 MB | 1.1 MB
Progress (3): 10 kB | 1.6 MB | 1.1 MB
Progress (3): 10 kB | 1.6 MB | 1.2 MB
Progress (3): 10 kB | 1.6 MB | 1.2 MB
Progress (3): 10 kB | 1.6 MB | 1.2 MB
Progress (3): 10 kB | 1.6 MB | 1.2 MB
Progress (3): 10 kB | 1.6 MB | 1.2 MB
Progress (3): 10 kB | 1.6 MB | 1.2 MB
Progress (3): 10 kB | 1.6 MB | 1.2 MB
Progress (3): 10 kB | 1.6 MB | 1.2 MB
Progress (3): 10 kB | 1.6 MB | 1.2 MB
Progress (3): 10 kB | 1.6 MB | 1.2 MB
Progress (3): 10 kB | 1.6 MB | 1.2 MB
Progress (3): 10 kB | 1.6 MB | 1.2 MB
Progress (3): 10 kB | 1.6 MB | 1.2 MB
Progress (3): 10 kB | 1.6 MB | 1.2 MB
Progress (3): 10 kB | 1.6 MB | 1.2 MB
Progress (3): 10 kB | 1.6 MB | 1.2 MB
Progress (3): 10 kB | 1.6 MB | 1.2 MB
Progress (3): 10 kB | 1.6 MB | 1.2 MB
Progress (3): 10 kB | 1.6 MB | 1.2 MB
Progress (3): 10 kB | 1.6 MB | 1.2 MB
Progress (3): 10 kB | 1.6 MB | 1.2 MB
Progress (3): 10 kB | 1.6 MB | 1.2 MB
Progress (3): 10 kB | 1.6 MB | 1.2 MB
Progress (3): 10 kB | 1.6 MB | 1.2 MB
Progress (3): 10 kB | 1.6 MB | 1.2 MB
Progress (3): 10 kB | 1.6 MB | 1.3 MB
Progress (3): 10 kB | 1.6 MB | 1.3 MB
Progress (3): 10 kB | 1.6 MB | 1.3 MB
Progress (3): 10 kB | 1.6 MB | 1.3 MB
Progress (3): 10 kB | 1.6 MB | 1.3 MB
Progress (3): 10 kB | 1.6 MB | 1.3 MB
Progress (3): 10 kB | 1.6 MB | 1.3 MB
Progress (3): 10 kB | 1.6 MB | 1.3 MB
Progress (3): 10 kB | 1.6 MB | 1.3 MB
Progress (3): 10 kB | 1.6 MB | 1.3 MB
Progress (3): 10 kB | 1.6 MB | 1.3 MB
Progress (3): 10 kB | 1.6 MB | 1.3 MB
Progress (3): 10 kB | 1.6 MB | 1.3 MB
Progress (3): 10 kB | 1.6 MB | 1.3 MB
Progress (3): 10 kB | 1.6 MB | 1.3 MB
Progress (3): 10 kB | 1.6 MB | 1.3 MB
Progress (3): 10 kB | 1.6 MB | 1.3 MB
Progress (3): 10 kB | 1.6 MB | 1.3 MB
Progress (3): 10 kB | 1.6 MB | 1.3 MB
Progress (3): 10 kB | 1.6 MB | 1.3 MB
Progress (3): 10 kB | 1.6 MB | 1.3 MB
Progress (3): 10 kB | 1.6 MB | 1.3 MB
Progress (3): 10 kB | 1.6 MB | 1.3 MB
Progress (3): 10 kB | 1.6 MB | 1.3 MB
Progress (3): 10 kB | 1.6 MB | 1.3 MB
Progress (3): 10 kB | 1.6 MB | 1.4 MB
Progress (3): 10 kB | 1.6 MB | 1.4 MB
Progress (3): 10 kB | 1.6 MB | 1.4 MB
Progress (3): 10 kB | 1.6 MB | 1.4 MB
Progress (3): 10 kB | 1.6 MB | 1.4 MB
Progress (3): 10 kB | 1.6 MB | 1.4 MB
Progress (3): 10 kB | 1.6 MB | 1.4 MB
Progress (3): 10 kB | 1.6 MB | 1.4 MB
Progress (3): 10 kB | 1.6 MB | 1.4 MB
Progress (3): 10 kB | 1.6 MB | 1.4 MB
Progress (3): 10 kB | 1.6 MB | 1.4 MB
Progress (3): 10 kB | 1.6 MB | 1.4 MB
Progress (3): 10 kB | 1.6 MB | 1.4 MB
Progress (3): 10 kB | 1.6 MB | 1.4 MB
Progress (3): 10 kB | 1.6 MB | 1.4 MB
Progress (3): 10 kB | 1.6 MB | 1.4 MB
Progress (3): 10 kB | 1.6 MB | 1.4 MB
Progress (3): 10 kB | 1.6 MB | 1.4 MB
Progress (3): 10 kB | 1.6 MB | 1.4 MB
Progress (3): 10 kB | 1.6 MB | 1.4 MB
Progress (3): 10 kB | 1.6 MB | 1.4 MB
Progress (3): 10 kB | 1.6 MB | 1.4 MB
Progress (3): 10 kB | 1.6 MB | 1.4 MB
Progress (3): 10 kB | 1.6 MB | 1.4 MB
Progress (3): 10 kB | 1.6 MB | 1.4 MB
Progress (3): 10 kB | 1.6 MB | 1.5 MB
Progress (3): 10 kB | 1.6 MB | 1.5 MB
Progress (3): 10 kB | 1.6 MB | 1.5 MB
Progress (3): 10 kB | 1.6 MB | 1.5 MB
Progress (3): 10 kB | 1.6 MB | 1.5 MB
Progress (3): 10 kB | 1.6 MB | 1.5 MB
Progress (3): 10 kB | 1.6 MB | 1.5 MB
Progress (3): 10 kB | 1.6 MB | 1.5 MB
Progress (3): 10 kB | 1.6 MB | 1.5 MB
Progress (3): 10 kB | 1.6 MB | 1.5 MB
Progress (3): 10 kB | 1.6 MB | 1.5 MB
Progress (3): 10 kB | 1.6 MB | 1.5 MB
Progress (3): 10 kB | 1.6 MB | 1.5 MB
Progress (3): 10 kB | 1.6 MB | 1.5 MB
Progress (3): 10 kB | 1.6 MB | 1.5 MB
Progress (3): 10 kB | 1.6 MB | 1.5 MB
Progress (3): 10 kB | 1.6 MB | 1.5 MB
Progress (3): 10 kB | 1.6 MB | 1.5 MB
Progress (3): 10 kB | 1.6 MB | 1.5 MB
Progress (3): 10 kB | 1.6 MB | 1.5 MB
Progress (3): 10 kB | 1.6 MB | 1.5 MB
Progress (3): 10 kB | 1.6 MB | 1.5 MB
Progress (3): 10 kB | 1.6 MB | 1.5 MB
Progress (3): 10 kB | 1.6 MB | 1.5 MB
Progress (4): 10 kB | 1.6 MB | 1.5 MB | 2.6 kB
Progress (4): 10 kB | 1.6 MB | 1.5 MB | 2.6 kB
Progress (4): 10 kB | 1.6 MB | 1.5 MB | 6.7 kB
Progress (4): 10 kB | 1.6 MB | 1.6 MB | 6.7 kB
Progress (4): 10 kB | 1.6 MB | 1.6 MB | 11 kB 
Progress (4): 10 kB | 1.6 MB | 1.6 MB | 11 kB
Progress (4): 10 kB | 1.6 MB | 1.6 MB | 11 kB
Progress (4): 10 kB | 1.6 MB | 1.6 MB | 11 kB
Progress (4): 10 kB | 1.6 MB | 1.6 MB | 11 kB
Progress (4): 10 kB | 1.6 MB | 1.6 MB | 11 kB
Progress (4): 10 kB | 1.6 MB | 1.6 MB | 11 kB
Progress (4): 10 kB | 1.6 MB | 1.6 MB | 11 kB
Progress (4): 10 kB | 1.6 MB | 1.6 MB | 11 kB
Progress (4): 10 kB | 1.6 MB | 1.6 MB | 14 kB
Progress (5): 10 kB | 1.6 MB | 1.6 MB | 14 kB | 2.6 kB
Progress (5): 10 kB | 1.6 MB | 1.6 MB | 14 kB | 2.6 kB
Progress (5): 10 kB | 1.6 MB | 1.6 MB | 14 kB | 6.7 kB
                                                      
Downloaded from aiban-tianyin-core: https://aiban-maven.pkg.coding.net/repository/tianyin/core/org/apache/axis2/axis2-xmlbeans/1.8.0/axis2-xmlbeans-1.8.0.jar (10 kB at 1.8 kB/s)
Progress (4): 1.6 MB | 1.6 MB | 14 kB | 6.7 kB
                                              
Downloading from aiban-tianyin-core: https://aiban-maven.pkg.coding.net/repository/tianyin/core/org/apache/axis2/addressing/1.8.0/addressing-1.8.0.mar
Progress (4): 1.6 MB | 1.6 MB | 14 kB | 6.7 kB
Progress (4): 1.6 MB | 1.6 MB | 15 kB | 6.7 kB
Progress (4): 1.6 MB | 1.6 MB | 15 kB | 11 kB 
Progress (4): 1.6 MB | 1.6 MB | 15 kB | 11 kB
Progress (4): 1.6 MB | 1.6 MB | 15 kB | 11 kB
                                             
Downloaded from aiban-tianyin-core: https://aiban-maven.pkg.coding.net/repository/tianyin/core/org/springframework/spring-web/5.3.13/spring-web-5.3.13.jar (1.6 MB at 287 kB/s)
Downloading from aiban-tianyin-core: https://aiban-maven.pkg.coding.net/repository/tianyin/core/org/apache/axis2/axis2-transport-base/1.8.0/axis2-transport-base-1.8.0.jar
Progress (3): 1.6 MB | 15 kB | 11 kB
Progress (3): 1.6 MB | 15 kB | 11 kB
Progress (3): 1.6 MB | 15 kB | 11 kB
Progress (3): 1.6 MB | 15 kB | 11 kB
Progress (3): 1.6 MB | 15 kB | 11 kB
Progress (3): 1.6 MB | 15 kB | 11 kB
Progress (3): 1.6 MB | 15 kB | 11 kB
Progress (3): 1.6 MB | 15 kB | 11 kB
Progress (3): 1.6 MB | 15 kB | 11 kB
Progress (3): 1.6 MB | 15 kB | 11 kB
Progress (3): 1.6 MB | 15 kB | 11 kB
Progress (3): 1.7 MB | 15 kB | 11 kB
Progress (3): 1.7 MB | 15 kB | 11 kB
Progress (3): 1.7 MB | 15 kB | 11 kB
Progress (3): 1.7 MB | 15 kB | 11 kB
Progress (3): 1.7 MB | 15 kB | 11 kB
Progress (3): 1.7 MB | 15 kB | 11 kB
Progress (3): 1.7 MB | 15 kB | 11 kB
Progress (3): 1.7 MB | 15 kB | 11 kB
Progress (3): 1.7 MB | 15 kB | 11 kB
Progress (3): 1.7 MB | 15 kB | 11 kB
Progress (3): 1.7 MB | 15 kB | 11 kB
Progress (3): 1.7 MB | 15 kB | 11 kB
Progress (3): 1.7 MB | 15 kB | 11 kB
Progress (3): 1.7 MB | 15 kB | 11 kB
Progress (3): 1.7 MB | 15 kB | 11 kB
Progress (3): 1.7 MB | 15 kB | 11 kB
Progress (3): 1.7 MB | 15 kB | 11 kB
Progress (3): 1.7 MB | 15 kB | 11 kB
Progress (3): 1.7 MB | 15 kB | 11 kB
Progress (3): 1.7 MB | 15 kB | 11 kB
Progress (3): 1.7 MB | 15 kB | 11 kB
Progress (3): 1.7 MB | 15 kB | 11 kB
Progress (3): 1.7 MB | 15 kB | 11 kB
Progress (3): 1.7 MB | 15 kB | 11 kB
Progress (3): 1.7 MB | 15 kB | 11 kB
Progress (3): 1.8 MB | 15 kB | 11 kB
Progress (3): 1.8 MB | 15 kB | 11 kB
Progress (3): 1.8 MB | 15 kB | 11 kB
Progress (3): 1.8 MB | 15 kB | 11 kB
Progress (3): 1.8 MB | 15 kB | 11 kB
Progress (3): 1.8 MB | 15 kB | 11 kB
Progress (3): 1.8 MB | 15 kB | 11 kB
Progress (3): 1.8 MB | 15 kB | 11 kB
Progress (3): 1.8 MB | 15 kB | 11 kB
Progress (3): 1.8 MB | 15 kB | 11 kB
Progress (3): 1.8 MB | 15 kB | 11 kB
Progress (3): 1.8 MB | 15 kB | 11 kB
Progress (3): 1.8 MB | 15 kB | 11 kB
Progress (3): 1.8 MB | 15 kB | 11 kB
Progress (3): 1.8 MB | 15 kB | 11 kB
Progress (3): 1.8 MB | 15 kB | 11 kB
Progress (3): 1.8 MB | 15 kB | 11 kB
Progress (3): 1.8 MB | 15 kB | 11 kB
Progress (3): 1.8 MB | 15 kB | 11 kB
Progress (3): 1.8 MB | 15 kB | 11 kB
Progress (3): 1.8 MB | 15 kB | 11 kB
Progress (3): 1.8 MB | 15 kB | 11 kB
Progress (3): 1.8 MB | 15 kB | 11 kB
Progress (3): 1.8 MB | 15 kB | 11 kB
Progress (3): 1.8 MB | 15 kB | 11 kB
Progress (3): 1.9 MB | 15 kB | 11 kB
Progress (3): 1.9 MB | 15 kB | 11 kB
Progress (3): 1.9 MB | 15 kB | 11 kB
Progress (3): 1.9 MB | 15 kB | 11 kB
Progress (3): 1.9 MB | 15 kB | 11 kB
Progress (3): 1.9 MB | 15 kB | 11 kB
Progress (3): 1.9 MB | 15 kB | 11 kB
Progress (3): 1.9 MB | 15 kB | 11 kB
Progress (3): 1.9 MB | 15 kB | 11 kB
Progress (3): 1.9 MB | 15 kB | 11 kB
Progress (3): 1.9 MB | 15 kB | 11 kB
Progress (3): 1.9 MB | 15 kB | 11 kB
Progress (3): 1.9 MB | 15 kB | 11 kB
Progress (3): 1.9 MB | 15 kB | 11 kB
Progress (3): 1.9 MB | 15 kB | 11 kB
Progress (3): 1.9 MB | 15 kB | 11 kB
Progress (3): 1.9 MB | 15 kB | 11 kB
Progress (3): 1.9 MB | 15 kB | 11 kB
Progress (3): 1.9 MB | 15 kB | 11 kB
Progress (3): 1.9 MB | 15 kB | 11 kB
Progress (3): 1.9 MB | 15 kB | 11 kB
Progress (3): 1.9 MB | 15 kB | 11 kB
Progress (3): 1.9 MB | 15 kB | 11 kB
Progress (3): 1.9 MB | 15 kB | 11 kB
Progress (3): 1.9 MB | 15 kB | 11 kB
Progress (3): 1.9 MB | 15 kB | 11 kB
Progress (3): 2.0 MB | 15 kB | 11 kB
Progress (3): 2.0 MB | 15 kB | 11 kB
Progress (3): 2.0 MB | 15 kB | 11 kB
Progress (3): 2.0 MB | 15 kB | 11 kB
Progress (3): 2.0 MB | 15 kB | 11 kB
Progress (3): 2.0 MB | 15 kB | 11 kB
Progress (3): 2.0 MB | 15 kB | 11 kB
Progress (3): 2.0 MB | 15 kB | 11 kB
Progress (3): 2.0 MB | 15 kB | 11 kB
Progress (3): 2.0 MB | 15 kB | 11 kB
Progress (3): 2.0 MB | 15 kB | 11 kB
Progress (3): 2.0 MB | 15 kB | 11 kB
Progress (3): 2.0 MB | 15 kB | 11 kB
Progress (3): 2.0 MB | 15 kB | 11 kB
Progress (3): 2.0 MB | 15 kB | 11 kB
Progress (3): 2.0 MB | 15 kB | 11 kB
Progress (3): 2.0 MB | 15 kB | 11 kB
Progress (3): 2.0 MB | 15 kB | 11 kB
Progress (3): 2.0 MB | 15 kB | 11 kB
Progress (3): 2.0 MB | 15 kB | 11 kB
Progress (3): 2.0 MB | 15 kB | 11 kB
Progress (3): 2.0 MB | 15 kB | 11 kB
Progress (3): 2.0 MB | 15 kB | 11 kB
Progress (3): 2.0 MB | 15 kB | 11 kB
Progress (3): 2.0 MB | 15 kB | 11 kB
Progress (3): 2.1 MB | 15 kB | 11 kB
Progress (3): 2.1 MB | 15 kB | 11 kB
Progress (3): 2.1 MB | 15 kB | 11 kB
Progress (3): 2.1 MB | 15 kB | 11 kB
Progress (3): 2.1 MB | 15 kB | 11 kB
Progress (3): 2.1 MB | 15 kB | 11 kB
Progress (3): 2.1 MB | 15 kB | 11 kB
Progress (3): 2.1 MB | 15 kB | 11 kB
Progress (3): 2.1 MB | 15 kB | 11 kB
Progress (3): 2.1 MB | 15 kB | 11 kB
Progress (3): 2.1 MB | 15 kB | 14 kB
Progress (3): 2.1 MB | 15 kB | 14 kB
Progress (3): 2.1 MB | 15 kB | 15 kB
Progress (3): 2.1 MB | 15 kB | 15 kB
Progress (3): 2.1 MB | 15 kB | 15 kB
Progress (3): 2.1 MB | 15 kB | 15 kB
Progress (3): 2.1 MB | 15 kB | 15 kB
Progress (3): 2.1 MB | 15 kB | 15 kB
Progress (3): 2.1 MB | 15 kB | 15 kB
Progress (3): 2.1 MB | 15 kB | 15 kB
Progress (3): 2.1 MB | 15 kB | 15 kB
Progress (3): 2.1 MB | 15 kB | 15 kB
Progress (3): 2.1 MB | 15 kB | 15 kB
Progress (3): 2.1 MB | 15 kB | 15 kB
Progress (3): 2.1 MB | 15 kB | 15 kB
Progress (3): 2.1 MB | 15 kB | 15 kB
Progress (3): 2.1 MB | 15 kB | 15 kB
Progress (3): 2.2 MB | 15 kB | 15 kB
Progress (3): 2.2 MB | 15 kB | 15 kB
Progress (3): 2.2 MB | 15 kB | 15 kB
Progress (3): 2.2 MB | 15 kB | 15 kB
Progress (3): 2.2 MB | 15 kB | 15 kB
Progress (3): 2.2 MB | 15 kB | 15 kB
Progress (3): 2.2 MB | 15 kB | 15 kB
Progress (3): 2.2 MB | 15 kB | 15 kB
Progress (3): 2.2 MB | 15 kB | 15 kB
Progress (3): 2.2 MB | 15 kB | 15 kB
Progress (3): 2.2 MB | 15 kB | 15 kB
Progress (3): 2.2 MB | 15 kB | 15 kB
                                    
Downloaded from aiban-tianyin-core: https://aiban-maven.pkg.coding.net/repository/tianyin/core/org/apache/xmlbeans/xmlbeans/5.0.3/xmlbeans-5.0.3.jar (2.2 MB at 373 kB/s)
Downloading from aiban-tianyin-core: https://aiban-maven.pkg.coding.net/repository/tianyin/core/org/apache/axis2/axis2-transport-http/1.8.0/axis2-transport-http-1.8.0.jar
Downloaded from aiban-tianyin-core: https://aiban-maven.pkg.coding.net/repository/tianyin/core/org/apache/axis2/axis2-spring/1.8.0/axis2-spring-1.8.0.jar (15 kB at 2.6 kB/s)
Downloading from aiban-tianyin-core: https://aiban-maven.pkg.coding.net/repository/tianyin/core/org/apache/axis2/axis2-transport-jms/1.8.0/axis2-transport-jms-1.8.0.jar
Progress (2): 15 kB | 3.8 kB
Progress (2): 15 kB | 7.9 kB
Progress (2): 15 kB | 11 kB 
Progress (2): 15 kB | 14 kB
Progress (2): 15 kB | 16 kB
Progress (2): 15 kB | 20 kB
Progress (2): 15 kB | 25 kB
Progress (2): 15 kB | 29 kB
Progress (2): 15 kB | 33 kB
Progress (2): 15 kB | 37 kB
Progress (2): 15 kB | 39 kB
Progress (2): 15 kB | 42 kB
Progress (2): 15 kB | 45 kB
Progress (2): 15 kB | 49 kB
                           
Downloaded from aiban-tianyin-core: https://aiban-maven.pkg.coding.net/repository/tianyin/core/org/apache/axis2/axis2-mtompolicy/1.8.0/axis2-mtompolicy-1.8.0.jar (15 kB at 2.6 kB/s)
Downloading from aiban-tianyin-core: https://aiban-maven.pkg.coding.net/repository/tianyin/core/org/apache/axis2/axis2-transport-local/1.8.0/axis2-transport-local-1.8.0.jar
Progress (1): 53 kB
Progress (1): 57 kB
Progress (1): 61 kB
Progress (1): 63 kB
Progress (1): 67 kB
Progress (1): 70 kB
Progress (1): 75 kB
Progress (1): 79 kB
Progress (1): 83 kB
Progress (1): 87 kB
Progress (1): 89 kB
Progress (1): 92 kB
Progress (1): 95 kB
Progress (1): 98 kB
Progress (1): 100 kB
Progress (1): 103 kB
Progress (1): 107 kB
Progress (1): 108 kB
Progress (2): 108 kB | 4.1 kB
Progress (2): 108 kB | 8.2 kB
Progress (2): 108 kB | 11 kB 
Progress (2): 108 kB | 14 kB
Progress (2): 108 kB | 16 kB
Progress (2): 108 kB | 20 kB
Progress (2): 108 kB | 23 kB
Progress (2): 108 kB | 28 kB
Progress (2): 108 kB | 31 kB
Progress (2): 108 kB | 35 kB
Progress (2): 108 kB | 38 kB
Progress (2): 108 kB | 41 kB
Progress (2): 108 kB | 45 kB
Progress (2): 108 kB | 49 kB
Progress (2): 108 kB | 53 kB
Progress (2): 108 kB | 56 kB
Progress (2): 108 kB | 60 kB
Progress (2): 108 kB | 63 kB
Progress (2): 108 kB | 67 kB
Progress (2): 108 kB | 70 kB
Progress (2): 108 kB | 73 kB
Progress (2): 108 kB | 75 kB
Progress (2): 108 kB | 78 kB
Progress (2): 108 kB | 81 kB
Progress (2): 108 kB | 85 kB
Progress (2): 108 kB | 89 kB
Progress (2): 108 kB | 93 kB
Progress (2): 108 kB | 97 kB
Progress (2): 108 kB | 100 kB
Progress (2): 108 kB | 102 kB
Progress (2): 108 kB | 106 kB
Progress (2): 108 kB | 110 kB
Progress (2): 108 kB | 114 kB
Progress (2): 108 kB | 119 kB
Progress (2): 108 kB | 123 kB
Progress (2): 108 kB | 127 kB
Progress (2): 108 kB | 131 kB
Progress (2): 108 kB | 135 kB
Progress (2): 108 kB | 139 kB
Progress (2): 108 kB | 142 kB
Progress (2): 108 kB | 146 kB
Progress (2): 108 kB | 146 kB
                             
Downloaded from aiban-tianyin-core: https://aiban-maven.pkg.coding.net/repository/tianyin/core/org/apache/axis2/axis2-transport-base/1.8.0/axis2-transport-base-1.8.0.jar (108 kB at 17 kB/s)
Downloading from aiban-tianyin-core: https://aiban-maven.pkg.coding.net/repository/tianyin/core/org/apache/axis2/axis2-transport-mail/1.8.0/axis2-transport-mail-1.8.0.jar
Progress (2): 146 kB | 4.0 kB
Progress (2): 146 kB | 8.1 kB
Progress (2): 146 kB | 11 kB 
Progress (2): 146 kB | 14 kB
Progress (2): 146 kB | 18 kB
Progress (3): 146 kB | 18 kB | 4.0 kB
Progress (3): 146 kB | 18 kB | 6.9 kB
Progress (3): 146 kB | 18 kB | 11 kB 
Progress (3): 146 kB | 18 kB | 14 kB
Progress (3): 146 kB | 18 kB | 18 kB
Progress (3): 146 kB | 18 kB | 21 kB
Progress (3): 146 kB | 18 kB | 24 kB
Progress (3): 146 kB | 18 kB | 26 kB
Progress (3): 146 kB | 18 kB | 31 kB
Progress (3): 146 kB | 18 kB | 35 kB
Progress (3): 146 kB | 18 kB | 38 kB
Progress (3): 146 kB | 18 kB | 42 kB
Progress (3): 146 kB | 18 kB | 46 kB
Progress (3): 146 kB | 18 kB | 49 kB
Progress (3): 146 kB | 18 kB | 51 kB
Progress (3): 146 kB | 18 kB | 56 kB
Progress (3): 146 kB | 18 kB | 60 kB
Progress (3): 146 kB | 18 kB | 63 kB
Progress (3): 146 kB | 18 kB | 67 kB
Progress (3): 146 kB | 18 kB | 70 kB
Progress (3): 146 kB | 18 kB | 74 kB
Progress (3): 146 kB | 18 kB | 77 kB
Progress (3): 146 kB | 18 kB | 81 kB
Progress (3): 146 kB | 18 kB | 85 kB
Progress (4): 146 kB | 18 kB | 85 kB | 4.1 kB
Progress (4): 146 kB | 18 kB | 85 kB | 8.2 kB
Progress (4): 146 kB | 18 kB | 85 kB | 11 kB 
                                            
Downloaded from aiban-tianyin-core: https://aiban-maven.pkg.coding.net/repository/tianyin/core/org/apache/axis2/axis2-transport-http/1.8.0/axis2-transport-http-1.8.0.jar (146 kB at 23 kB/s)
Downloading from aiban-tianyin-core: https://aiban-maven.pkg.coding.net/repository/tianyin/core/org/apache/axis2/axis2-transport-tcp/1.8.0/axis2-transport-tcp-1.8.0.jar
Progress (3): 18 kB | 85 kB | 14 kB
Progress (3): 18 kB | 85 kB | 17 kB
Progress (3): 18 kB | 85 kB | 21 kB
Progress (3): 18 kB | 85 kB | 25 kB
Progress (3): 18 kB | 85 kB | 29 kB
Progress (3): 18 kB | 85 kB | 33 kB
Progress (3): 18 kB | 85 kB | 35 kB
                                   
Downloaded from aiban-tianyin-core: https://aiban-maven.pkg.coding.net/repository/tianyin/core/org/apache/axis2/axis2-transport-local/1.8.0/axis2-transport-local-1.8.0.jar (18 kB at 2.7 kB/s)
Downloading from aiban-tianyin-core: https://aiban-maven.pkg.coding.net/repository/tianyin/core/org/apache/axis2/axis2-transport-udp/1.8.0/axis2-transport-udp-1.8.0.jar
Downloaded from aiban-tianyin-core: https://aiban-maven.pkg.coding.net/repository/tianyin/core/org/apache/axis2/axis2-transport-jms/1.8.0/axis2-transport-jms-1.8.0.jar (85 kB at 13 kB/s)
Progress (2): 35 kB | 4.0 kB
Progress (2): 35 kB | 8.1 kB
Progress (2): 35 kB | 12 kB 
Progress (2): 35 kB | 16 kB
Progress (2): 35 kB | 20 kB
Progress (2): 35 kB | 23 kB
Progress (3): 35 kB | 23 kB | 4.1 kB
Progress (3): 35 kB | 23 kB | 8.2 kB
Progress (3): 35 kB | 23 kB | 12 kB 
Progress (3): 35 kB | 23 kB | 16 kB
Progress (3): 35 kB | 23 kB | 20 kB
Progress (3): 35 kB | 23 kB | 24 kB
Progress (3): 35 kB | 23 kB | 28 kB
Progress (3): 35 kB | 23 kB | 33 kB
Progress (3): 35 kB | 23 kB | 37 kB
Progress (3): 35 kB | 23 kB | 40 kB
Progress (3): 35 kB | 23 kB | 42 kB
Progress (4): 35 kB | 23 kB | 42 kB | 4.1 kB
Progress (4): 35 kB | 23 kB | 42 kB | 8.2 kB
Progress (4): 35 kB | 23 kB | 42 kB | 12 kB 
Progress (4): 35 kB | 23 kB | 42 kB | 16 kB
Progress (4): 35 kB | 23 kB | 42 kB | 20 kB
Progress (4): 35 kB | 23 kB | 42 kB | 25 kB
Progress (4): 35 kB | 23 kB | 42 kB | 28 kB
Progress (4): 35 kB | 23 kB | 42 kB | 28 kB
                                           
Downloaded from aiban-tianyin-core: https://aiban-maven.pkg.coding.net/repository/tianyin/core/org/apache/axis2/axis2-transport-udp/1.8.0/axis2-transport-udp-1.8.0.jar (23 kB at 3.4 kB/s)
Downloaded from aiban-tianyin-core: https://aiban-maven.pkg.coding.net/repository/tianyin/core/org/apache/axis2/addressing/1.8.0/addressing-1.8.0.mar (35 kB at 5.0 kB/s)
Downloaded from aiban-tianyin-core: https://aiban-maven.pkg.coding.net/repository/tianyin/core/org/apache/axis2/axis2-transport-mail/1.8.0/axis2-transport-mail-1.8.0.jar (42 kB at 6.0 kB/s)
Downloaded from aiban-tianyin-core: https://aiban-maven.pkg.coding.net/repository/tianyin/core/org/apache/axis2/axis2-transport-tcp/1.8.0/axis2-transport-tcp-1.8.0.jar (28 kB at 4.0 kB/s)
[[1;34mINFO[m] 
[[1;34mINFO[m] [1m--- [0;32mmaven-clean-plugin:3.1.0:clean[m [1m(default-clean)[m @ [36maxis2-spring-boot-starter[0;1m ---[m
[[1;34mINFO[m] 
[[1;34mINFO[m] [1m--- [0;32mmaven-enforcer-plugin:3.0.0:enforce[m [1m(default-cli)[m @ [36maxis2-spring-boot-starter[0;1m ---[m
[[1;34mINFO[m] 
[[1;34mINFO[m] [1m--- [0;32mmaven-resources-plugin:3.1.0:resources[m [1m(default-resources)[m @ [36maxis2-spring-boot-starter[0;1m ---[m
[[1;34mINFO[m] Using 'UTF-8' encoding to copy filtered resources.
[[1;34mINFO[m] skip non existing resourceDirectory /Users/wandl/workspaces/workspace-ddd4j/workspace-ddd4j-boot-starters/axis2-spring-boot-starter/src/main/resources
[[1;34mINFO[m] skip non existing resourceDirectory /Users/wandl/workspaces/workspace-ddd4j/workspace-ddd4j-boot-starters/axis2-spring-boot-starter/src/main/resources
[[1;34mINFO[m] 
[[1;34mINFO[m] [1m--- [0;32mmaven-compiler-plugin:3.8.1:compile[m [1m(default-compile)[m @ [36maxis2-spring-boot-starter[0;1m ---[m
[[1;34mINFO[m] Changes detected - recompiling the module!
[[1;34mINFO[m] Compiling 2 source files to /Users/wandl/workspaces/workspace-ddd4j/workspace-ddd4j-boot-starters/axis2-spring-boot-starter/target/classes
[[1;34mINFO[m] 
[[1;34mINFO[m] [1m--- [0;32mmaven-resources-plugin:3.1.0:testResources[m [1m(default-testResources)[m @ [36maxis2-spring-boot-starter[0;1m ---[m
[[1;34mINFO[m] Not copying test resources
[[1;34mINFO[m] 
[[1;34mINFO[m] [1m--- [0;32mmaven-compiler-plugin:3.8.1:testCompile[m [1m(default-testCompile)[m @ [36maxis2-spring-boot-starter[0;1m ---[m
[[1;34mINFO[m] Not compiling test sources
[[1;34mINFO[m] 
[[1;34mINFO[m] [1m--- [0;32mmaven-surefire-plugin:2.22.1:test[m [1m(default-test)[m @ [36maxis2-spring-boot-starter[0;1m ---[m
[[1;34mINFO[m] Tests are skipped.
[[1;34mINFO[m] 
[[1;34mINFO[m] [1m--- [0;32mmaven-jar-plugin:3.1.1:jar[m [1m(default-jar)[m @ [36maxis2-spring-boot-starter[0;1m ---[m
[[1;34mINFO[m] Building jar: /Users/wandl/workspaces/workspace-ddd4j/workspace-ddd4j-boot-starters/axis2-spring-boot-starter/target/axis2-spring-boot-starter-2.0.1-SNAPSHOT.jar
[[1;34mINFO[m] 
[[1;34mINFO[m] [1m--- [0;32mmaven-source-plugin:3.2.1:jar-no-fork[m [1m(attach-sources)[m @ [36maxis2-spring-boot-starter[0;1m ---[m
[[1;34mINFO[m] Building jar: /Users/wandl/workspaces/workspace-ddd4j/workspace-ddd4j-boot-starters/axis2-spring-boot-starter/target/axis2-spring-boot-starter-2.0.1-SNAPSHOT-sources.jar
[[1;34mINFO[m] 
[[1;34mINFO[m] [1m--- [0;32mmaven-install-plugin:2.5.2:install[m [1m(default-install)[m @ [36maxis2-spring-boot-starter[0;1m ---[m
[[1;34mINFO[m] Installing /Users/wandl/workspaces/workspace-ddd4j/workspace-ddd4j-boot-starters/axis2-spring-boot-starter/target/axis2-spring-boot-starter-2.0.1-SNAPSHOT.jar to /Users/wandl/.m2/repository/com/github/hiwepy/axis2-spring-boot-starter/2.0.1-SNAPSHOT/axis2-spring-boot-starter-2.0.1-SNAPSHOT.jar
[[1;34mINFO[m] Installing /Users/wandl/workspaces/workspace-ddd4j/workspace-ddd4j-boot-starters/axis2-spring-boot-starter/pom.xml to /Users/wandl/.m2/repository/com/github/hiwepy/axis2-spring-boot-starter/2.0.1-SNAPSHOT/axis2-spring-boot-starter-2.0.1-SNAPSHOT.pom
[[1;34mINFO[m] Installing /Users/wandl/workspaces/workspace-ddd4j/workspace-ddd4j-boot-starters/axis2-spring-boot-starter/target/axis2-spring-boot-starter-2.0.1-SNAPSHOT-sources.jar to /Users/wandl/.m2/repository/com/github/hiwepy/axis2-spring-boot-starter/2.0.1-SNAPSHOT/axis2-spring-boot-starter-2.0.1-SNAPSHOT-sources.jar
[[1;34mINFO[m] 
[[1;34mINFO[m] [1m--- [0;32mmaven-deploy-plugin:2.8.2:deploy[m [1m(default-deploy)[m @ [36maxis2-spring-boot-starter[0;1m ---[m
[[1;34mINFO[m] Using alternate deployment repository maven-snapshots::default::https://packages.aliyun.com/5fdc0afd99b59ba3c5ead757/maven/maven-snapshots
Downloading from maven-snapshots: https://packages.aliyun.com/5fdc0afd99b59ba3c5ead757/maven/maven-snapshots/com/github/hiwepy/axis2-spring-boot-starter/2.0.1-SNAPSHOT/maven-metadata.xml
Uploading to maven-snapshots: https://packages.aliyun.com/5fdc0afd99b59ba3c5ead757/maven/maven-snapshots/com/github/hiwepy/axis2-spring-boot-starter/2.0.1-SNAPSHOT/axis2-spring-boot-starter-2.0.1-20260316.054206-1.jar
Progress (1): 4.1/8.7 kB
Progress (1): 8.2/8.7 kB
Progress (1): 8.7 kB    
                    
Uploaded to maven-snapshots: https://packages.aliyun.com/5fdc0afd99b59ba3c5ead757/maven/maven-snapshots/com/github/hiwepy/axis2-spring-boot-starter/2.0.1-SNAPSHOT/axis2-spring-boot-starter-2.0.1-20260316.054206-1.jar (8.7 kB at 8.3 kB/s)
Uploading to maven-snapshots: https://packages.aliyun.com/5fdc0afd99b59ba3c5ead757/maven/maven-snapshots/com/github/hiwepy/axis2-spring-boot-starter/2.0.1-SNAPSHOT/axis2-spring-boot-starter-2.0.1-20260316.054206-1.pom
Progress (1): 4.1/30 kB
Progress (1): 8.2/30 kB
Progress (1): 12/30 kB 
Progress (1): 16/30 kB
Progress (1): 20/30 kB
Progress (1): 25/30 kB
Progress (1): 29/30 kB
Progress (1): 30 kB   
                   
Uploaded to maven-snapshots: https://packages.aliyun.com/5fdc0afd99b59ba3c5ead757/maven/maven-snapshots/com/github/hiwepy/axis2-spring-boot-starter/2.0.1-SNAPSHOT/axis2-spring-boot-starter-2.0.1-20260316.054206-1.pom (30 kB at 33 kB/s)
Downloading from maven-snapshots: https://packages.aliyun.com/5fdc0afd99b59ba3c5ead757/maven/maven-snapshots/com/github/hiwepy/axis2-spring-boot-starter/maven-metadata.xml
Uploading to maven-snapshots: https://packages.aliyun.com/5fdc0afd99b59ba3c5ead757/maven/maven-snapshots/com/github/hiwepy/axis2-spring-boot-starter/2.0.1-SNAPSHOT/maven-metadata.xml
Progress (1): 792 B
                   
Uploaded to maven-snapshots: https://packages.aliyun.com/5fdc0afd99b59ba3c5ead757/maven/maven-snapshots/com/github/hiwepy/axis2-spring-boot-starter/2.0.1-SNAPSHOT/maven-metadata.xml (792 B at 587 B/s)
Uploading to maven-snapshots: https://packages.aliyun.com/5fdc0afd99b59ba3c5ead757/maven/maven-snapshots/com/github/hiwepy/axis2-spring-boot-starter/maven-metadata.xml
Progress (1): 302 B
                   
Uploaded to maven-snapshots: https://packages.aliyun.com/5fdc0afd99b59ba3c5ead757/maven/maven-snapshots/com/github/hiwepy/axis2-spring-boot-starter/maven-metadata.xml (302 B at 302 B/s)
Uploading to maven-snapshots: https://packages.aliyun.com/5fdc0afd99b59ba3c5ead757/maven/maven-snapshots/com/github/hiwepy/axis2-spring-boot-starter/2.0.1-SNAPSHOT/axis2-spring-boot-starter-2.0.1-20260316.054206-1-sources.jar
Progress (1): 4.1/7.8 kB
Progress (1): 7.8 kB    
                    
Uploaded to maven-snapshots: https://packages.aliyun.com/5fdc0afd99b59ba3c5ead757/maven/maven-snapshots/com/github/hiwepy/axis2-spring-boot-starter/2.0.1-SNAPSHOT/axis2-spring-boot-starter-2.0.1-20260316.054206-1-sources.jar (7.8 kB at 6.5 kB/s)
Uploading to maven-snapshots: https://packages.aliyun.com/5fdc0afd99b59ba3c5ead757/maven/maven-snapshots/com/github/hiwepy/axis2-spring-boot-starter/2.0.1-SNAPSHOT/maven-metadata.xml
Progress (1): 1.0 kB
                    
Uploaded to maven-snapshots: https://packages.aliyun.com/5fdc0afd99b59ba3c5ead757/maven/maven-snapshots/com/github/hiwepy/axis2-spring-boot-starter/2.0.1-SNAPSHOT/maven-metadata.xml (1.0 kB at 1.1 kB/s)
[[1;34mINFO[m] [1m------------------------------------------------------------------------[m
[[1;34mINFO[m] [1;32mBUILD SUCCESS[m
[[1;34mINFO[m] [1m------------------------------------------------------------------------[m
[[1;34mINFO[m] Total time:  50.519 s
[[1;34mINFO[m] Finished at: 2026-03-16T13:42:13+08:00
[[1;34mINFO[m] [1m------------------------------------------------------------------------[m
[axis2-spring-boot-starter/master] 成功
